customerID,tenure,MonthlyCharges,Contract,InternetService,Churn,NumServices,ContractMonths,uplift_X_T_MonthToMonth,Churn_Probability,Risk_Level,segment
7590-VHVEG,1,29.85,Month-to-month,DSL,0,1,1,0.0966976775418543,0.07368632368354172,Low,Sure Thing
5575-GNVDE,34,56.95,One year,DSL,0,2,12,-0.0153344096546407,0.014062545752664942,Low,Sleeping Dog
3668-QPYBK,2,53.85,Month-to-month,DSL,1,2,1,-0.0489910386404601,0.005343028631624981,Low,Sleeping Dog
7795-CFOCW,45,42.3,One year,DSL,0,3,12,-0.1507321285203929,0.008857089779201173,Low,Sleeping Dog
9237-HQITU,2,70.7,Month-to-month,Fiber optic,1,0,1,-0.1023665415119428,0.04585747854731431,Low,Sleeping Dog
9305-CDSKC,8,99.65,Month-to-month,Fiber optic,1,3,1,-0.1241052458807,0.0070549369279832505,Low,Sleeping Dog
1452-KIOVK,22,89.1,Month-to-month,Fiber optic,0,2,1,-0.1495900298800166,0.6671321966770661,High,Lost Cause
6713-OKOMC,10,29.75,Month-to-month,DSL,0,1,1,0.2479050685117646,0.2524735887904736,Low,Sure Thing
7892-POOKP,28,104.8,Month-to-month,Fiber optic,1,4,1,-0.1497639555156823,0.0012312622976028828,Low,Sleeping Dog
6388-TABGU,62,56.15,One year,DSL,0,2,12,-0.0575610992438695,0.20190654605027744,Low,Sleeping Dog
9763-GRSKD,13,49.95,Month-to-month,DSL,0,1,1,-0.0496075958682099,0.19628874497877666,Low,Sleeping Dog
7469-LKBCI,16,18.95,Two year,No,0,0,24,0.3106788684889788,0.7213891065233687,High,Persuadable
8091-TTVAX,58,100.35,One year,Fiber optic,0,3,12,-0.1434727003399177,0.06295042070193228,Low,Sleeping Dog
0280-XJGEX,49,103.7,Month-to-month,Fiber optic,1,4,1,-0.2235060519926404,0.13492784015220136,Low,Sleeping Dog
5129-JLPIS,25,105.5,Month-to-month,Fiber optic,0,5,1,-0.1497639555156823,0.022828568126799297,Low,Sleeping Dog
3655-SNQYZ,69,113.25,Two year,Fiber optic,0,6,24,0.1547232589241218,0.357253030824572,Medium,Persuadable
8191-XWSZG,52,20.65,One year,No,0,0,12,0.3014756659550562,0.6626005942106542,High,Persuadable
9959-WOFKT,71,106.7,Two year,Fiber optic,0,4,24,0.2081905560646327,0.029249140621872602,Low,Sure Thing
4190-MFLUW,10,55.2,Month-to-month,DSL,1,2,1,-0.0429225213336422,0.0370088060897583,Low,Sleeping Dog
4183-MYFRB,21,90.05,Month-to-month,Fiber optic,0,3,1,-0.1495900298800166,0.4591306129974208,Medium,Lost Cause
8779-QRDMV,1,39.65,Month-to-month,DSL,1,2,1,-0.3322638787828313,0.20322700823163442,Low,Sleeping Dog
1680-VDCWW,12,19.8,One year,No,0,0,12,0.2971134563466525,0.017181786276163912,Low,Sure Thing
1066-JKSGK,1,20.15,Month-to-month,No,1,0,1,0.278060819952042,0.001901295049785441,Low,Sure Thing
3638-WEABW,58,59.9,Two year,DSL,0,2,24,-0.0303063541897525,0.00912882318846977,Low,Sleeping Dog
6322-HRPFA,49,59.6,Month-to-month,DSL,0,3,1,-0.0304446781865736,0.7116333425547802,High,Lost Cause
6865-JZNKO,30,55.3,Month-to-month,DSL,0,2,1,-0.0657294065981742,0.5852537920875198,Medium,Lost Cause
6467-CHFZW,47,99.35,Month-to-month,Fiber optic,1,3,1,-0.1283624318079849,0.7071579780942999,High,Lost Cause
8665-UTDHZ,1,30.2,Month-to-month,DSL,1,1,1,-0.4738723687144244,0.0016206148285817623,Low,Sleeping Dog
5248-YGIJN,72,90.25,Two year,DSL,0,6,24,-0.068941026666363,0.04749222901873947,Low,Sleeping Dog
8773-HHUOZ,17,64.7,Month-to-month,DSL,1,2,1,-0.0464221368511466,0.7154827663943792,High,Lost Cause
3841-NFECX,71,96.35,Two year,Fiber optic,0,4,24,-0.0844929498556276,0.2221248274822215,Low,Sleeping Dog
4929-XIHVW,2,95.5,Month-to-month,Fiber optic,0,3,1,0.0773433373065791,0.010179854782238769,Low,Sure Thing
6827-IEAUQ,27,66.15,One year,DSL,0,4,12,-0.0636810894932372,0.17852550013659518,Low,Sleeping Dog
7310-EGVHZ,1,20.2,Month-to-month,No,0,0,1,0.278060819952042,0.07942902523285615,Low,Sure Thing
3413-BMNZE,1,45.25,Month-to-month,DSL,0,0,1,-0.1340528840520785,0.6244005333380968,High,Lost Cause
6234-RAAPL,72,99.9,Two year,Fiber optic,0,4,24,-0.0679258736079587,0.3728806487948759,Medium,Lost Cause
6047-YHPVI,5,69.7,Month-to-month,Fiber optic,1,0,1,-0.1495983281419811,0.03130754173074147,Low,Sleeping Dog
6572-ADKRS,46,74.8,Month-to-month,Fiber optic,0,1,1,-0.155834453108037,0.010812465485087089,Low,Sleeping Dog
5380-WJKOV,34,106.35,Month-to-month,Fiber optic,1,4,1,-0.1972611931234846,0.35930703590782076,Medium,Lost Cause
8168-UQWWF,11,97.85,Month-to-month,Fiber optic,1,3,1,-0.0703609299668033,0.0026621047759878614,Low,Sleeping Dog
8865-TNMNX,10,49.55,One year,DSL,0,1,12,-0.0549774751715577,0.019418031386076593,Low,Sleeping Dog
9489-DEDVP,70,69.2,Two year,DSL,0,3,24,-0.0344107116836984,0.47998767688480576,Medium,Lost Cause
9867-JCZSP,17,20.75,One year,No,0,0,12,0.3080748297183739,0.2929360465351179,Low,Sure Thing
4671-VJLCL,63,79.85,Two year,DSL,0,5,24,-0.1392562601674915,0.01317830086030624,Low,Sleeping Dog
4080-IIARD,13,76.2,Month-to-month,DSL,0,4,1,-0.1835252186563282,0.0073013399511883,Low,Sleeping Dog
3714-NTNFO,49,84.5,Month-to-month,Fiber optic,0,1,1,-0.1543037125018716,0.5728126509064239,Medium,Lost Cause
5948-UJZLF,2,49.25,Month-to-month,DSL,0,1,1,-0.0610459924783757,0.6260232182421298,High,Lost Cause
7760-OYPDY,2,80.65,Month-to-month,Fiber optic,1,1,1,-0.0242949976125432,0.6346339092377596,High,Lost Cause
7639-LIAYI,52,79.75,Two year,DSL,0,4,24,-0.1508548238658658,0.7243435993070606,High,Lost Cause
2954-PIBKO,69,64.15,Two year,DSL,0,3,24,-0.0019232938436765,0.0071817901249268375,Low,Sleeping Dog
8012-SOUDQ,43,90.25,Month-to-month,Fiber optic,0,2,1,-0.1724720328848779,0.0022075202389064837,Low,Sleeping Dog
9420-LOJKX,15,99.1,Month-to-month,Fiber optic,1,4,1,-0.1451353854304868,0.5694970016997506,Medium,Lost Cause
6575-SUVOI,25,69.5,Month-to-month,DSL,0,3,1,-0.155418884173906,0.4419915879026106,Medium,Lost Cause
7495-OOKFY,8,80.65,Month-to-month,Fiber optic,1,1,1,-0.1844270962853715,0.5752613564955394,Medium,Lost Cause
4667-QONEA,60,74.85,One year,DSL,0,5,12,-0.1130550426212951,0.5929866616829428,Medium,Lost Cause
1658-BYGOY,18,95.45,Month-to-month,Fiber optic,1,2,1,-0.1536496898371672,0.02871520684918157,Low,Sleeping Dog
8769-KKTPH,63,99.65,One year,Fiber optic,0,3,12,-0.1318741366415435,0.8690224572402729,High,Lost Cause
5067-XJQFU,66,108.45,One year,Fiber optic,0,5,12,0.0684077673382492,0.8898894082644498,High,Persuadable
3957-SQXML,34,24.95,Two year,No,0,0,24,0.3248477833408759,0.003230508574430755,Low,Sure Thing
5954-BDFSG,72,107.5,Two year,Fiber optic,0,4,24,0.0266049899643003,0.11273174471915327,Low,Sure Thing
0434-CSFON,47,100.5,Month-to-month,Fiber optic,0,3,1,0.0328765578132841,0.5280929448154733,Medium,Persuadable
1215-FIGMP,60,89.9,Month-to-month,Fiber optic,0,2,1,-0.1328892896999479,0.6526976397797534,High,Lost Cause
0526-SXDJP,72,42.1,Two year,DSL,0,3,24,-0.1339240510612141,0.7798479179404155,High,Lost Cause
0557-ASKVU,18,54.4,One year,DSL,0,2,12,-0.0375526420302944,0.5737876261792726,Medium,Lost Cause
5698-BQJOH,9,94.4,Month-to-month,Fiber optic,1,2,1,-0.1947171429797015,0.00904556485625272,Low,Sleeping Dog
5122-CYFXA,3,75.3,Month-to-month,DSL,0,4,1,-0.0623776027790588,0.8689300788348447,High,Lost Cause
8627-ZYGSZ,47,78.9,One year,Fiber optic,0,1,12,-0.155834453108037,0.008568726925906054,Low,Sleeping Dog
3410-YOQBQ,31,79.2,Two year,DSL,0,5,24,-0.1072666591587911,0.47891892334278996,Medium,Lost Cause
3170-NMYVV,50,20.15,Two year,No,0,0,24,0.2874015447877719,0.0017029947200811746,Low,Sure Thing
7410-OIEDU,10,79.85,Month-to-month,Fiber optic,0,2,1,-0.1844270962853715,0.20950539422466583,Low,Sleeping Dog
2273-QCKXA,1,49.05,Month-to-month,DSL,0,1,1,-0.3875877528005281,0.013649256823696358,Low,Sleeping Dog
0731-EBJQB,52,20.4,One year,No,0,0,12,0.3014756659550562,0.33206205540789235,Medium,Persuadable
1891-QRQSA,64,111.6,Two year,Fiber optic,0,5,24,-0.1770103949367726,0.06600249514864066,Low,Sleeping Dog
8028-PNXHQ,62,24.25,Two year,No,0,0,24,0.3020515521325539,0.7134624069121923,High,Persuadable
5630-AHZIL,3,64.5,Month-to-month,DSL,0,3,1,-0.0578605334613123,0.1521518123550792,Low,Sleeping Dog
2673-CXQEU,56,110.5,One year,Fiber optic,0,5,12,0.1088882589335908,0.011675093478227346,Low,Sure Thing
6416-JNVRK,46,55.65,One year,DSL,0,1,12,-0.0430267168894344,0.009540696279304033,Low,Sleeping Dog
5590-ZSKRV,8,54.65,Month-to-month,DSL,0,2,1,-0.0429225213336422,0.10584813300199995,Low,Sleeping Dog
0191-ZHSKZ,30,74.75,Month-to-month,DSL,0,4,1,-0.2007841712984188,0.026799028243499032,Low,Sleeping Dog
3887-PBQAO,45,25.9,One year,No,0,0,12,0.3248477833408759,0.00327588410913153,Low,Sure Thing
5919-TMRGD,1,79.35,Month-to-month,Fiber optic,1,1,1,-0.3364827905478125,0.4608117064303303,Medium,Lost Cause
8108-UXRQN,11,50.55,Month-to-month,DSL,0,3,1,-0.0549774751715577,0.002122635381958882,Low,Sleeping Dog
9191-MYQKX,7,75.15,Month-to-month,Fiber optic,1,1,1,-0.188895097959676,0.07065582953524613,Low,Sleeping Dog
9919-YLNNG,42,103.8,Month-to-month,Fiber optic,0,5,1,-0.2083957834607075,0.1949825557726499,Low,Sleeping Dog
0318-ZOPWS,49,20.15,Two year,No,0,0,24,0.2874015447877719,0.5163648340712925,Medium,Persuadable
4445-ZJNMU,9,99.3,Month-to-month,Fiber optic,0,3,1,-0.1241052458807,0.00907019024338425,Low,Sleeping Dog
4808-YNLEU,35,62.15,One year,DSL,0,2,12,0.0121829286915625,0.7372974823423665,High,Persuadable
1862-QRWPE,48,20.65,Two year,No,0,0,24,0.3014756659550562,0.07399028814000988,Low,Sure Thing
2796-NNUFI,46,19.95,Two year,No,0,0,24,0.3107736621735916,0.2329248285088963,Low,Sure Thing
3016-KSVCP,29,33.75,Month-to-month,DSL,0,1,1,-0.1431749481826455,0.021708028440645063,Low,Sleeping Dog
4767-HZZHQ,30,82.05,Month-to-month,Fiber optic,0,2,1,-0.1963161696241143,0.338078217185255,Medium,Lost Cause
2424-WVHPL,1,74.7,Month-to-month,Fiber optic,0,1,1,-3.350675737787557,0.35114941678337813,Medium,Lost Cause
7233-PAHHL,66,84.0,Two year,DSL,0,5,24,-0.1427051488034974,0.12703574974353612,Low,Sleeping Dog
6067-NGCEU,65,111.05,Month-to-month,Fiber optic,0,5,1,0.1283838630914809,0.8670121613203773,High,Persuadable
9848-JQJTX,72,100.9,Two year,Fiber optic,0,4,24,-0.0912352460079429,0.0249713349885984,Low,Sleeping Dog
8637-XJIVR,12,78.95,Month-to-month,Fiber optic,1,1,1,-0.1772557448634298,0.031045007687761774,Low,Sleeping Dog
9803-FTJCG,71,66.85,One year,DSL,0,3,12,-0.0019232938436765,0.07402900163805788,Low,Sleeping Dog
0278-YXOOG,5,21.05,Month-to-month,No,1,0,1,0.2934797071108728,0.7860521587815702,High,Persuadable
3212-KXOCR,52,21.0,Two year,No,0,0,24,0.3014756659550562,0.002510588068471325,Low,Sure Thing
4598-XLKNJ,25,98.5,Month-to-month,Fiber optic,1,4,1,-0.1818264544050471,0.8106034786634755,High,Lost Cause
6380-ARCEH,1,20.2,Month-to-month,No,0,0,1,0.278060819952042,0.030282028690886215,Low,Sure Thing
3679-XASPY,1,19.45,Month-to-month,No,0,0,1,0.278060819952042,0.5091196682639196,Medium,Persuadable
7123-WQUHX,38,95.0,One year,Fiber optic,0,3,12,-0.1293775848663892,0.8144737922101907,High,Lost Cause
5386-THSLQ,66,45.55,One year,DSL,0,3,12,-0.0404397491734427,0.021365743444706754,Low,Sleeping Dog
3192-NQECA,68,110.0,Two year,Fiber optic,1,5,24,0.1527709701109826,0.8407575032254896,High,Persuadable
6180-YBIQI,5,24.3,Month-to-month,DSL,0,0,1,0.2934797071108728,0.5948418983206966,Medium,Persuadable
6728-DKUCO,72,104.15,One year,Fiber optic,0,4,12,-0.0608999244718934,0.009936750560732193,Low,Sleeping Dog
9750-BOOHV,32,30.15,One year,DSL,0,1,12,-0.2366769939265213,0.12440162345734786,Low,Sleeping Dog
8597-CWYHH,43,94.35,One year,Fiber optic,0,2,12,-0.1293775848663892,0.0849610488644184,Low,Sleeping Dog
2848-YXSMW,72,19.4,Two year,No,0,0,24,0.2543004633347139,0.0035384421734992295,Low,Sure Thing
0486-HECZI,55,96.75,Month-to-month,Fiber optic,1,3,1,-0.1519870047465982,0.6418596859284472,High,Lost Cause
4549-ZDQYY,52,57.95,One year,DSL,0,3,12,-0.0304446781865736,0.05611317329504434,Low,Sleeping Dog
5712-AHQNN,43,91.65,Month-to-month,Fiber optic,0,3,1,-0.1293775848663892,0.9046264745636511,High,Lost Cause
4846-WHAFZ,37,76.5,Month-to-month,Fiber optic,1,0,1,-0.1989289011265257,0.08800926550980741,Low,Sleeping Dog
5256-SKJGO,64,54.6,Two year,DSL,0,4,24,-0.0353140707622275,0.6475843971513102,High,Lost Cause
3071-VBYPO,3,89.85,Month-to-month,Fiber optic,0,3,1,0.0239380469780943,0.740790297874326,High,Persuadable
9560-BBZXK,36,31.05,Two year,DSL,0,1,24,-0.0982252299922637,0.5486944599401727,Medium,Lost Cause
5299-RULOA,10,100.25,Month-to-month,Fiber optic,1,3,1,-0.1774424980358419,0.4695166919904603,Medium,Lost Cause
8402-OOOHJ,41,20.65,Two year,No,0,0,24,0.3248477833408759,0.1591412807472241,Low,Sure Thing
9445-ZUEQE,27,85.2,Month-to-month,Fiber optic,0,2,1,-0.1841431621603205,0.7094953378350048,High,Lost Cause
1091-SOZGA,56,99.8,One year,Fiber optic,0,3,12,-0.1434727003399177,0.3264023854576154,Medium,Lost Cause
2928-HLDBA,6,20.7,Month-to-month,No,0,0,1,0.2995482244176907,0.7588457786137383,High,Persuadable
0404-SWRVG,3,74.4,Month-to-month,Fiber optic,1,0,1,-0.0692940297079543,0.6533631956060116,High,Lost Cause
6497-TILVL,7,50.7,Month-to-month,DSL,0,1,1,-0.0549774751715577,0.24234689872636914,Low,Sleeping Dog
7219-TLZHO,4,20.85,Month-to-month,No,0,0,1,0.2934797071108728,0.3334829970385535,Medium,Persuadable
4622-YNKIJ,33,88.95,Two year,Fiber optic,0,3,24,-0.1293775848663892,0.04270756984854108,Low,Sleeping Dog
4412-YLTKF,27,78.05,Month-to-month,Fiber optic,1,1,1,-0.2007841712984188,0.019161885414201118,Low,Sleeping Dog
6734-PSBAW,72,23.55,Two year,No,0,0,24,0.3087056166015536,0.215188784685966,Low,Sure Thing
3930-ZGWVE,1,19.75,Month-to-month,No,0,0,1,0.278060819952042,0.5641083020450632,Medium,Persuadable
2639-UGMAZ,71,56.45,One year,DSL,0,4,12,0.0394297604606195,0.03760875000195432,Low,Sure Thing
2876-GZYZC,13,85.95,Month-to-month,Fiber optic,0,1,1,-0.1482423371795192,0.017274417004128594,Low,Sleeping Dog
6207-WIOLX,25,58.6,Month-to-month,DSL,1,5,1,-0.0602841278450226,0.022988830433797607,Low,Sleeping Dog
8587-XYZSF,67,50.55,Two year,DSL,0,1,24,-0.047369024600143,0.06526326093202912,Low,Sleeping Dog
3091-FYHKI,1,35.45,Month-to-month,DSL,1,1,1,-0.3322638787828313,0.13506044180984475,Low,Sleeping Dog
2372-HWUHI,2,44.35,Month-to-month,DSL,1,0,1,-0.0847859362721762,0.7075018909110128,High,Lost Cause
7799-LGRDP,43,25.7,Two year,No,0,0,24,0.3248477833408759,0.8039564689408093,High,Persuadable
7850-VWJUU,23,75.0,Month-to-month,Fiber optic,0,1,1,-0.1760468981216644,0.7954325827199812,High,Lost Cause
3774-VBNXY,64,20.2,Two year,No,0,0,24,0.2879774309652697,0.33956132418220136,Medium,Persuadable
6217-KDYWC,57,19.6,Two year,No,0,0,24,0.2874015447877719,0.007049360478152231,Low,Sure Thing
0390-DCFDQ,1,70.45,Month-to-month,Fiber optic,1,0,1,-0.6669346471035523,0.21668250429604222,Low,Sleeping Dog
3146-MSEGF,72,88.05,Two year,DSL,0,6,24,-0.0790855971979795,0.1644450429452567,Low,Sleeping Dog
4080-OGPJL,8,71.15,Month-to-month,DSL,1,3,1,-0.156218419364147,0.004319134549352354,Low,Sleeping Dog
1095-WGNGG,61,101.05,Two year,Fiber optic,0,3,24,-0.1551835090415277,0.14042144495356224,Low,Sleeping Dog
2636-SJDOU,64,84.3,One year,Fiber optic,0,2,12,-0.1427051488034974,0.18451038196743186,Low,Sleeping Dog
1131-QQZEB,71,23.95,Two year,No,0,0,24,0.3119619861662792,0.009602495818548473,Low,Sure Thing
5716-EZXZN,65,99.05,Two year,Fiber optic,0,4,24,-0.1318741366415435,0.21301084367768808,Low,Sleeping Dog
6837-BJYDQ,3,19.6,One year,No,0,0,12,0.2794055859435885,0.5919310249954376,Medium,Persuadable
2135-RXIHG,1,45.65,Month-to-month,DSL,1,0,1,-0.1340528840520785,0.9386076849144812,High,Lost Cause
6440-DKQGE,30,64.5,One year,DSL,0,3,12,-0.0636810894932372,0.43009943834949443,Medium,Lost Cause
3466-BYAVD,15,69.5,Month-to-month,DSL,0,4,1,-0.1381599315318153,0.15585419581130353,Low,Sleeping Dog
3780-YVMFA,8,68.55,Month-to-month,DSL,0,3,1,-0.1435298108351631,0.2655309526886812,Low,Sleeping Dog
3874-EQOEP,7,95.0,Month-to-month,Fiber optic,1,2,1,-0.1947171429797015,0.1443352617306273,Low,Sleeping Dog
1679-JRFBR,70,108.15,One year,Fiber optic,0,5,12,0.1592009561901492,0.054416713504503535,Low,Sure Thing
9073-ZZIAY,62,86.1,Two year,DSL,0,6,24,-0.1349810883905759,0.9120990977102226,High,Lost Cause
3077-RSNTJ,6,19.7,Month-to-month,No,0,0,1,0.2854741032504064,0.40472187157158107,Medium,Persuadable
6551-GNYDG,14,80.9,Month-to-month,Fiber optic,0,1,1,-0.1790572169820237,0.15526865580909893,Low,Sleeping Dog
9167-APMXZ,22,84.15,Month-to-month,Fiber optic,0,1,1,-0.159405888983566,0.6146239211781039,High,Lost Cause
2749-CTKAJ,22,20.15,One year,No,0,0,12,0.2905612171599642,0.03143457260810918,Low,Sure Thing
6371-NZYEG,16,64.25,Two year,DSL,0,3,24,-0.0464221368511466,0.2559386435757019,Low,Sleeping Dog
7554-NEWDD,10,25.7,Two year,No,0,0,24,0.2995482244176907,0.006947202242906742,Low,Sure Thing
8992-VONJD,13,56.0,Month-to-month,DSL,0,2,1,-0.0597996705119363,0.010695880685182494,Low,Sleeping Dog
0867-MKZVY,20,82.4,Month-to-month,Fiber optic,1,1,1,-0.1715788964473599,0.0032701773958533297,Low,Sleeping Dog
4482-EWFMI,2,69.7,Month-to-month,Fiber optic,0,0,1,-0.0896779329829589,0.013556667228921786,Low,Sleeping Dog
4648-YPBTM,53,73.9,Two year,DSL,0,4,24,0.0008871334110579,0.023428681940091355,Low,Sure Thing
2907-ILJBN,11,20.6,One year,No,0,0,12,0.2995482244176907,0.005467152163618292,Low,Sure Thing
6345-FZOQH,69,19.9,Two year,No,0,0,24,0.3059406368399833,0.4877254643181226,Medium,Persuadable
3376-BMGFE,4,70.9,Month-to-month,Fiber optic,1,0,1,-0.1622869366709649,0.004423160284909706,Low,Sleeping Dog
5997-OPVFA,72,89.05,Two year,DSL,0,6,24,-0.068941026666363,0.530824727082298,Medium,Lost Cause
3445-HXXGF,58,45.3,Month-to-month,DSL,1,3,1,-0.0996690340579972,0.8491713717384132,High,Lost Cause
1159-WFSGR,16,20.4,Month-to-month,No,0,0,1,0.3080748297183739,0.12230535939880481,Low,Sure Thing
7654-YWJUF,43,84.25,One year,Fiber optic,0,3,12,-0.1391934439699387,0.004328511789338549,Low,Sleeping Dog
1875-QIVME,2,104.4,Month-to-month,Fiber optic,1,4,1,1.8915837308809809,0.03756151480568145,Low,Sure Thing
6727-IOTLZ,14,81.95,Two year,DSL,0,5,24,-0.1790572169820237,0.12224253926377861,Low,Sleeping Dog
0691-JVSYA,53,94.85,One year,Fiber optic,1,3,12,-0.1444878533983221,0.0807466444515154,Low,Sleeping Dog
5918-VUKWP,32,20.55,One year,No,0,0,12,0.3248477833408759,0.0902832246431658,Low,Sure Thing
1744-JHKYS,34,24.7,Month-to-month,No,0,0,1,0.3248477833408759,0.249419912165853,Low,Sure Thing
2656-FMOKZ,15,74.45,Month-to-month,Fiber optic,1,0,1,-0.1165728248760815,0.23424058824624913,Low,Sleeping Dog
2070-FNEXE,7,76.45,Month-to-month,Fiber optic,1,1,1,-0.188895097959676,0.3257663413353859,Medium,Lost Cause
5947-SGKCL,15,105.35,Month-to-month,Fiber optic,0,4,1,0.0144981667540832,0.11944362818889964,Low,Sure Thing
3712-PKXZA,61,20.55,One year,No,0,0,12,0.3020515521325539,0.6490690870269193,High,Persuadable
6317-YPKDH,1,29.95,Month-to-month,DSL,1,1,1,-0.4738723687144244,0.5424112007851486,Medium,Lost Cause
6582-OIVSP,1,45.3,Month-to-month,DSL,0,0,1,-0.1340528840520785,0.7461142259425032,High,Lost Cause
9367-WXLCH,8,84.5,Month-to-month,Fiber optic,1,1,1,-0.1613362768957884,0.06533869504338173,Low,Sleeping Dog
5524-KHNJP,33,74.75,One year,DSL,0,4,12,-0.155834453108037,0.9546348051952527,High,Lost Cause
1918-ZBFQJ,13,79.25,Month-to-month,Fiber optic,1,2,1,-0.1835252186563282,0.260668912736351,Low,Sleeping Dog
1024-GUALD,1,24.8,Month-to-month,DSL,1,0,1,0.2921349411193263,0.7953587124141746,High,Persuadable
4827-USJHP,20,51.8,Month-to-month,DSL,0,1,1,-0.0409921334214198,0.10135536918102661,Low,Sleeping Dog
8167-GJLRN,3,30.4,Month-to-month,DSL,0,1,1,-0.2680450701565244,0.019081565043538737,Low,Sleeping Dog
0956-SYCWG,13,19.65,One year,No,0,0,12,0.2940007085510896,0.0050070077946485604,Low,Sure Thing
8017-UVSZU,40,56.6,Month-to-month,DSL,0,1,1,0.0306744548424291,0.22128651639840344,Low,Sure Thing
7100-FQPRV,43,71.9,One year,DSL,0,3,12,-0.1231577745125081,0.7774359653905165,High,Lost Cause
2472-OVKUP,6,91.0,Month-to-month,Fiber optic,1,3,1,-0.1947171429797015,0.1439000469571792,Low,Sleeping Dog
2984-RGEYA,69,19.75,Two year,No,0,0,24,0.3059406368399833,0.5347884117428489,Medium,Persuadable
9680-NIAUV,72,109.7,Two year,Fiber optic,0,5,24,0.1527709701109826,0.0019089366440129326,Low,Sure Thing
2146-EGVDT,59,19.3,Two year,No,0,0,24,0.2874015447877719,0.7376202426097055,High,Persuadable
2604-IJPDU,20,96.55,Month-to-month,Fiber optic,0,4,1,-0.1570891812282926,0.37592754759852287,Medium,Lost Cause
9178-JHUVJ,24,24.1,Two year,No,0,0,24,0.279898065150494,0.7337495834718925,High,Persuadable
6168-YBYNP,59,111.35,Month-to-month,Fiber optic,0,5,1,-0.3206167746766732,0.002725605998446954,Low,Sleeping Dog
7255-SSFBC,72,112.25,Two year,Fiber optic,0,5,24,0.1205544698415365,0.005901746199323002,Low,Sure Thing
3645-DEYGF,1,20.75,Month-to-month,No,0,0,1,0.2921349411193263,0.12433337923608896,Low,Sure Thing
9323-HGFWY,27,101.9,One year,Fiber optic,0,4,12,-0.1966215223983509,0.6232610924007429,High,Lost Cause
8544-GOQSH,14,80.05,Month-to-month,Fiber optic,0,2,1,-0.1790572169820237,0.005434019734856077,Low,Sleeping Dog
3363-DTIVD,71,105.55,Two year,Fiber optic,0,4,24,-0.1209061080141463,0.662010305483162,High,Lost Cause
7018-WBJNK,13,78.3,Month-to-month,Fiber optic,0,1,1,-0.1835252186563282,0.9326990058454001,High,Lost Cause
9142-KZXOP,44,68.85,Month-to-month,Fiber optic,0,0,1,-0.1104691659835242,0.013763453361408268,Low,Sleeping Dog
7674-YTAFD,33,79.95,One year,Fiber optic,0,2,12,-0.1513664514337325,0.8934670762821262,High,Lost Cause
6348-SNFUS,72,55.45,Two year,DSL,0,5,24,-0.0039716109486135,0.07782699181812114,Low,Sleeping Dog
1285-OKIPP,1,79.9,Month-to-month,Fiber optic,1,1,1,-0.332014788873508,0.5732881355819872,Medium,Lost Cause
7825-ECJRF,19,106.6,Month-to-month,Fiber optic,1,5,1,-0.1811794352820341,0.660743990784484,High,Lost Cause
1347-KTTTA,64,102.45,One year,Fiber optic,0,5,12,-0.1551835090415277,0.4060538719536053,Medium,Lost Cause
7841-TZDMQ,2,46.0,Month-to-month,DSL,1,0,1,-0.0847859362721762,0.466014085467564,Medium,Lost Cause
4195-NZGTA,1,25.25,Month-to-month,DSL,0,0,1,0.2921349411193263,0.005923987205990207,Low,Sure Thing
7157-SMCFK,61,19.75,Two year,No,0,0,24,0.2879774309652697,0.19316086783800493,Low,Sure Thing
4709-LKHYG,29,20.0,One year,No,0,0,12,0.2658239439832097,0.06536839772984575,Low,Sure Thing
2504-DSHIH,23,86.8,Month-to-month,Fiber optic,0,1,1,-0.1516818285706446,0.1037485144172992,Low,Sleeping Dog
0699-NDKJM,57,58.75,Month-to-month,DSL,0,5,1,-0.0304446781865736,0.007181920102054786,Low,Sleeping Dog
9286-BHDQG,72,45.25,Two year,DSL,0,4,24,-0.0397665085803296,0.489821956496665,Medium,Lost Cause
0230-WEQUW,66,56.6,Two year,DSL,0,5,24,0.016140072487994,0.0016647222528189981,Low,Sure Thing
2040-LDIWQ,65,84.2,Two year,DSL,0,5,24,-0.1427051488034974,0.006571603821013382,Low,Sleeping Dog
6496-JDSSB,8,80.0,Month-to-month,Fiber optic,0,1,1,-0.1844270962853715,0.03506593670301432,Low,Sleeping Dog
9408-SSNVZ,4,70.15,Month-to-month,Fiber optic,1,0,1,-0.1116263366533096,0.0766358005382211,Low,Sleeping Dog
4443-EMBNA,71,24.75,Two year,No,0,0,24,0.3200147580072676,0.7650084434734777,High,Persuadable
6469-MRVET,1,20.2,One year,No,0,0,12,0.278060819952042,0.011660527414110422,Low,Sure Thing
0742-MOABM,4,50.05,Month-to-month,DSL,1,1,1,-0.0610459924783757,0.014022410149048736,Low,Sleeping Dog
5961-VUSRV,12,19.35,One year,No,0,0,12,0.2971134563466525,0.19461476751278953,Low,Sure Thing
6778-JFCMK,24,50.6,One year,DSL,0,3,12,-0.0777843604360898,0.04161194360436895,Low,Sleeping Dog
6341-JVQGF,31,81.15,One year,DSL,0,5,12,-0.1027986574844866,0.006741156082396535,Low,Sleeping Dog
2232-DMLXU,1,55.2,Month-to-month,DSL,1,1,1,0.0599551303353236,0.1734980295681137,Low,Sure Thing
4811-JBUVU,30,89.9,Month-to-month,Fiber optic,0,2,1,-0.174327303056771,0.07936378858321595,Low,Sleeping Dog
0945-TSONX,47,85.3,Two year,DSL,0,5,24,-0.1314693835570173,0.22556212886726923,Low,Sleeping Dog
2651-ZCBXV,54,108.0,Two year,Fiber optic,0,5,24,0.1364347071837862,0.08558864409556399,Low,Sure Thing
3316-UWXUY,50,93.5,Month-to-month,Fiber optic,0,4,1,-0.1444878533983221,0.33114497650699976,Medium,Lost Cause
8937-RDTHP,1,84.6,Month-to-month,Fiber optic,1,2,1,-0.2826046176096241,0.0488928406074974,Low,Sleeping Dog
7083-MIOPC,72,20.25,Two year,No,0,0,24,0.2946314954342693,0.08628593916917188,Low,Sure Thing
1984-GPTEH,29,25.15,Month-to-month,No,0,0,1,0.279898065150494,0.4712590010209932,Medium,Persuadable
1251-KRREG,2,54.4,Month-to-month,DSL,1,1,1,-0.0489910386404601,0.40551285298530454,Medium,Lost Cause
0621-JFHOL,10,29.6,Two year,DSL,0,1,24,-0.0726712688079196,0.029160681434267,Low,Sleeping Dog
9903-LYSAB,18,73.15,Month-to-month,Fiber optic,0,0,1,-0.1504588367617573,0.02649346371661321,Low,Sleeping Dog
0094-OIFMO,11,95.0,Month-to-month,Fiber optic,1,3,1,-0.1515204177922389,0.09114220000799073,Low,Sleeping Dog
9227-UAQFT,16,19.75,Two year,No,0,0,24,0.2940007085510896,0.26098573831677224,Low,Sure Thing
7301-ABVAD,72,86.6,Two year,DSL,0,5,24,-0.0710328253569911,0.1445768420096291,Low,Sleeping Dog
6614-FHDBO,72,109.2,Two year,Fiber optic,0,5,24,0.1592009561901492,0.5746718928760904,Medium,Persuadable
7576-ASEJU,41,74.7,One year,DSL,0,4,12,-0.6657276568869113,0.004692319105887331,Low,Sleeping Dog
9058-HRZSV,65,94.4,Month-to-month,Fiber optic,0,4,1,-0.1022200704794469,0.7227514273338586,High,Lost Cause
4522-AKYLR,13,54.8,Month-to-month,DSL,0,2,1,-0.0375526420302944,0.032668246553563825,Low,Sleeping Dog
0221-WMXNQ,4,75.35,Month-to-month,Fiber optic,0,1,1,-0.1445596396750117,0.13469851128621704,Low,Sleeping Dog
0303-UNCIP,41,65.0,One year,DSL,0,2,12,-0.0187313713028554,0.0013026757987141448,Low,Sleeping Dog
9947-OTFQU,15,74.4,Month-to-month,Fiber optic,1,1,1,-0.1618073210268361,0.4160731287658726,Medium,Lost Cause
0322-YINQP,1,48.55,Month-to-month,DSL,1,1,1,-0.1340528840520785,0.04712561649993574,Low,Sleeping Dog
0959-WHOKV,42,99.0,One year,Fiber optic,0,4,12,-0.1286965265181384,0.49883629378292066,Medium,Lost Cause
4075-JFPGR,51,93.5,One year,Fiber optic,0,4,12,-0.1444878533983221,0.040288943628457814,Low,Sleeping Dog
4629-NRXKX,2,70.4,Month-to-month,Fiber optic,1,0,1,-0.1093082199468983,0.7081727915157435,High,Lost Cause
9514-JDSKI,1,40.2,Month-to-month,DSL,1,2,1,-0.3322638787828313,0.23745799966222447,Low,Sleeping Dog
3282-ZISZV,32,83.7,One year,DSL,0,5,12,-0.2126721172704345,0.23102210421395628,Low,Sleeping Dog
3675-YDUPJ,10,19.85,Month-to-month,No,0,0,1,0.2854741032504064,0.3634889825759619,Medium,Persuadable
4111-BNXIF,67,59.55,Two year,DSL,0,5,24,-0.0298687920090758,0.3286324469800325,Medium,Lost Cause
7017-VFHAY,61,115.1,Two year,Fiber optic,0,6,24,-0.4577904419467113,0.007634735079500438,Low,Sleeping Dog
6655-LHBYW,50,114.35,One year,Fiber optic,0,6,12,-0.3045048120769577,0.15712763879094768,Low,Sleeping Dog
4959-JOSRX,2,44.6,Month-to-month,DSL,1,0,1,-0.0847859362721762,0.08760226750453713,Low,Sleeping Dog
5046-NUHWD,29,45.0,Month-to-month,DSL,0,3,1,-0.1015243042298903,0.10201236304628125,Low,Sleeping Dog
7273-TEFQD,3,41.15,Month-to-month,DSL,1,2,1,-0.1789434787530606,0.7935522670531293,High,Lost Cause
3606-TWKGI,13,106.9,Month-to-month,Fiber optic,1,4,1,-0.2643097995915037,0.33109001471407234,Medium,Lost Cause
7529-ZDFXI,57,89.85,Month-to-month,Fiber optic,0,2,1,-0.1724720328848779,0.5834315697792767,Medium,Lost Cause
7605-BDWDC,31,49.85,Two year,DSL,0,4,24,0.0157331517035379,0.6039506553552624,High,Persuadable
1950-KSVVJ,45,113.3,One year,Fiber optic,0,6,12,-0.7165290589265931,0.7597130266017569,High,Lost Cause
0123-CRBRT,61,88.1,Two year,DSL,0,6,24,-0.1349810883905759,0.011710477153905776,Low,Sleeping Dog
6292-TOSSS,50,24.9,Two year,No,0,0,24,0.3014756659550562,0.0450310315502755,Low,Sure Thing
3197-ARFOY,19,105.0,Month-to-month,Fiber optic,0,5,1,-0.1215871909478024,0.5792849608773549,Medium,Lost Cause
6323-AYBRX,59,19.35,Two year,No,1,0,24,0.2874015447877719,0.6204451323349144,High,Persuadable
7014-ZZXAW,71,24.25,Two year,No,0,0,24,0.3200147580072676,0.8966372193136328,High,Persuadable
4385-GZQXV,16,94.45,Month-to-month,Fiber optic,1,3,1,-0.1461505384888911,0.044311168745339184,Low,Sleeping Dog
7633-MVPUY,57,59.75,Two year,DSL,0,3,24,-0.0304446781865736,0.1877704879267403,Low,Sleeping Dog
6366-ZGQGL,1,24.8,Month-to-month,DSL,1,0,1,0.2921349411193263,0.05666319141744464,Low,Sure Thing
4716-HHKQH,20,107.05,Month-to-month,Fiber optic,0,4,1,-0.2800916456926899,0.0329665462499862,Low,Sleeping Dog
5940-AHUHD,1,70.6,Month-to-month,Fiber optic,1,0,1,-0.5765863015622662,0.7992785318227998,High,Lost Cause
6432-TWQLB,5,85.4,Month-to-month,Fiber optic,1,2,1,0.0238256376179386,0.01886976809921494,Low,Sure Thing
4484-GLZOU,52,105.05,Month-to-month,Fiber optic,1,4,1,-0.1199245058572334,0.009988520595229538,Low,Sleeping Dog
3179-GBRWV,21,64.95,Month-to-month,DSL,0,3,1,-0.0389438163164828,0.0053604537483123325,Low,Sleeping Dog
8645-KWHJO,14,55.0,Month-to-month,DSL,0,4,1,-0.0375526420302944,0.03264354520182879,Low,Sleeping Dog
4130-MZLCC,5,50.55,Month-to-month,DSL,0,1,1,-0.0610459924783757,0.4792590982280189,Medium,Lost Cause
0314-TKOSI,6,55.15,Month-to-month,DSL,0,2,1,-0.0429225213336422,0.004718579299311133,Low,Sleeping Dog
8229-MYEJZ,10,51.2,Month-to-month,DSL,0,1,1,-0.0429225213336422,0.018526579799040085,Low,Sleeping Dog
2080-SRCDE,1,25.4,Month-to-month,No,0,0,1,0.2921349411193263,0.026180189179215222,Low,Sure Thing
9577-WJVCQ,68,54.45,Month-to-month,DSL,0,1,1,-0.0039716109486135,0.5470293853170864,Medium,Lost Cause
9512-UIBFX,18,95.15,Month-to-month,Fiber optic,1,3,1,-0.1536496898371672,0.0031717915191422264,Low,Sleeping Dog
6202-DYYFX,22,76.0,One year,Fiber optic,0,0,12,-0.1760468981216644,0.023724536118972822,Low,Sleeping Dog
3808-HFKDE,20,44.35,Month-to-month,DSL,0,0,1,-0.0767870310531359,0.737780590206885,High,Lost Cause
5583-SXDAG,1,70.0,Month-to-month,Fiber optic,1,0,1,-0.4219430731459002,0.7717282902198975,High,Lost Cause
3488-PGMQJ,8,74.5,Month-to-month,Fiber optic,1,1,1,-0.1219427041794293,0.005361271749817872,Low,Sleeping Dog
3580-REOAC,10,44.85,Month-to-month,DSL,1,0,1,-0.0787174189653582,0.015388706281116611,Low,Sleeping Dog
7534-BFESC,24,76.1,Month-to-month,Fiber optic,1,0,1,-0.2007841712984188,0.10591269484680237,Low,Sleeping Dog
3727-OWVYD,35,61.2,One year,DSL,0,3,12,0.0121829286915625,0.04707056024749955,Low,Sure Thing
2294-SALNE,23,86.8,One year,Fiber optic,0,3,12,-0.1516818285706446,0.008256794710141126,Low,Sleeping Dog
4847-TAJYI,6,89.35,Month-to-month,Fiber optic,0,2,1,-0.1947171429797015,0.011602447896640703,Low,Sleeping Dog
1563-IWQEX,12,19.7,Month-to-month,No,0,0,1,0.2971134563466525,0.09770519811198397,Low,Sure Thing
8203-XJZRC,1,20.25,Month-to-month,No,0,0,1,0.278060819952042,0.7035339613047303,High,Persuadable
6556-DBKZF,71,76.05,Two year,Fiber optic,0,1,24,-0.0797759988082112,0.00915253708418553,Low,Sleeping Dog
6851-WEFYX,35,100.8,Month-to-month,Fiber optic,0,3,1,-0.1947662522264578,0.1527696314863178,Low,Sleeping Dog
2985-JUUBZ,40,74.55,Month-to-month,DSL,0,3,1,-0.0888820593277904,0.00309453422809589,Low,Sleeping Dog
6390-DSAZX,1,73.6,Month-to-month,Fiber optic,1,1,1,-0.9278426556689646,0.009902181128015232,Low,Sleeping Dog
0895-LMRSF,23,64.9,One year,DSL,0,2,12,-0.0389438163164828,0.004896628022465026,Low,Sleeping Dog
8098-LLAZX,4,95.45,Month-to-month,Fiber optic,1,2,1,-0.0657431412661346,0.06905462533447411,Low,Sleeping Dog
8266-VBFQL,4,90.4,Month-to-month,Fiber optic,0,3,1,-0.0582439899178585,0.034764538265404994,Low,Sleeping Dog
8181-YHCMF,68,60.3,Two year,DSL,0,5,24,0.0016119918013591,0.5964735077068831,Medium,Persuadable
2240-HSJQD,38,81.85,Month-to-month,Fiber optic,0,1,1,-0.1513664514337325,0.00452756242486808,Low,Sleeping Dog
1248-DYXUB,52,24.8,Two year,No,0,0,24,0.3014756659550562,0.4945718522367594,Medium,Persuadable
0265-EDXBD,32,74.9,Month-to-month,Fiber optic,1,0,1,-0.1989289011265257,0.706280584059744,High,Lost Cause
4115-BNPJY,29,75.55,Two year,DSL,0,4,24,-0.2007841712984188,0.10077852764654478,Low,Sleeping Dog
3167-SNQPL,38,101.15,Month-to-month,Fiber optic,0,3,1,-0.1947662522264578,0.2052798477563509,Low,Sleeping Dog
4091-TVOCN,48,78.75,One year,DSL,0,4,12,-0.1709447216399699,0.02485887872014249,Low,Sleeping Dog
1098-TDVUQ,1,19.25,Month-to-month,No,0,0,1,0.278060819952042,0.002636809555286548,Low,Sure Thing
7277-OZCGZ,22,89.05,Month-to-month,Fiber optic,0,3,1,-0.1495900298800166,0.7795338834622615,High,Lost Cause
1557-EMYVT,43,115.05,Two year,Fiber optic,0,6,24,-0.3471873281991844,0.01208458506257961,Low,Sleeping Dog
2799-ARNLO,5,69.35,Month-to-month,Fiber optic,0,0,1,-0.1495983281419811,0.004533152289800011,Low,Sleeping Dog
7563-BIUPC,5,80.6,Month-to-month,Fiber optic,1,1,1,-0.1400916380007072,0.11173586895938022,Low,Sleeping Dog
5027-YOCXN,51,110.05,One year,Fiber optic,0,5,12,0.0153197518094832,0.7175411483943009,High,Persuadable
3973-SKMLN,71,19.9,Two year,No,0,0,24,0.3059406368399833,0.15384925120082762,Low,Sure Thing
2321-OMBXY,38,80.3,One year,DSL,1,5,12,-0.1513664514337325,0.00048320036386506566,Low,Sleeping Dog
2840-XANRC,24,93.15,Month-to-month,Fiber optic,1,3,1,-0.174327303056771,0.03650707556238272,Low,Sleeping Dog
6745-JEFZB,35,91.5,Month-to-month,Fiber optic,0,2,1,-0.1293775848663892,0.2701960293279951,Low,Sleeping Dog
5020-ZSTTY,54,82.45,One year,DSL,1,5,12,-0.1788390033524216,0.7891106435219458,High,Lost Cause
9880-TDQAC,72,60.0,Two year,DSL,0,5,24,0.0016119918013591,0.007404022979860353,Low,Sure Thing
8705-WZCYL,1,44.8,Month-to-month,DSL,0,0,1,-0.1340528840520785,0.530038291467618,Medium,Lost Cause
7102-JJVTX,9,48.6,One year,DSL,0,1,12,-0.0787174189653582,0.0037558082730538723,Low,Sleeping Dog
8626-PTQGE,69,60.05,Two year,DSL,0,5,24,0.0016119918013591,0.07775682488345995,Low,Sure Thing
4983-CLMLV,52,102.7,Month-to-month,Fiber optic,0,4,1,0.0629281726521226,0.001369997194016593,Low,Sure Thing
5701-YVSVF,11,82.9,Month-to-month,Fiber optic,0,2,1,-0.1844270962853715,0.14920774241759216,Low,Sleeping Dog
5804-LEPIM,2,70.35,Month-to-month,Fiber optic,1,0,1,-0.1093082199468983,0.5241527975028025,Medium,Lost Cause
5697-GOMBF,28,35.9,Month-to-month,DSL,0,1,1,-0.1431749481826455,0.05544655308973953,Low,Sleeping Dog
2739-CACDQ,17,82.65,Month-to-month,Fiber optic,0,1,1,-0.1790572169820237,0.4895713375023863,Medium,Lost Cause
9385-EHGDO,35,19.85,Two year,No,0,0,24,0.3107736621735916,0.009685583497495561,Low,Sure Thing
9498-FIMXL,8,19.2,One year,No,0,0,12,0.3021522631882957,0.15692554820094926,Low,Sure Thing
2379-GYFLQ,46,94.9,One year,Fiber optic,0,3,12,-0.1293775848663892,0.12650751990648207,Low,Sleeping Dog
0122-OAHPZ,7,73.85,Month-to-month,Fiber optic,1,0,1,-0.1667465279908943,0.09129140163371526,Low,Sleeping Dog
2868-SNELZ,2,80.6,Month-to-month,Fiber optic,1,1,1,-0.0242949976125432,0.04377923802044164,Low,Sleeping Dog
4322-RCYMT,68,75.8,One year,DSL,1,4,12,-0.0797759988082112,0.5128543759625392,Medium,Lost Cause
6680-NENYN,43,104.6,Two year,Fiber optic,1,4,24,-0.1213364826719196,0.015650631243692103,Low,Sleeping Dog
2088-IEBAU,68,88.15,Two year,DSL,0,6,24,-0.0710328253569911,0.4452122069209122,Medium,Lost Cause
7982-VCELR,36,94.8,Month-to-month,Fiber optic,0,3,1,-0.1293775848663892,0.11708863769639682,Low,Sleeping Dog
1343-EHPYB,63,103.4,Month-to-month,Fiber optic,1,4,1,-0.2119074882942662,0.004911577216864432,Low,Sleeping Dog
6035-BXTTY,32,54.65,Month-to-month,DSL,0,2,1,-0.0638741364262811,0.008259678728659054,Low,Sleeping Dog
6885-PKOAM,71,85.75,Two year,DSL,0,6,24,-0.0710328253569911,0.295287847516247,Low,Sleeping Dog
7520-HQWJU,66,67.45,Month-to-month,DSL,0,3,1,-0.0332657536572905,0.006464962580700527,Low,Sleeping Dog
9639-BUJXT,63,20.5,One year,No,0,0,12,0.3020515521325539,0.004212693695744411,Low,Sure Thing
5924-SNGKP,41,20.25,One year,No,0,0,12,0.3107736621735916,0.116770120264289,Low,Sure Thing
0021-IKXGC,1,72.1,Month-to-month,Fiber optic,0,0,1,-0.5765863015622662,0.06115710736763233,Low,Sleeping Dog
2034-GDRCN,2,90.4,Month-to-month,Fiber optic,1,2,1,0.0848424886548552,0.27983514161332906,Low,Sure Thing
8966-SNIZF,70,19.45,Two year,No,0,0,24,0.3059406368399833,0.006481882808517871,Low,Sure Thing
6243-OZGFH,23,44.95,Month-to-month,DSL,0,2,1,-0.0767870310531359,0.5764836420591188,Medium,Lost Cause
4654-DLAMQ,64,97.0,One year,Fiber optic,0,4,12,-0.109719221827723,0.08865920425248958,Low,Sleeping Dog
0513-RBGPE,37,62.8,Two year,DSL,0,3,24,-0.007780896238487,0.27533283633956673,Low,Sleeping Dog
5160-UXJED,17,44.6,One year,DSL,0,0,12,-0.0733475396620104,0.00452407588613523,Low,Sleeping Dog
4115-NZRKS,7,89.15,Month-to-month,Fiber optic,0,2,1,-0.1947171429797015,0.3033489210279448,Medium,Lost Cause
0219-YTZUE,4,84.8,Month-to-month,Fiber optic,1,2,1,-0.0906814667368234,0.09944299345944607,Low,Sleeping Dog
0623-IIHUG,21,41.9,Month-to-month,DSL,1,2,1,-0.1709445735340203,0.8028344113256005,High,Lost Cause
4572-DVCGN,10,80.25,Month-to-month,Fiber optic,1,1,1,-0.1844270962853715,0.012788116354482985,Low,Sleeping Dog
3351-NGXYI,16,54.1,Month-to-month,DSL,0,1,1,-0.0375526420302944,0.6099945752304672,High,Lost Cause
8984-EYLLL,64,105.25,Two year,Fiber optic,0,4,24,-0.1083259421588591,0.07061668390731844,Low,Sleeping Dog
9057-MSWCO,27,30.75,Month-to-month,DSL,1,1,1,0.1273214261940864,0.028411708570512912,Low,Sure Thing
9833-TGFHX,42,97.1,One year,Fiber optic,0,3,12,-0.1368767362146653,0.5380235149927527,Medium,Lost Cause
9294-TDIPC,5,20.2,Month-to-month,No,0,0,1,0.2794055859435885,0.034525312893529954,Low,Sure Thing
5229-DTFYB,41,98.8,Two year,Fiber optic,0,4,24,-0.1286965265181384,0.11441991267262587,Low,Sleeping Dog
0104-PPXDV,58,50.3,One year,DSL,0,1,12,-0.0479449107776408,0.025576854677750945,Low,Sleeping Dog
5176-LMJXE,47,20.55,Two year,No,0,0,24,0.3248477833408759,0.8106474167909784,High,Persuadable
3583-KRKMD,18,75.9,Month-to-month,Fiber optic,0,1,1,-0.1726074067305389,0.14290063387604748,Low,Sleeping Dog
1010-DIAUQ,5,96.5,Month-to-month,Fiber optic,1,3,1,0.0229154979075771,0.16080203949459967,Low,Sure Thing
9069-LGEUL,23,59.95,Month-to-month,DSL,0,2,1,-0.0080295163220648,0.15193309252434836,Low,Sleeping Dog
7302-ZHMHP,1,19.15,Month-to-month,No,0,0,1,0.2947389798899313,0.008573182344261564,Low,Sure Thing
9571-EDEBV,71,98.65,One year,Fiber optic,0,3,12,-0.0682599683181122,0.002023454063021985,Low,Sleeping Dog
3520-FJGCV,72,112.6,Two year,Fiber optic,0,6,24,0.5269611581986259,0.0948754280907892,Low,Sure Thing
6563-VRERX,33,20.6,One year,No,0,0,12,0.3248477833408759,0.009346019679320717,Low,Sure Thing
0259-GBZSH,2,85.65,Month-to-month,Fiber optic,1,1,1,0.1396222780061026,0.4653354681550641,Medium,Persuadable
6122-EFVKN,24,35.75,Two year,DSL,0,2,24,-0.1431749481826455,0.22399656994668557,Low,Sleeping Dog
2805-EDJPQ,56,99.75,One year,Fiber optic,0,4,12,-0.1434727003399177,0.036833209375666684,Low,Sleeping Dog
6862-CQUMB,37,96.1,Month-to-month,Fiber optic,0,3,1,-0.1368767362146653,0.003945700559239239,Low,Sleeping Dog
7156-MXBJE,43,85.1,One year,DSL,0,5,12,-0.1391934439699387,0.009216654014153055,Low,Sleeping Dog
6158-HDPXZ,1,25.35,Month-to-month,DSL,0,0,1,0.2921349411193263,0.0034062317884539953,Low,Sure Thing
9601-BRXPO,25,104.95,Month-to-month,Fiber optic,1,4,1,-0.1497639555156823,0.17661032489398312,Low,Sleeping Dog
2863-IMQDR,61,89.65,Two year,DSL,0,6,24,-0.1328892896999479,0.15888895434964026,Low,Sleeping Dog
5686-CMAWK,17,86.75,One year,Fiber optic,0,2,12,-0.1482423371795192,0.6797943893669625,High,Lost Cause
5651-CRHKQ,41,86.2,One year,Fiber optic,0,3,12,-0.1314693835570173,0.20217486120355818,Low,Sleeping Dog
6905-NIQIN,1,50.65,Month-to-month,DSL,1,1,1,0.0003955187389117,0.004700378351684845,Low,Sure Thing
8204-YJCLA,72,64.8,Two year,DSL,0,6,24,-0.0099760656846649,0.9491436397991139,High,Lost Cause
5167-ZFFMM,1,90.85,Month-to-month,Fiber optic,1,2,1,-0.2228773026061093,0.7903974820348488,High,Lost Cause
6583-SZVGP,48,108.1,Two year,Fiber optic,0,4,24,0.1364347071837862,0.41194708452778417,Medium,Persuadable
4895-TMWIR,11,19.95,Month-to-month,No,1,0,1,0.2854741032504064,0.028825626361186615,Low,Sure Thing
0533-BNWKF,55,85.45,Month-to-month,Fiber optic,1,2,1,-0.174563831575506,0.010906543131256037,Low,Sleeping Dog
1708-PBBOA,42,54.75,One year,DSL,0,5,12,-0.0207796884077924,0.140721788857437,Low,Sleeping Dog
8782-LKFPK,44,90.4,Month-to-month,Fiber optic,0,2,1,-0.1293775848663892,0.17295777878538857,Low,Sleeping Dog
5522-JBWMO,1,44.0,Month-to-month,DSL,0,0,1,-0.0952479271784788,0.04607267179165042,Low,Sleeping Dog
3597-MVHJT,27,95.6,Month-to-month,Fiber optic,0,2,1,-0.1818264544050471,0.8079484399812582,High,Lost Cause
9774-NRNAU,27,84.8,Month-to-month,DSL,0,5,1,-0.1841431621603205,0.049930663971947065,Low,Sleeping Dog
0224-RLWWD,2,44.3,Month-to-month,DSL,0,0,1,-0.0847859362721762,0.34832631675092945,Medium,Lost Cause
9967-ATRFS,19,19.9,Month-to-month,No,0,0,1,0.2940007085510896,0.13466458542720558,Low,Sure Thing
3951-NJCVI,42,95.05,Month-to-month,Fiber optic,0,2,1,-0.1161156307369769,0.7426829832376352,High,Lost Cause
2977-CEBSX,66,90.05,Two year,DSL,0,6,24,-0.1328892896999479,0.006048179371626532,Low,Sleeping Dog
0177-PXBAT,33,109.9,Month-to-month,Fiber optic,0,5,1,-0.0126644276770725,0.37212076583661763,Medium,Lost Cause
6599-CEBNN,34,73.95,Month-to-month,Fiber optic,1,1,1,-0.1655630053041186,0.02280403432381523,Low,Sleeping Dog
2519-ERQOJ,33,54.6,Month-to-month,DSL,0,4,1,-0.0638741364262811,0.009250409450175039,Low,Sleeping Dog
5876-QMYLD,23,20.05,One year,No,0,0,12,0.2905612171599642,0.06039470891260154,Low,Sure Thing
2277-AXSDC,32,19.75,One year,No,0,0,12,0.3107736621735916,0.1449946325332828,Low,Sure Thing
9442-JTWDL,11,20.05,One year,No,0,0,12,0.2854741032504064,0.5071359736295352,Medium,Persuadable
0979-PHULV,69,99.45,Month-to-month,Fiber optic,1,3,1,-0.0679258736079587,0.001489196180694227,Low,Sleeping Dog
3067-SVMTC,68,55.9,One year,DSL,0,2,12,-0.0262186394302555,0.7083401840781063,High,Lost Cause
5495-GPSRW,20,19.7,Two year,No,0,0,24,0.2905612171599642,0.6418437058578523,High,Persuadable
7606-BPHHN,72,19.8,Two year,No,0,0,24,0.2946314954342693,0.4578838695264198,Medium,Persuadable
4742-DRORA,60,95.4,One year,Fiber optic,0,3,12,-0.1403884410482239,0.6716494366157234,High,Lost Cause
0111-KLBQG,32,93.95,Month-to-month,Fiber optic,0,3,1,-0.1724720328848779,0.027338070012650952,Low,Sleeping Dog
4800-VHZKI,1,19.9,Month-to-month,No,1,0,1,0.278060819952042,0.01814522101040039,Low,Sure Thing
7989-CHGTL,1,19.6,Month-to-month,No,1,0,1,0.278060819952042,0.055478083261613305,Low,Sure Thing
0334-GDDSO,3,81.35,Month-to-month,Fiber optic,1,1,1,-0.0579096011047543,0.26341047891470437,Low,Sleeping Dog
4163-NCJAK,46,24.45,One year,No,0,0,12,0.3248477833408759,0.06715373728922905,Low,Sure Thing
5233-AOZUF,29,74.95,Month-to-month,Fiber optic,0,0,1,-0.2007841712984188,0.004171947345388887,Low,Sleeping Dog
5973-EJGDP,51,87.35,Month-to-month,Fiber optic,0,3,1,-0.1465796520889501,0.007350814667220776,Low,Sleeping Dog
1996-DBMUS,48,70.65,Month-to-month,Fiber optic,0,0,1,-0.1662522225309967,0.005450192495235116,Low,Sleeping Dog
7916-VCCPB,16,73.25,Month-to-month,Fiber optic,0,1,1,-0.1613766486875465,0.14649732328937284,Low,Sleeping Dog
4686-GEFRM,70,98.7,Two year,Fiber optic,0,4,24,-0.0682599683181122,0.1289790130844984,Low,Sleeping Dog
5249-QYHEX,40,24.8,Two year,No,0,0,24,0.3248477833408759,0.6054122927041325,High,Persuadable
0578-SKVMF,22,83.3,Month-to-month,Fiber optic,1,2,1,-0.2328845622840619,0.23104464492217125,Low,Sleeping Dog
5564-NEMQO,1,75.3,Month-to-month,Fiber optic,1,1,1,-0.7112487026152903,0.016200410673477363,Low,Sleeping Dog
2233-FAGXV,5,24.3,Month-to-month,No,0,0,1,0.2934797071108728,0.0028078357536124032,Low,Sure Thing
5605-IYGFG,7,69.85,Month-to-month,Fiber optic,0,0,1,-0.1435298108351631,0.9304311703970831,High,Lost Cause
7663-ZTEGJ,29,100.55,One year,Fiber optic,0,4,12,-0.0120731603770977,0.10420751387606407,Low,Sleeping Dog
3935-TBRZZ,44,25.7,One year,No,0,0,12,0.3248477833408759,0.09336616816470104,Low,Sure Thing
8111-BKVDS,10,40.7,Month-to-month,DSL,0,3,1,-0.1203680629181135,0.357253030824572,Medium,Lost Cause
2055-SIFSS,55,51.65,Month-to-month,DSL,0,0,1,-0.0638741364262811,0.005360560685139304,Low,Sleeping Dog
2806-MLNTI,52,105.1,One year,Fiber optic,0,4,12,-0.1479086853437892,0.11416785443779447,Low,Sleeping Dog
8734-DKSTZ,10,85.95,Month-to-month,Fiber optic,0,1,1,-0.153612216482867,0.7481912869175632,High,Lost Cause
4360-PNRQB,18,75.6,Month-to-month,Fiber optic,0,0,1,-0.1726074067305389,0.005872743720411515,Low,Sleeping Dog
6152-ONASV,68,58.25,One year,DSL,0,2,12,0.0014736678045381,0.4894078378534175,Medium,Persuadable
9063-ZGTUY,61,19.4,Month-to-month,No,1,0,1,0.2879774309652697,0.7818168334432637,High,Persuadable
7781-HVGMK,72,65.2,Two year,DSL,0,6,24,-0.0019232938436765,0.017784428118865308,Low,Sleeping Dog
2181-UAESM,2,53.45,Month-to-month,DSL,0,2,1,-0.0489910386404601,0.06969904761242661,Low,Sleeping Dog
2957-LOLHO,12,45.4,Month-to-month,DSL,1,0,1,-0.0670780658691121,0.7921963602510399,High,Lost Cause
6048-NJXHX,41,19.75,Two year,No,0,0,24,0.3107736621735916,0.0025004829092373903,Low,Sure Thing
2320-SLKMB,26,44.45,Month-to-month,DSL,0,3,1,-0.1015243042298903,0.03300200888756279,Low,Sleeping Dog
4980-URKXC,36,20.85,One year,No,0,0,12,0.3248477833408759,0.8992614387951553,High,Persuadable
4376-KFVRS,72,114.05,Two year,Fiber optic,0,6,24,-0.2724145558571237,0.07813663691282635,Low,Sleeping Dog
5886-VLQVU,35,89.85,Month-to-month,Fiber optic,0,2,1,-0.1293775848663892,0.009788538090383143,Low,Sleeping Dog
3577-AMVUX,1,55.05,Month-to-month,DSL,0,2,1,0.0599551303353236,0.11684941117809396,Low,Sure Thing
0771-WLCLA,16,112.95,Month-to-month,Fiber optic,0,5,1,-2.409070164914402,0.013250869531919252,Low,Sleeping Dog
5628-RKIFK,49,101.55,Month-to-month,Fiber optic,0,3,1,-0.1947662522264578,0.17457042836713785,Low,Sleeping Dog
0206-TBWLC,54,114.65,One year,Fiber optic,0,6,12,-0.4684382331792071,0.4222685950932452,Medium,Lost Cause
2937-FTHUR,18,64.8,Month-to-month,DSL,0,2,1,-0.0355043249253574,0.00469279887767661,Low,Sleeping Dog
1910-FMXJM,36,80.4,Month-to-month,Fiber optic,0,1,1,-0.1513664514337325,0.04156788109191084,Low,Sleeping Dog
7752-XUSCI,60,105.9,Month-to-month,Fiber optic,1,4,1,-0.141609609172363,0.0047274247639300816,Low,Sleeping Dog
4110-PFEUZ,1,69.55,Month-to-month,Fiber optic,1,0,1,-0.4028498447391783,0.015622560170665128,Low,Sleeping Dog
0732-OCQOC,52,25.05,Two year,No,0,0,24,0.3014756659550562,0.7930410608692425,High,Persuadable
5168-MSWXT,8,94.75,Month-to-month,Fiber optic,0,3,1,-0.1947171429797015,0.5786015410655455,Medium,Lost Cause
1090-ESELR,72,105.5,Two year,Fiber optic,0,5,24,-0.1209061080141463,0.8590939499331226,High,Lost Cause
8592-PLTMQ,64,24.7,One year,No,0,0,12,0.3020515521325539,0.002931678518706284,Low,Sure Thing
5760-WRAHC,22,69.75,Month-to-month,DSL,0,4,1,-0.1306816109971515,0.07101091318083372,Low,Sleeping Dog
8847-GEOOQ,60,60.2,Month-to-month,DSL,0,5,1,-0.0297304680122547,0.6923326348924977,High,Lost Cause
0256-LTHVJ,28,81.05,Month-to-month,Fiber optic,1,1,1,-0.1963161696241143,0.9444208207983914,High,Lost Cause
4785-FCIFB,61,24.4,Two year,No,0,0,24,0.3020515521325539,0.31956332252928327,Medium,Persuadable
8313-NDOIA,24,104.15,Month-to-month,Fiber optic,0,4,1,-0.1662862008623015,0.004074950047925699,Low,Sleeping Dog
5149-CUZUJ,28,92.9,One year,Fiber optic,0,4,12,-0.174327303056771,0.08870701652458264,Low,Sleeping Dog
0942-KOWSM,30,80.8,Two year,DSL,0,5,24,-0.1963161696241143,0.004757306624116925,Low,Sleeping Dog
4237-CLSMM,2,20.0,Month-to-month,No,0,0,1,0.2794055859435885,0.04548453213558846,Low,Sure Thing
1452-VOQCH,1,75.1,Month-to-month,Fiber optic,0,0,1,-0.7112487026152903,0.36511151783801127,Medium,Lost Cause
4719-UMSIY,6,19.65,Month-to-month,No,0,0,1,0.2854741032504064,0.03144293610817189,Low,Sure Thing
6614-VBEGU,24,69.45,Month-to-month,DSL,0,3,1,-0.155418884173906,0.0017508616607425289,Low,Sleeping Dog
0880-TKATG,4,101.15,Month-to-month,Fiber optic,1,3,1,-0.3325016585466102,0.26673027548003686,Low,Sleeping Dog
3811-VBYBZ,7,99.8,Month-to-month,Fiber optic,1,3,1,-0.1241052458807,0.0751532550640336,Low,Sleeping Dog
1480-BKXGA,72,116.05,Two year,Fiber optic,0,6,24,-0.2405737044192714,0.16110563345606896,Low,Sleeping Dog
2996-XAUVF,70,40.05,Two year,DSL,0,2,24,-0.0814171525330848,0.005471053417247788,Low,Sleeping Dog
9076-AXYIK,64,102.1,Two year,Fiber optic,0,4,24,-0.1245142898210268,0.7522940708011469,High,Lost Cause
5968-XQIVE,72,89.7,One year,Fiber optic,0,2,12,-0.068941026666363,0.1430606644682427,Low,Sleeping Dog
8896-RAZCR,44,19.9,Two year,No,0,0,24,0.3107736621735916,0.0829653914652074,Low,Sure Thing
4640-UHDOS,13,55.95,Month-to-month,DSL,1,1,1,-0.0597996705119363,0.6706907514240502,High,Lost Cause
4933-IKULF,17,20.65,One year,No,0,0,12,0.3080748297183739,0.04304716474876691,Low,Sure Thing
3583-EKAPL,1,55.0,Month-to-month,DSL,1,1,1,0.0599551303353236,0.054663236257245285,Low,Sure Thing
1304-BCCFO,9,70.05,Month-to-month,DSL,0,3,1,-0.1626230392418849,0.5341981880161565,Medium,Lost Cause
4104-PVRPS,24,53.6,Month-to-month,DSL,0,2,1,-0.0657294065981742,0.5298508440156917,Medium,Lost Cause
9399-APLBT,1,74.7,Month-to-month,Fiber optic,1,1,1,-2.1624490766416464,0.028976802916849214,Low,Sleeping Dog
2359-KMGLI,24,80.25,Month-to-month,Fiber optic,1,1,1,-0.1963161696241143,0.2554412325070677,Low,Sleeping Dog
3780-DDGSE,35,76.05,Month-to-month,DSL,0,4,1,-0.1989289011265257,0.6984477953121154,High,Lost Cause
4431-EDMIQ,7,75.7,Month-to-month,DSL,0,5,1,-0.188895097959676,0.6259297242218361,High,Lost Cause
0306-JAELE,5,96.1,Month-to-month,Fiber optic,1,3,1,0.0229154979075771,0.26806227449528464,Low,Sure Thing
6227-HWPWX,15,69.0,Month-to-month,Fiber optic,1,0,1,-0.1381599315318153,0.676311720873196,High,Lost Cause
0486-LGCCH,11,19.65,Two year,No,0,0,24,0.2854741032504064,0.3649078795060042,Medium,Persuadable
0447-BEMNG,48,45.3,Month-to-month,DSL,1,3,1,-0.0716848545714414,0.4685271237078385,Medium,Lost Cause
4612-SSVHJ,20,81.45,Month-to-month,Fiber optic,0,1,1,-0.1715788964473599,0.10452207204420978,Low,Sleeping Dog
5168-MQQCA,72,108.5,One year,Fiber optic,0,5,12,0.1592009561901492,0.002027696628357016,Low,Sure Thing
5949-XIKAE,8,83.55,Month-to-month,Fiber optic,1,2,1,-0.2457327621220735,0.007569218521165132,Low,Sleeping Dog
7971-HLVXI,72,84.5,Two year,Fiber optic,0,1,24,-0.0787568857699125,0.7913922536448011,High,Lost Cause
9094-AZPHK,15,100.15,Month-to-month,Fiber optic,0,3,1,-0.1451353854304868,0.0069733204618650175,Low,Sleeping Dog
3649-JPUGY,72,88.6,Two year,DSL,0,5,24,-0.068941026666363,0.054874366535763795,Low,Sleeping Dog
4472-LVYGI,0,52.55,Two year,DSL,0,4,24,0.0599551303353236,0.6260240159117997,High,Persuadable
8372-JUXUI,1,74.35,Month-to-month,Fiber optic,1,0,1,-1.0589780680955478,0.8012157788965989,High,Lost Cause
3552-CTCYF,63,104.8,Two year,Fiber optic,0,4,24,-0.1083259421588591,0.9486023412647943,High,Lost Cause
6778-YSNIH,2,59.0,Month-to-month,DSL,0,2,1,-0.0435457598873084,0.42135579792769456,Medium,Lost Cause
0388-EOPEX,2,74.4,Month-to-month,Fiber optic,1,1,1,-0.0356794262157432,0.17735154559477817,Low,Sleeping Dog
5756-OZRIO,61,64.05,One year,DSL,0,2,12,-0.0025965344367896,0.15451603092001953,Low,Sleeping Dog
6579-JPICP,1,20.4,Month-to-month,No,0,0,1,0.2921349411193263,0.19508127742929068,Low,Sure Thing
8205-OTCHB,22,43.75,One year,DSL,1,3,12,-0.0379820741795361,0.0552516548670113,Low,Sleeping Dog
4134-BSXLX,28,60.9,Month-to-month,DSL,0,3,1,-0.0327667894988193,0.003084295451119721,Low,Sleeping Dog
0505-SPOOW,70,19.8,Two year,No,0,0,24,0.3059406368399833,0.14243648680251111,Low,Sure Thing
6235-VDHOM,5,28.45,Month-to-month,DSL,1,1,1,0.3894013684974334,0.05096237429747295,Low,Sure Thing
7783-YKGDV,12,99.7,Month-to-month,Fiber optic,1,4,1,-0.0801423329937853,0.4218831448252325,Medium,Lost Cause
4374-YMUSQ,34,116.25,One year,Fiber optic,0,6,12,-0.4246793874144718,0.04058656584601103,Low,Sleeping Dog
4513-CXYIX,71,80.7,Two year,Fiber optic,0,1,24,-0.0833607689748951,0.19728297069498835,Low,Sleeping Dog
3957-HHLMR,70,65.2,One year,DSL,0,2,12,-0.0019232938436765,0.004363756152114336,Low,Sleeping Dog
7803-XOCCZ,52,84.05,Month-to-month,Fiber optic,0,3,1,-0.1543037125018716,0.5096288116180605,Medium,Lost Cause
5736-YEJAX,69,79.45,Two year,DSL,0,5,24,-0.0753079971339067,0.371537284622407,Medium,Lost Cause
5609-CEBID,20,94.1,Month-to-month,Fiber optic,1,3,1,-0.1495900298800166,0.055046430011768455,Low,Sleeping Dog
8981-FJGLA,11,78.0,Month-to-month,Fiber optic,0,1,1,-0.188895097959676,0.49345695372690307,Medium,Lost Cause
7218-HKQFK,2,94.2,Month-to-month,Fiber optic,1,3,1,0.0848424886548552,0.6250853953272612,High,Persuadable
4636-QRJKY,6,80.5,Month-to-month,Fiber optic,1,1,1,-0.1844270962853715,0.03645463923142237,Low,Sleeping Dog
1135-LMECX,1,19.85,Month-to-month,No,0,0,1,0.278060819952042,0.5563335722690754,Medium,Persuadable
4332-MUOEZ,20,94.3,One year,Fiber optic,0,4,12,-0.1495900298800166,0.4096432886577501,Medium,Lost Cause
8535-SFUTN,61,106.45,Month-to-month,Fiber optic,0,4,1,-0.1080902335610374,0.00924277916919994,Low,Sleeping Dog
5956-VKDTT,5,74.35,Month-to-month,Fiber optic,1,0,1,-0.1514760666039072,0.3815585733238054,Medium,Lost Cause
8677-HDZEE,56,105.45,Month-to-month,Fiber optic,0,4,1,-0.1199245058572334,0.004753379509677185,Low,Sleeping Dog
2475-MROZF,30,95.0,Month-to-month,Fiber optic,0,4,1,-0.174327303056771,0.0485364709765617,Low,Sleeping Dog
9412-GHEEC,40,104.8,Month-to-month,Fiber optic,1,4,1,-0.1048142373253005,0.11189028880759323,Low,Sleeping Dog
3482-ABPKK,28,54.3,One year,DSL,0,2,12,-0.0657294065981742,0.08583250243440839,Low,Sleeping Dog
6705-LXORM,5,70.05,Month-to-month,Fiber optic,0,0,1,-0.1686915565487029,0.013095395079812286,Low,Sleeping Dog
0257-ZESQC,27,75.2,Month-to-month,Fiber optic,1,1,1,-0.2007841712984188,0.3037059686390996,Medium,Lost Cause
7531-GQHME,12,20.05,Month-to-month,No,0,0,1,0.2971134563466525,0.010022318095617823,Low,Sure Thing
5174-ITUMV,67,105.4,One year,Fiber optic,0,4,12,-0.1083259421588591,0.24583614731863826,Low,Sleeping Dog
4109-CYRBD,29,51.6,Month-to-month,DSL,0,0,1,-0.0657294065981742,0.20521181946332231,Low,Sleeping Dog
0913-XWSCN,55,85.5,Month-to-month,Fiber optic,0,1,1,-0.1465796520889501,0.2537508023369463,Low,Sleeping Dog
6825-UYPFK,23,75.6,Month-to-month,Fiber optic,1,0,1,-0.1760468981216644,0.0839066377860014,Low,Sleeping Dog
8397-MVTAZ,34,100.05,Month-to-month,Fiber optic,1,3,1,-0.1283624318079849,0.03946181052004021,Low,Sleeping Dog
0750-EBAIU,52,91.25,One year,Fiber optic,0,3,12,-0.1444878533983221,0.45446595416066154,Medium,Lost Cause
8606-CIQUL,72,115.75,Two year,Fiber optic,0,6,24,-0.2405737044192714,0.009873242742122508,Low,Sleeping Dog
3571-DPYUH,58,94.7,One year,Fiber optic,0,3,12,-0.1444878533983221,0.1090084118473565,Low,Sleeping Dog
7601-GNDYK,35,19.6,Two year,No,0,0,24,0.3107736621735916,0.09160359279459761,Low,Sure Thing
0356-OBMAC,56,99.9,Two year,Fiber optic,0,4,24,-0.1714568798264736,0.0047974065689944225,Low,Sleeping Dog
8067-NIOYM,24,21.1,Two year,No,0,0,24,0.279898065150494,0.0006303949352396514,Low,Sure Thing
1403-GYAFU,70,20.05,Two year,No,0,0,24,0.3059406368399833,0.001677004000810667,Low,Sure Thing
4234-XTNEA,2,79.95,Month-to-month,Fiber optic,0,1,1,-0.0242949976125432,0.11579187717924677,Low,Sleeping Dog
1297-VQDRP,68,107.15,One year,Fiber optic,0,4,12,0.0185522181233118,0.0015715932041135779,Low,Sure Thing
9282-IZGQK,1,85.0,Month-to-month,Fiber optic,1,1,1,-0.2826046176096241,0.31373462861065304,Medium,Lost Cause
5348-CAGXB,12,89.55,Month-to-month,Fiber optic,0,2,1,-0.0811574860521896,0.6666346665062202,High,Lost Cause
0621-HJWXJ,63,81.55,Month-to-month,Fiber optic,0,1,1,-0.1392562601674915,0.1779765598598003,Low,Sleeping Dog
5844-QVTAT,33,58.45,One year,DSL,0,3,12,-0.0153344096546407,0.6711780229770036,High,Lost Cause
8905-IAZPF,69,95.65,One year,Fiber optic,0,3,12,-0.0764401780146391,0.6131650648597571,High,Lost Cause
5394-MEITZ,60,80.6,Two year,DSL,0,5,24,-0.1392562601674915,0.8486082478465051,High,Lost Cause
6859-QNXIQ,72,113.1,Two year,Fiber optic,0,6,24,-1.0769378510841363,0.36394604299402183,Medium,Lost Cause
2782-LFZVW,11,58.95,Month-to-month,DSL,0,1,1,-0.0374772425804905,0.01957877920723027,Low,Sleeping Dog
2866-IKBTM,1,19.55,Month-to-month,No,0,0,1,0.278060819952042,0.14772068176545872,Low,Sure Thing
1342-JPNKI,10,86.05,Month-to-month,Fiber optic,1,1,1,-0.153612216482867,0.013776996618288856,Low,Sleeping Dog
2817-NTQDO,13,45.55,Month-to-month,DSL,1,3,1,-0.0733475396620104,0.29859330153089775,Low,Sleeping Dog
7129-AZJDE,34,78.95,One year,Fiber optic,0,1,12,-0.155834453108037,0.03336498974050641,Low,Sleeping Dog
6986-IJDHX,39,86.3,Month-to-month,Fiber optic,1,2,1,-0.1314693835570173,0.007216108396860773,Low,Sleeping Dog
2560-PPCHE,65,105.05,One year,Fiber optic,0,4,12,-0.1083259421588591,0.5576773012297265,Medium,Lost Cause
4676-MQUEA,50,101.9,One year,Fiber optic,0,4,12,-0.1947662522264578,0.7187343451282538,High,Lost Cause
8138-EALND,15,19.75,Month-to-month,No,0,0,1,0.2940007085510896,0.006667822148193821,Low,Sure Thing
3580-HYCSP,72,110.3,Two year,Fiber optic,0,5,24,0.1527709701109826,0.3100813383642826,Medium,Persuadable
1352-HNSAW,72,115.6,Two year,Fiber optic,0,6,24,-0.2389415814402401,0.8942343406857177,High,Lost Cause
2075-PUEPR,55,19.35,Two year,No,0,0,24,0.2874015447877719,0.16420037793696798,Low,Sure Thing
1982-FEBTD,23,25.6,Two year,No,0,0,24,0.3046353383272485,0.005041930576264709,Low,Sure Thing
5301-GAUUY,32,80.35,Month-to-month,Fiber optic,1,1,1,-0.1513664514337325,0.5830799108766139,Medium,Lost Cause
5791-KAJFD,56,68.75,One year,DSL,0,3,12,-0.1099575384156574,0.0015352346773283181,Low,Sleeping Dog
2654-VBVPB,1,19.9,Month-to-month,No,0,0,1,0.278060819952042,0.02095707588152527,Low,Sure Thing
1154-HYWWO,38,70.6,One year,DSL,0,4,12,-0.1231577745125081,0.004862806255997786,Low,Sleeping Dog
2501-XWWTZ,11,70.2,Month-to-month,Fiber optic,0,0,1,-0.1055578193464917,0.6654651055085709,High,Lost Cause
3716-UVSPD,1,49.3,Month-to-month,DSL,0,1,1,0.0003955187389117,0.8057916456222293,High,Persuadable
6815-ABQFQ,56,107.25,One year,Fiber optic,0,4,12,-0.166649467447231,0.7209071459093938,High,Lost Cause
7343-EOBEU,3,23.6,Month-to-month,No,0,0,1,0.2934797071108728,0.0114509923230831,Low,Sure Thing
3701-SFMUH,7,69.7,Month-to-month,DSL,0,3,1,-0.1435298108351631,0.5078663907670524,Medium,Lost Cause
6103-LIANB,59,99.5,Two year,Fiber optic,0,3,24,-0.1434727003399177,0.0013738001585439322,Low,Sleeping Dog
7319-VENRZ,7,64.3,Month-to-month,DSL,0,3,1,-0.0517920161544944,0.68802940368742,High,Lost Cause
5846-NEQVZ,71,70.85,Two year,DSL,0,4,24,-0.0470993202126823,0.006552606751056449,Low,Sleeping Dog
6967-QIQRV,15,101.9,One year,Fiber optic,0,4,12,-0.168444757830471,0.7712732323429511,High,Lost Cause
5781-RFZRP,71,73.5,Two year,DSL,0,4,24,-0.0576274288394297,0.5377754501878044,Medium,Lost Cause
0939-YAPAF,35,100.25,Month-to-month,Fiber optic,1,3,1,-0.1283624318079849,0.37929939820242126,Medium,Lost Cause
0308-IVGOK,11,40.4,One year,DSL,0,3,12,-0.1203680629181135,0.047689955290522966,Low,Sleeping Dog
7293-LSCDV,60,19.25,Two year,No,0,0,24,0.2879774309652697,0.9199370347854838,High,Persuadable
7025-WCBNE,47,59.6,Two year,DSL,0,2,24,-0.0584288576731295,0.013836929802587225,Low,Sleeping Dog
5756-JYOJT,11,64.9,One year,DSL,0,3,12,-0.0517920161544944,0.10706240801976279,Low,Sleeping Dog
4710-FDUIZ,56,100.3,One year,Fiber optic,1,3,12,-0.1434727003399177,0.26778024845581655,Low,Sleeping Dog
6030-REHUX,28,110.85,Month-to-month,Fiber optic,0,5,1,0.1049969927232583,0.007082724838400796,Low,Sure Thing
9548-LIGTA,61,81.05,Two year,DSL,0,5,24,-0.1392562601674915,0.0013852483941886745,Low,Sleeping Dog
5150-LJNSR,31,98.05,One year,Fiber optic,0,3,12,-0.0883089422654194,0.15359335147753203,Low,Sleeping Dog
8270-RKSAP,9,70.5,Month-to-month,Fiber optic,0,0,1,-0.156218419364147,0.02177195510857847,Low,Sleeping Dog
6522-YRBXD,35,94.55,Month-to-month,Fiber optic,0,3,1,-0.1724720328848779,0.5078179478413891,Medium,Lost Cause
2640-LYMOV,2,19.65,Month-to-month,No,0,0,1,0.2794055859435885,0.0602655025922037,Low,Sure Thing
1218-VKFPE,12,19.0,Month-to-month,No,1,0,1,0.3137916162845418,0.004144874212613169,Low,Sure Thing
3627-FHKBK,1,75.3,Month-to-month,Fiber optic,1,1,1,-0.7112487026152903,0.5877759767706339,Medium,Lost Cause
2865-TCHJW,4,89.2,Month-to-month,Fiber optic,1,2,1,-0.0582439899178585,0.4370450924181088,Medium,Lost Cause
1423-BMPBQ,1,19.0,Month-to-month,No,0,0,1,0.2947389798899313,0.1432738798032346,Low,Sure Thing
2393-DIVAI,3,20.0,Month-to-month,No,0,0,1,0.2794055859435885,0.0024200208141535715,Low,Sure Thing
5192-EBGOV,1,85.7,Month-to-month,Fiber optic,1,1,1,-0.168097513254862,0.02130484056039973,Low,Sleeping Dog
4568-KNYWR,52,63.25,Two year,DSL,0,3,24,-0.0228911647704198,0.11008511878683745,Low,Sleeping Dog
8752-IMQOS,5,20.1,One year,No,0,0,12,0.2794055859435885,0.3102717590602722,Medium,Persuadable
0742-LAFQK,72,99.15,Two year,Fiber optic,0,4,24,-0.0679258736079587,0.21105448743465974,Low,Sleeping Dog
0795-LAFGP,71,90.4,Two year,DSL,0,6,24,-0.068941026666363,0.9041861795811742,High,Lost Cause
0619-OLYUR,72,111.9,Two year,Fiber optic,0,5,24,0.1205544698415365,0.782411520328845,High,Persuadable
5512-IDZEI,46,24.9,One year,No,0,0,12,0.3248477833408759,0.0042847442778386575,Low,Sure Thing
0459-SPZHJ,63,83.5,Two year,DSL,0,5,24,-0.2005619260041936,0.806341439677489,High,Lost Cause
0215-BQKGS,30,84.3,Month-to-month,Fiber optic,0,3,1,-0.1841431621603205,0.005047580032030154,Low,Sleeping Dog
9244-ZVAPM,1,45.6,Month-to-month,DSL,0,0,1,-0.1340528840520785,0.7787899561438324,High,Lost Cause
0719-SYFRB,12,61.65,Month-to-month,DSL,1,3,1,0.0307366483365898,0.1313958117771303,Low,Sure Thing
8208-EUMTE,16,54.85,Two year,DSL,0,5,24,-0.0375526420302944,0.8850466456839468,High,Lost Cause
5172-MIGPM,4,65.55,Month-to-month,DSL,0,2,1,-0.0578605334613123,0.6260953205685095,High,Lost Cause
1710-RCXUS,51,90.35,One year,Fiber optic,0,2,12,-0.1444878533983221,0.4876508026656711,Medium,Lost Cause
0374-FIUCA,65,20.4,Two year,No,0,0,24,0.3020515521325539,0.14284595482307047,Low,Sure Thing
5839-SUYVZ,16,74.55,Month-to-month,Fiber optic,0,1,1,-0.1165728248760815,0.0010104901818051607,Low,Sleeping Dog
5173-ZXXXL,2,19.95,One year,No,0,0,12,0.2794055859435885,0.004784407654033651,Low,Sure Thing
1096-ADRUX,66,74.25,One year,Fiber optic,0,0,12,-0.1220063642123039,0.001270296191008815,Low,Sleeping Dog
2001-MCUUW,46,108.65,Two year,Fiber optic,0,5,24,0.0368600064205827,0.005008255796794261,Low,Sure Thing
2731-GJRDG,32,109.55,One year,Fiber optic,0,5,12,0.0368600064205827,0.01305518921484025,Low,Sure Thing
4723-BEGSG,72,86.65,Two year,DSL,0,5,24,-0.0710328253569911,0.004417513806182746,Low,Sleeping Dog
6516-NKQBO,38,81.0,Two year,DSL,0,5,24,-0.1513664514337325,0.663426196726331,High,Lost Cause
8672-OAUPW,51,47.85,One year,DSL,0,1,12,-0.0716848545714414,0.2942920726228527,Low,Sleeping Dog
8207-DMRVL,72,114.55,Two year,Fiber optic,0,6,24,-0.2724145558571237,0.558287920371709,Medium,Lost Cause
3419-SNJJD,65,105.25,Month-to-month,Fiber optic,1,4,1,-0.0776567229383582,0.784928309184748,High,Lost Cause
6543-CPZMK,9,29.95,Month-to-month,DSL,1,1,1,-0.2619765528497065,0.3166584500125221,Medium,Lost Cause
4765-OXPPD,9,65.0,Month-to-month,DSL,1,4,1,-0.0517920161544944,0.02165912456643161,Low,Sleeping Dog
2804-ETQDK,66,20.55,Two year,No,0,0,24,0.3020515521325539,0.02733541047578768,Low,Sure Thing
6689-VRRTK,44,109.8,One year,Fiber optic,0,5,12,-0.0126644276770725,0.08620281818291946,Low,Sleeping Dog
7138-GIRSH,50,69.5,Two year,DSL,0,3,24,-0.125579434515457,0.14767295406458,Low,Sleeping Dog
9396-ZSFLL,15,48.85,Month-to-month,DSL,0,0,1,-0.0733475396620104,0.0044699895955638645,Low,Sleeping Dog
6464-KEXXH,8,25.25,Month-to-month,DSL,0,0,1,0.2995482244176907,0.005035373979926471,Low,Sure Thing
7134-MJPDY,66,102.85,One year,Fiber optic,0,4,12,-0.3263382559063359,0.41155607479719386,Medium,Lost Cause
5240-CAOYT,57,87.55,Month-to-month,Fiber optic,0,3,1,-0.1465796520889501,0.5394854660410214,Medium,Lost Cause
4059-IIEBK,7,78.55,Month-to-month,Fiber optic,0,1,1,-0.188895097959676,0.686972702851831,High,Lost Cause
4881-JVQOD,10,34.55,Month-to-month,DSL,0,1,1,-0.1203680629181135,0.008155113039013206,Low,Sleeping Dog
0516-UXRMT,62,92.05,One year,Fiber optic,0,3,12,-0.1328892896999479,0.07162986531404178,Low,Sleeping Dog
4851-BQDNX,40,85.05,One year,Fiber optic,0,2,12,-0.1391934439699387,0.720376667654688,High,Lost Cause
5148-HKFIR,20,19.7,Two year,No,0,0,24,0.2905612171599642,0.10017757160820957,Low,Sure Thing
1009-IRMNA,7,20.0,Month-to-month,No,1,0,1,0.2854741032504064,0.5543870892612509,Medium,Persuadable
3003-CMDUU,25,95.15,Month-to-month,Fiber optic,0,3,1,-0.1818264544050471,0.17074174782106225,Low,Sleeping Dog
5016-IBERQ,23,84.25,Month-to-month,Fiber optic,0,2,1,-0.159405888983566,0.007252767106343868,Low,Sleeping Dog
6797-UCJHZ,66,104.6,One year,Fiber optic,0,4,12,-0.0941789682849774,0.07297831328936735,Low,Sleeping Dog
2469-DTSGX,72,111.65,Two year,Fiber optic,0,5,24,0.1607757538473343,0.028605885388170233,Low,Sure Thing
4554-YGZIH,49,90.05,Month-to-month,Fiber optic,1,2,1,-0.1724720328848779,0.004346196530110286,Low,Sleeping Dog
5099-BAILX,43,110.75,Month-to-month,Fiber optic,1,5,1,0.1088882589335908,0.3018057526890446,Medium,Persuadable
9931-KGHOA,46,55.0,Month-to-month,DSL,0,1,1,-0.0207796884077924,0.48706746701975473,Medium,Lost Cause
1775-KWJKQ,72,89.85,Two year,DSL,0,6,24,-0.068941026666363,0.020306218708707944,Low,Sleeping Dog
7665-VIGUD,10,20.35,One year,No,0,0,12,0.2995482244176907,0.7092939220773199,High,Persuadable
9411-TPQQV,40,54.55,One year,DSL,0,4,12,-0.0207796884077924,0.0075744210629040895,Low,Sleeping Dog
7207-RMRDB,65,105.5,Month-to-month,Fiber optic,1,4,1,-0.1083259421588591,0.09550190773979324,Low,Sleeping Dog
7954-MLBUN,31,99.45,Two year,Fiber optic,0,4,24,-0.0797946378587389,0.7097070880217365,High,Lost Cause
2077-DDHJK,68,70.9,Two year,DSL,0,4,24,-0.0470993202126823,0.005844178768362528,Low,Sleeping Dog
4913-EHYUI,56,104.55,One year,Fiber optic,1,4,12,-0.1644309306904084,0.007040897939769297,Low,Sleeping Dog
0195-IESCP,10,85.25,Month-to-month,Fiber optic,1,1,1,-0.1613362768957884,0.0323528227272582,Low,Sleeping Dog
9574-BOSMD,68,25.4,Two year,No,0,0,24,0.3200147580072676,0.28099713957277284,Low,Sure Thing
4580-TMHJU,43,56.15,Month-to-month,DSL,1,1,1,-0.0430267168894344,0.12186512316242666,Low,Sleeping Dog
0970-ETWGE,1,89.55,Month-to-month,Fiber optic,1,2,1,-0.2228773026061093,0.9418124278512338,High,Lost Cause
4908-XAXAY,49,89.85,One year,Fiber optic,0,3,12,-0.1724720328848779,0.2203353835535429,Low,Sleeping Dog
8404-VLQFB,15,25.25,Month-to-month,No,0,0,1,0.3080748297183739,0.27970959099750575,Low,Sure Thing
1626-ERCMM,20,94.55,Month-to-month,Fiber optic,1,2,1,-0.1495900298800166,0.16140602759912082,Low,Sleeping Dog
0887-HJGAR,1,45.7,Month-to-month,DSL,1,0,1,-0.1340528840520785,0.06263571186717432,Low,Sleeping Dog
2391-IPLOP,50,69.65,One year,DSL,0,3,12,-0.125579434515457,0.6262827740387285,High,Lost Cause
5644-PDMZC,2,89.5,Month-to-month,Fiber optic,1,2,1,0.0848424886548552,0.1050965992045957,Low,Sure Thing
3509-GWQGF,24,70.0,Month-to-month,Fiber optic,0,0,1,-0.1745121125806278,0.7695597550975409,High,Lost Cause
9576-ANLXO,3,69.55,Month-to-month,Fiber optic,1,0,1,-0.0896779329829589,0.028419205877113565,Low,Sleeping Dog
2024-BASKD,1,74.6,Month-to-month,Fiber optic,1,1,1,-0.7490116694947024,0.06309216332443417,Low,Sleeping Dog
5845-BZZIB,35,20.1,Two year,No,0,0,24,0.3107736621735916,0.04142505470385201,Low,Sure Thing
1140-UKVZG,17,24.8,Month-to-month,No,0,0,1,0.3080748297183739,0.017581568490430622,Low,Sure Thing
4160-AMJTL,8,19.65,Month-to-month,No,1,0,1,0.2854741032504064,0.1193348234855683,Low,Sure Thing
5183-SNMJQ,10,95.1,Month-to-month,Fiber optic,0,3,1,-0.0951640156443379,0.33876703856935353,Medium,Lost Cause
8100-PNJMH,68,88.85,Two year,DSL,0,6,24,-0.068941026666363,0.9441021408887357,High,Lost Cause
7838-LAZFO,45,78.8,One year,DSL,0,5,12,-0.155834453108037,0.037346873405869056,Low,Sleeping Dog
4464-JCOLN,2,19.85,One year,No,1,0,12,0.2794055859435885,0.012864904854122517,Low,Sure Thing
2085-JVGAD,37,20.35,Month-to-month,No,0,0,1,0.3248477833408759,0.6754828341778124,High,Persuadable
5650-VDUDS,4,24.25,Month-to-month,DSL,1,0,1,0.2934797071108728,0.25946428228049473,Low,Sure Thing
8095-WANWK,10,45.25,Month-to-month,DSL,0,0,1,-0.0787174189653582,0.06707414015322004,Low,Sleeping Dog
3030-ZKIWL,1,20.05,Month-to-month,No,0,0,1,0.278060819952042,0.0021880106907724733,Low,Sure Thing
9565-FLVCG,65,69.55,Two year,DSL,0,3,24,-0.0983589747172831,0.2215028121645651,Low,Sleeping Dog
8755-OGKNA,57,19.5,Two year,No,0,0,24,0.2874015447877719,0.01754835664679977,Low,Sure Thing
2800-VEQXM,3,74.75,Month-to-month,Fiber optic,0,1,1,-0.0623776027790588,0.010369569556995558,Low,Sleeping Dog
7538-GWHML,2,69.65,Month-to-month,Fiber optic,1,0,1,-0.0896779329829589,0.41430058671964914,Medium,Lost Cause
5533-RJFTJ,49,30.2,Month-to-month,DSL,0,1,1,-0.177583965446867,0.60687816827037,High,Lost Cause
3859-CVCET,4,45.65,Month-to-month,DSL,1,0,1,-0.0847859362721762,0.1269447040072788,Low,Sleeping Dog
0214-JHPFW,70,57.8,Two year,DSL,0,5,24,0.0014736678045381,0.2892594381060762,Low,Sure Thing
5642-MHDQT,53,19.85,One year,No,0,0,12,0.2874015447877719,0.710653445043253,High,Persuadable
3088-FVYWK,53,25.55,Two year,No,0,0,24,0.3014756659550562,0.01356996688623896,Low,Sure Thing
3276-HDUEG,1,75.05,Month-to-month,Fiber optic,1,0,1,-0.7112487026152903,0.006412028362065815,Low,Sleeping Dog
9092-GDZKO,22,24.85,Month-to-month,No,0,0,1,0.3046353383272485,0.011498023265438409,Low,Sure Thing
0823-HSCDJ,52,49.15,Month-to-month,DSL,1,3,1,-0.0759290902641967,0.17370911855029317,Low,Sleeping Dog
3729-OWRVL,65,110.35,Two year,Fiber optic,0,5,24,0.1161919828146154,0.343279796396232,Medium,Persuadable
2324-AALNO,48,24.55,One year,No,0,0,12,0.3014756659550562,0.0010164070771601546,Low,Sure Thing
0822-GAVAP,2,34.7,Month-to-month,DSL,1,1,1,-0.1264365802249314,0.5400864308172243,Medium,Lost Cause
5760-IFJOZ,3,107.95,Month-to-month,Fiber optic,0,4,1,0.4091712266539257,0.6617193475721523,High,Persuadable
2826-UWHIS,45,81.4,Month-to-month,Fiber optic,0,1,1,-0.1513664514337325,0.16245852278210413,Low,Sleeping Dog
1448-PWKYE,1,80.0,Month-to-month,Fiber optic,1,1,1,-0.332014788873508,0.05481331720485185,Low,Sleeping Dog
7501-IWUNG,61,73.8,Two year,DSL,0,4,24,-0.1215756918730143,0.021186756393201025,Low,Sleeping Dog
4957-TREIR,3,64.4,Month-to-month,DSL,0,3,1,-0.0578605334613123,0.35849743821251695,Medium,Lost Cause
7251-LJBQN,40,103.75,One year,Fiber optic,0,4,12,-0.2514902314791963,0.008402758364527672,Low,Sleeping Dog
8040-MNRTF,1,71.1,Month-to-month,Fiber optic,0,0,1,-0.5765863015622662,0.042203021382161636,Low,Sleeping Dog
1536-HBSWP,1,49.9,Month-to-month,DSL,0,1,1,0.0003955187389117,0.32662892145522904,Medium,Persuadable
5313-FPXWG,51,24.6,One year,No,0,0,12,0.3014756659550562,0.05230240757865956,Low,Sure Thing
0067-DKWBL,2,49.25,Month-to-month,DSL,1,1,1,-0.0610459924783757,0.0030433285365621347,Low,Sleeping Dog
0946-FKYTX,52,30.1,One year,DSL,0,1,12,-0.177583965446867,0.03731577921845066,Low,Sleeping Dog
5076-YVXCM,51,83.4,Month-to-month,Fiber optic,0,1,1,-0.2277823858023674,0.6873949147968865,High,Lost Cause
8262-COGGB,1,20.45,Month-to-month,No,0,0,1,0.2921349411193263,0.01669417000772371,Low,Sure Thing
6663-JOCQO,31,75.25,One year,DSL,0,4,12,-0.1072666591587911,0.006121902254744887,Low,Sleeping Dog
9620-QJREV,47,20.55,One year,No,0,0,12,0.3248477833408759,0.017244086441988847,Low,Sure Thing
2276-YDAVZ,3,75.1,Month-to-month,Fiber optic,1,0,1,-0.0623776027790588,0.6031000538657302,High,Lost Cause
2682-KEVRP,22,20.05,One year,No,0,0,12,0.2905612171599642,0.05563818456782856,Low,Sure Thing
2480-JZOSN,1,20.65,Month-to-month,No,0,0,1,0.2921349411193263,0.009267773708088355,Low,Sure Thing
0078-XZMHT,72,85.15,Two year,DSL,0,5,24,-0.0787568857699125,0.005395937787658873,Low,Sleeping Dog
5896-NPFWW,3,50.15,Month-to-month,DSL,1,1,1,-0.0610459924783757,0.8928486518619706,High,Lost Cause
9978-HYCIN,47,84.95,One year,Fiber optic,0,2,12,-0.1822878919884275,0.0007973485119642706,Low,Sleeping Dog
8338-QIUNR,72,66.5,Two year,DSL,0,3,24,-0.0019232938436765,0.004498283681877792,Low,Sleeping Dog
1525-LNLOJ,66,63.3,Two year,DSL,0,2,24,-0.0223152785929221,0.00582008782996581,Low,Sleeping Dog
9450-TRJUU,35,83.15,Month-to-month,Fiber optic,0,1,1,-0.0882483028971281,0.3811877417368604,Medium,Lost Cause
1766-GKNMI,29,84.9,Month-to-month,Fiber optic,0,1,1,-0.1841431621603205,0.06424194656374763,Low,Sleeping Dog
6942-LBFDP,2,20.55,Month-to-month,No,0,0,1,0.2934797071108728,0.4924345574495921,Medium,Persuadable
1456-TWCGB,4,49.25,Month-to-month,DSL,0,1,1,-0.0610459924783757,0.1488663923559788,Low,Sleeping Dog
7133-VBDCG,25,79.85,Month-to-month,Fiber optic,1,2,1,-0.1963161696241143,0.012186205388698586,Low,Sleeping Dog
7596-ZYWBB,65,59.6,Two year,DSL,0,3,24,-0.0298687920090758,0.08525304431324839,Low,Sleeping Dog
8329-UTMVM,27,104.65,One year,Fiber optic,0,4,12,-0.1662862008623015,0.7049734911025766,High,Lost Cause
3014-WJKSM,29,75.3,Month-to-month,Fiber optic,0,1,1,-0.2007841712984188,0.08476820131503328,Low,Sleeping Dog
3347-YJZZE,29,80.1,Month-to-month,DSL,0,4,1,-0.1963161696241143,0.020630273422513768,Low,Sleeping Dog
1029-QFBEN,1,19.55,Month-to-month,No,1,0,1,0.278060819952042,0.038540388045896,Low,Sure Thing
7929-DMBCV,20,81.0,Month-to-month,Fiber optic,0,2,1,-0.1715788964473599,0.006647030556590897,Low,Sleeping Dog
9661-JALZV,58,24.7,Two year,No,0,0,24,0.3014756659550562,0.11675332523472128,Low,Sure Thing
5433-KYGHE,14,86.0,Month-to-month,Fiber optic,0,2,1,-0.1482423371795192,0.4917894978135935,Medium,Lost Cause
4312-KFRXN,72,25.4,Two year,No,0,0,24,0.3087056166015536,0.2284428458914675,Low,Sure Thing
5575-TPIZQ,46,89.15,Month-to-month,Fiber optic,0,2,1,-0.1293775848663892,0.791207632874887,High,Lost Cause
0114-IGABW,71,58.25,Two year,DSL,0,5,24,0.0014736678045381,0.01647209073224298,Low,Sure Thing
9944-AEXBM,32,85.65,Month-to-month,Fiber optic,0,1,1,-0.1314693835570173,0.0158790407979172,Low,Sleeping Dog
1853-ARAAQ,26,50.35,Month-to-month,DSL,0,3,1,-0.0777843604360898,0.5815164533418046,Medium,Lost Cause
6952-OMNWB,68,80.35,Month-to-month,Fiber optic,0,1,1,-0.0833607689748951,0.007313965094302477,Low,Sleeping Dog
4697-LUPSU,2,20.2,One year,No,0,0,12,0.2794055859435885,0.2693734926051726,Low,Sure Thing
8434-VGEQQ,61,20.55,Two year,No,0,0,24,0.3020515521325539,0.00931413929544918,Low,Sure Thing
4952-YSOGZ,4,85.95,Month-to-month,Fiber optic,1,1,1,0.0238256376179386,0.07976074649451133,Low,Sure Thing
1589-AGTLK,3,45.35,Month-to-month,DSL,1,0,1,-0.0847859362721762,0.09184735984222114,Low,Sleeping Dog
5244-IRFIH,33,94.5,Month-to-month,Fiber optic,1,2,1,-0.1724720328848779,0.6359851239817895,High,Lost Cause
6549-YMFAW,9,21.25,Month-to-month,No,0,0,1,0.2995482244176907,0.12425754146919704,Low,Sure Thing
4950-HKQTE,22,26.25,Two year,No,0,0,24,0.4005569997138091,0.6327086597225376,High,Persuadable
6786-OBWQR,5,80.85,Month-to-month,Fiber optic,0,1,1,-0.1400916380007072,0.011922429371423127,Low,Sleeping Dog
2684-EIWEO,30,91.7,Month-to-month,Fiber optic,1,3,1,-0.174327303056771,0.6822344733592848,High,Lost Cause
2753-JMMCV,65,74.2,Two year,DSL,0,4,24,-0.1220063642123039,0.9304805243108296,High,Lost Cause
6439-GTPCA,45,87.25,Month-to-month,Fiber optic,1,2,1,-0.1314693835570173,0.0018240870152728562,Low,Sleeping Dog
6621-YOBKI,5,20.35,Month-to-month,No,0,0,1,0.2934797071108728,0.01961383042299522,Low,Sure Thing
1216-JWVUX,25,75.5,Month-to-month,Fiber optic,0,1,1,-0.2007841712984188,0.07281181410597379,Low,Sleeping Dog
7564-GHCVB,72,79.05,Two year,Fiber optic,0,1,24,-0.0797759988082112,0.6409824847347404,High,Lost Cause
1173-NOEYG,27,90.15,Month-to-month,Fiber optic,0,2,1,-0.174327303056771,0.05071464625368546,Low,Sleeping Dog
7595-EHCDL,32,50.6,Month-to-month,DSL,0,3,1,-0.0328346422457079,0.09501716638009512,Low,Sleeping Dog
6647-ZEDXT,30,110.45,One year,Fiber optic,0,5,12,0.0621358932258919,0.005453860914626522,Low,Sure Thing
2521-NPUZR,70,101.0,Two year,Fiber optic,0,5,24,-0.0912352460079429,0.0011431181247498643,Low,Sleeping Dog
1307-TVUFB,42,79.35,Month-to-month,Fiber optic,0,1,1,-0.1989289011265257,0.23143673914396912,Low,Sleeping Dog
7503-MIOGA,72,89.85,Two year,DSL,0,6,24,-0.0769937985073515,0.01360868798788549,Low,Sleeping Dog
4381-MHQDC,47,65.0,Two year,DSL,0,3,24,-0.0187313713028554,0.6076514358851283,High,Lost Cause
6923-JHPMP,2,80.45,Month-to-month,Fiber optic,0,2,1,-0.0242949976125432,0.0015950817602333304,Low,Sleeping Dog
5138-WVKYJ,10,98.55,Month-to-month,Fiber optic,1,3,1,-0.0703609299668033,0.06059233526607264,Low,Sleeping Dog
4018-PPNDW,61,24.1,Two year,No,0,0,24,0.3020515521325539,0.00591801459094667,Low,Sure Thing
1635-FJFCC,5,44.05,Month-to-month,DSL,0,0,1,-0.0847859362721762,0.17843623664048688,Low,Sleeping Dog
2499-AJYUA,72,110.8,Two year,Fiber optic,0,5,24,0.1447181982699941,0.021528026676396705,Low,Sure Thing
6919-ELBGL,72,114.95,Two year,Fiber optic,0,6,24,-0.2405737044192714,0.19839304887774892,Low,Sleeping Dog
3966-HRMZA,3,75.05,Month-to-month,Fiber optic,0,1,1,-0.0623776027790588,0.014263605375779578,Low,Sleeping Dog
6425-JWTDV,48,19.25,Two year,No,0,0,24,0.2874015447877719,0.03506157023635429,Low,Sure Thing
8405-IGQFX,63,90.05,One year,Fiber optic,0,3,12,-0.1328892896999479,0.2161675161865303,Low,Sleeping Dog
8224-IVVPA,27,56.7,Month-to-month,DSL,0,2,1,-0.0602841278450226,0.0032760946224418956,Low,Sleeping Dog
9477-LGWQI,70,80.15,Two year,DSL,0,5,24,-0.0753079971339067,0.4853712885005113,Medium,Lost Cause
1410-RSCMR,7,71.35,Month-to-month,DSL,0,4,1,-0.156218419364147,0.6551384024036616,High,Lost Cause
3115-CZMZD,0,20.25,Two year,No,0,0,24,0.278060819952042,0.03407632601352109,Low,Sure Thing
0139-IVFJG,2,90.35,Month-to-month,Fiber optic,0,3,1,0.0848424886548552,0.0718288007611277,Low,Sure Thing
6683-VLCTZ,20,98.55,Month-to-month,Fiber optic,1,3,1,-0.1570891812282926,0.03438716344120562,Low,Sleeping Dog
5730-DBDSI,66,19.7,Two year,No,0,0,24,0.2879774309652697,0.004390444433355933,Low,Sure Thing
0030-FNXPP,3,19.85,Month-to-month,No,0,0,1,0.2794055859435885,0.1849211496572386,Low,Sure Thing
2189-WWOEW,15,85.9,Month-to-month,Fiber optic,1,2,1,-0.1482423371795192,0.007544817852589804,Low,Sleeping Dog
5684-FJVYR,72,90.35,Two year,Fiber optic,0,3,24,-0.068941026666363,0.2084168080834401,Low,Sleeping Dog
4013-GUXND,1,20.8,Month-to-month,No,0,0,1,0.2921349411193263,0.0030407271645369704,Low,Sure Thing
1894-IGFSG,22,89.25,Month-to-month,Fiber optic,1,2,1,-0.1495900298800166,0.6417492999293423,High,Lost Cause
7379-POKDZ,3,70.3,Month-to-month,Fiber optic,1,0,1,-0.3287031810691396,0.36910207129209716,Medium,Lost Cause
1266-NZYUI,72,66.85,Two year,DSL,0,3,24,-0.0019232938436765,0.009030697030605111,Low,Sleeping Dog
7969-FFOWG,65,19.9,Two year,No,0,0,24,0.2879774309652697,0.03260010245068468,Low,Sure Thing
4718-DHSMV,11,35.8,Month-to-month,DSL,0,1,1,-0.1203680629181135,0.22942131282478484,Low,Sleeping Dog
5175-WLYXL,22,78.85,Month-to-month,Fiber optic,0,1,1,-0.1760468981216644,0.07977442298132782,Low,Sleeping Dog
7817-OMJNA,14,20.4,One year,No,0,0,12,0.3080748297183739,0.04499529247577242,Low,Sure Thing
8728-SKJLR,41,74.25,Month-to-month,Fiber optic,0,1,1,-0.134116555478545,0.8850466456839468,High,Lost Cause
3137-NYQQI,17,64.8,One year,DSL,0,3,12,-0.0464221368511466,0.017455983136904666,Low,Sleeping Dog
7706-DZNKK,11,20.45,Month-to-month,No,0,0,1,0.2995482244176907,0.5627801041584486,Medium,Persuadable
0236-HFWSV,15,93.35,Month-to-month,Fiber optic,1,2,1,-0.1461505384888911,0.0518152628049544,Low,Sleeping Dog
3900-AQPHZ,1,19.9,Month-to-month,No,1,0,1,0.278060819952042,0.0816694118793929,Low,Sure Thing
5842-POCOP,5,88.9,Month-to-month,Fiber optic,1,3,1,-0.0582439899178585,0.14372489129913876,Low,Sleeping Dog
2037-XJFUP,33,95.8,One year,Fiber optic,1,3,12,-0.1368767362146653,0.16767879010128262,Low,Sleeping Dog
8823-RLPWL,72,110.65,Two year,Fiber optic,0,5,24,0.1527709701109826,0.8304261436617703,High,Persuadable
9505-SQFSW,3,40.3,Month-to-month,DSL,0,2,1,-0.1264365802249314,0.19357509571068468,Low,Sleeping Dog
7314-OXENN,2,82.0,Month-to-month,Fiber optic,1,1,1,-0.0242949976125432,0.0038128099398788543,Low,Sleeping Dog
3758-CKOQL,59,107.0,One year,Fiber optic,0,5,12,-0.166649467447231,0.035946185595437885,Low,Sleeping Dog
0322-CHQRU,2,45.35,Month-to-month,DSL,1,0,1,-0.0847859362721762,0.6646031829583159,High,Lost Cause
5676-CFLYY,71,73.35,Two year,DSL,0,4,24,-0.0576274288394297,0.003815629230820343,Low,Sleeping Dog
7521-AFHAB,5,44.8,Month-to-month,DSL,0,0,1,-0.0847859362721762,0.9359606646164161,High,Lost Cause
0285-INHLN,27,54.75,Month-to-month,DSL,0,2,1,-0.0657294065981742,0.3020319008104121,Medium,Lost Cause
4678-DVQEO,1,52.2,Month-to-month,DSL,1,1,1,0.0599551303353236,0.07912057498600748,Low,Sure Thing
5125-CNDSP,63,40.6,One year,DSL,0,3,12,-0.1127596123466988,0.06276144953011065,Low,Sleeping Dog
0691-IFBQW,46,110.0,One year,Fiber optic,1,5,12,-0.0126644276770725,0.7465127773710241,High,Lost Cause
4992-LTJNE,72,55.3,Two year,DSL,0,1,24,-0.0039716109486135,0.02144252538080614,Low,Sleeping Dog
2202-OUTMO,34,60.85,Month-to-month,DSL,0,2,1,0.0121829286915625,0.188752511861376,Low,Sure Thing
0810-BDHAW,24,78.4,One year,DSL,0,4,12,-0.2007841712984188,0.15566599172985685,Low,Sleeping Dog
0229-LFJAF,72,69.65,Two year,DSL,0,4,24,-0.0344107116836984,0.0012273974069826124,Low,Sleeping Dog
7131-ZQZNK,60,59.85,Two year,DSL,0,5,24,-0.0297304680122547,0.16162621703284927,Low,Sleeping Dog
3442-ZHHCC,68,76.9,One year,DSL,0,4,12,-0.0797759988082112,0.005989108818689034,Low,Sleeping Dog
5726-CVNYA,8,19.85,Two year,No,0,0,24,0.2854741032504064,0.2701948618559345,Low,Sure Thing
9871-ELEYA,34,67.65,Two year,DSL,0,4,24,-0.0187313713028554,0.35123914300956777,Medium,Lost Cause
4257-GAESD,6,45.0,Month-to-month,DSL,0,2,1,-0.0787174189653582,0.5496667215397432,Medium,Lost Cause
5173-WXOQV,2,64.2,Month-to-month,DSL,0,3,1,-0.0578605334613123,0.0066404257038806605,Low,Sleeping Dog
2040-OBMLJ,31,81.7,One year,Fiber optic,0,1,12,-0.1027986574844866,0.9072272708877396,High,Lost Cause
6286-ZHAOK,20,25.55,Month-to-month,No,0,0,1,0.3046353383272485,0.02306470544571022,Low,Sure Thing
3807-XHCJH,1,20.0,Month-to-month,No,0,0,1,0.278060819952042,0.9190674754902993,High,Persuadable
3009-JWMPU,62,96.75,One year,Fiber optic,1,3,12,-0.1403884410482239,0.6871219481905895,High,Lost Cause
5671-RQRLP,70,75.65,Two year,Fiber optic,0,0,24,-0.0878287706491996,0.7695738827787819,High,Lost Cause
1450-GALXR,10,98.5,Month-to-month,Fiber optic,1,3,1,-0.0703609299668033,0.008101762934208584,Low,Sleeping Dog
8859-AXJZP,39,23.8,Two year,No,0,0,24,0.3248477833408759,0.022569566817892735,Low,Sure Thing
3174-AKMAS,46,64.2,Two year,DSL,0,3,24,-0.0187313713028554,0.2735791606149803,Low,Sleeping Dog
3138-BKYAV,6,85.35,Month-to-month,Fiber optic,1,2,1,-0.1968089416703295,0.9132910676649905,High,Lost Cause
9926-PJHDQ,72,76.8,Two year,DSL,0,3,24,-0.0797759988082112,0.925052766286952,High,Lost Cause
7382-DFJTU,18,55.2,Month-to-month,DSL,0,2,1,-0.0375526420302944,0.6379005373291092,High,Lost Cause
2798-NYLMZ,71,108.55,Two year,Fiber optic,0,5,24,0.1592009561901492,0.18543423339271,Low,Sure Thing
4289-DTDKW,40,101.3,Month-to-month,Fiber optic,1,3,1,-0.151671804207969,0.03612811229587332,Low,Sleeping Dog
1820-TQVEV,1,69.55,Month-to-month,Fiber optic,1,0,1,-0.4028498447391783,0.626272939154164,High,Lost Cause
2239-JALAW,58,103.25,One year,Fiber optic,1,4,12,-0.2235060519926404,0.8343802475820167,High,Lost Cause
4853-RULSV,70,104.0,Two year,Fiber optic,1,4,24,0.1064903217870728,0.09003716944860862,Low,Sure Thing
8098-TDCBU,42,25.25,Two year,No,0,0,24,0.3248477833408759,0.47962526147838735,Medium,Persuadable
3551-GAEGL,34,30.4,One year,DSL,0,1,12,-0.2398337199238567,0.6776434069403142,High,Lost Cause
4785-NKHCX,5,20.05,Month-to-month,No,0,0,1,0.2794055859435885,0.49062681117210577,Medium,Persuadable
3196-NVXLZ,25,84.6,Month-to-month,Fiber optic,0,1,1,-0.1841431621603205,0.7618861781071725,High,Lost Cause
6275-YDUVO,2,86.2,Month-to-month,Fiber optic,1,2,1,0.1396222780061026,0.08451735477114998,Low,Sure Thing
0036-IHMOT,55,103.7,One year,Fiber optic,0,5,12,-0.2235060519926404,0.016140675424957264,Low,Sleeping Dog
0115-TFERT,21,111.2,Month-to-month,Fiber optic,1,5,1,0.4486129193372585,0.0061309172067234114,Low,Sure Thing
4178-EGMON,70,88.0,Two year,Fiber optic,0,3,24,-0.0710328253569911,0.0007494978785265583,Low,Sleeping Dog
4220-TINQT,61,106.35,Month-to-month,Fiber optic,0,4,1,-0.141609609172363,0.01098390007108191,Low,Sleeping Dog
5318-YKDPV,43,79.15,Two year,DSL,0,5,24,-0.155834453108037,0.0020141382193102297,Low,Sleeping Dog
7975-TZMLR,47,103.1,One year,Fiber optic,0,4,12,-0.2083957834607075,0.49121118318870344,Medium,Lost Cause
0295-QVKPB,5,63.95,Month-to-month,DSL,0,3,1,-0.0578605334613123,0.017806660916381296,Low,Sleeping Dog
4335-BSMJS,62,25.8,Two year,No,0,0,24,0.3020515521325539,0.08573313567420641,Low,Sure Thing
2311-QYMUQ,16,89.45,Month-to-month,Fiber optic,1,3,1,-0.1461505384888911,0.11220446176580597,Low,Sleeping Dog
3643-AHCFP,7,95.6,Month-to-month,Fiber optic,1,2,1,-0.2022162943279775,0.042170780482592485,Low,Sleeping Dog
9146-JRIOX,14,25.55,Month-to-month,No,0,0,1,0.3080748297183739,0.3747858763498391,Medium,Persuadable
3104-OWCGK,60,90.95,One year,Fiber optic,1,3,12,-0.1328892896999479,0.5867668881730942,Medium,Lost Cause
5337-IIWKZ,34,44.85,Month-to-month,DSL,0,3,1,-0.0565745860395085,0.03776504926549421,Low,Sleeping Dog
9101-BWFSS,50,108.55,One year,Fiber optic,1,5,12,0.0217497378886498,0.10554476287136098,Low,Sure Thing
9650-VBUOG,38,25.05,Two year,No,0,0,24,0.3248477833408759,0.35287604274496703,Medium,Persuadable
3487-EARAT,70,74.1,One year,DSL,0,5,12,-0.0580581011787193,0.06308814845380295,Low,Sleeping Dog
2672-TGEFF,37,88.8,Month-to-month,Fiber optic,0,2,1,-0.1293775848663892,0.4192646466327934,Medium,Lost Cause
9231-ZJYAM,4,78.85,Month-to-month,Fiber optic,1,1,1,-0.1445596396750117,0.046848652351682375,Low,Sleeping Dog
4250-WAROZ,60,93.25,Month-to-month,Fiber optic,0,3,1,-0.1022200704794469,0.09423419486362451,Low,Sleeping Dog
8184-WMOFI,62,71.4,One year,DSL,0,4,12,-0.111047583246267,0.9010013582622193,High,Lost Cause
6982-SSHFK,1,44.4,Month-to-month,DSL,1,0,1,-0.1340528840520785,0.059909341483724364,Low,Sleeping Dog
6092-QZVPP,36,79.2,Month-to-month,DSL,0,5,1,-0.155834453108037,0.35813723026930705,Medium,Lost Cause
4625-LAMOB,44,20.4,Two year,No,0,0,24,0.3248477833408759,0.0017620169436648589,Low,Sure Thing
0727-BMPLR,55,100.0,One year,Fiber optic,1,3,12,-0.1714568798264736,0.1510416765502525,Low,Sleeping Dog
0392-BZIUW,72,105.0,Two year,Fiber optic,0,4,24,-0.0443776791252743,0.7350982491786185,High,Lost Cause
1038-ZAGBI,12,19.8,One year,No,1,0,12,0.2971134563466525,0.44407111554404644,Medium,Persuadable
6549-NNDYT,13,30.85,Month-to-month,DSL,0,1,1,0.3889645123545768,0.17056169931177537,Low,Sure Thing
3027-ZTDHO,1,89.9,Month-to-month,Fiber optic,1,2,1,-0.2228773026061093,0.019287438123019616,Low,Sleeping Dog
0422-OHQHQ,15,20.55,One year,No,0,0,12,0.3080748297183739,0.024057796967905012,Low,Sure Thing
6916-HIJSE,65,84.85,Two year,DSL,0,6,24,-0.1427051488034974,0.5103650231313787,Medium,Lost Cause
2316-ESMLS,12,33.15,One year,DSL,0,2,12,-0.1087287098218674,0.001855938427712132,Low,Sleeping Dog
9778-OGKQZ,72,92.0,Two year,DSL,0,6,24,-0.068941026666363,0.0028744534230709246,Low,Sleeping Dog
7408-OFWXJ,72,89.8,Two year,DSL,0,6,24,-0.068941026666363,0.0048361444584684825,Low,Sleeping Dog
6007-TCTST,72,115.8,Two year,Fiber optic,0,6,24,-0.2389415814402401,0.5489534245638473,Medium,Lost Cause
2252-NKNSI,52,85.15,Two year,DSL,0,5,24,-0.1543037125018716,0.013226520214361747,Low,Sleeping Dog
8713-IGZSO,2,24.85,Month-to-month,No,0,0,1,0.2934797071108728,0.23629898352197384,Low,Sure Thing
7905-TVXTA,5,64.35,Month-to-month,DSL,0,3,1,-0.0578605334613123,0.3960565644249525,Medium,Lost Cause
7695-PKLCZ,68,20.5,Two year,No,0,0,24,0.3200147580072676,0.15105890006605235,Low,Sure Thing
2382-BCKQJ,62,100.15,One year,Fiber optic,1,3,12,-0.1318741366415435,0.03026918657933299,Low,Sleeping Dog
8374-UULRV,72,86.05,Two year,DSL,0,5,24,-0.0710328253569911,0.05746967362852287,Low,Sleeping Dog
2207-NHRJK,1,50.8,Month-to-month,DSL,1,1,1,0.0599551303353236,0.11037136562422162,Low,Sure Thing
3224-DFQNQ,66,89.0,One year,Fiber optic,0,3,12,-0.1328892896999479,0.004947490649924702,Low,Sleeping Dog
5275-PMFUT,72,64.8,Two year,DSL,0,6,24,-0.0019232938436765,0.42462315949665097,Medium,Lost Cause
4795-UXVCJ,26,19.8,One year,No,0,0,12,0.2658239439832097,0.043579004742481886,Low,Sure Thing
9777-IQHWP,64,93.4,Two year,Fiber optic,0,3,24,-0.1328892896999479,0.0030020767125958792,Low,Sleeping Dog
0947-MUGVO,20,73.65,Month-to-month,Fiber optic,1,1,1,-0.1538983281528827,0.05315232603533798,Low,Sleeping Dog
9944-HKVVB,3,95.1,Month-to-month,Fiber optic,1,3,1,0.0802944491259953,0.41960042073288006,Medium,Persuadable
4124-MMETB,22,94.65,Month-to-month,Fiber optic,1,2,1,-0.1495900298800166,0.0043279194067056236,Low,Sleeping Dog
3671-SHRSP,4,80.6,Month-to-month,Fiber optic,1,2,1,-0.1400916380007072,0.04600490180704512,Low,Sleeping Dog
0979-MOZQI,62,39.0,Two year,DSL,0,2,24,-0.1127596123466988,0.1711772679234483,Low,Sleeping Dog
2732-ISEZX,5,20.5,Month-to-month,No,0,0,1,0.2934797071108728,0.7743191757989204,High,Persuadable
3313-QKNKB,59,85.55,One year,Fiber optic,1,1,12,-0.1465796520889501,0.4133205563628142,Medium,Lost Cause
0323-XWWTN,3,26.4,Two year,No,0,0,24,0.3894013684974334,0.0026486615111996742,Low,Sure Thing
1937-OTUKY,72,98.2,Two year,Fiber optic,0,4,24,-0.0764401780146391,0.08347834982870034,Low,Sleeping Dog
1573-LGXBA,57,97.55,One year,Fiber optic,0,4,12,-0.1519870047465982,0.0062233280288315415,Low,Sleeping Dog
1764-VUUMT,66,19.95,Two year,No,0,0,24,0.2879774309652697,0.2236347399827708,Low,Sure Thing
5073-WXOYN,60,50.8,Month-to-month,DSL,1,3,1,-0.0353140707622275,0.872687126538268,High,Lost Cause
4713-ZBURT,45,99.7,Two year,Fiber optic,0,3,24,-0.1283624318079849,0.00917758614840528,Low,Sleeping Dog
3050-GBUSH,3,34.8,Month-to-month,DSL,0,1,1,-0.1264365802249314,0.48605474490910594,Medium,Lost Cause
0207-MDKNV,15,105.1,Month-to-month,Fiber optic,1,5,1,0.0144981667540832,0.6839873219821883,High,Persuadable
7876-AEHIG,51,60.15,One year,DSL,0,5,12,-0.0029273398403703,0.6276876464685229,High,Lost Cause
7945-HLKEA,60,64.75,One year,DSL,0,3,12,-0.0332657536572905,0.046792002748617056,Low,Sleeping Dog
9342-VNIMQ,33,54.65,Month-to-month,DSL,0,1,1,-0.0207796884077924,0.09325838100086882,Low,Sleeping Dog
9851-KIELU,10,110.1,Month-to-month,Fiber optic,1,6,1,0.3211756917218693,0.05239936784897962,Low,Sure Thing
3523-BRGUW,26,19.3,One year,No,0,0,12,0.2658239439832097,0.18967893285408347,Low,Sure Thing
3908-BLSYF,6,83.9,Month-to-month,Fiber optic,1,2,1,-0.1613362768957884,0.01096819041046331,Low,Sleeping Dog
3199-NPKCN,67,111.25,One year,Fiber optic,0,5,12,-0.0718740570015304,0.9186496834865259,High,Lost Cause
5170-PTRKA,49,35.8,One year,DSL,0,2,12,-0.1133354985241966,0.08776266082661373,Low,Sleeping Dog
4661-NJEUX,1,20.05,Month-to-month,No,0,0,1,0.278060819952042,0.004141706690436699,Low,Sure Thing
2123-AGEEN,7,84.35,Month-to-month,Fiber optic,0,2,1,-0.1613362768957884,0.062054652045042034,Low,Sleeping Dog
1258-YMZNM,27,110.5,One year,Fiber optic,0,5,12,0.3107733686681221,0.5832870837822709,Medium,Persuadable
0048-LUMLS,37,91.2,One year,Fiber optic,0,2,12,-0.1293775848663892,0.550349604997508,Medium,Lost Cause
7549-MYGPK,63,100.55,Month-to-month,Fiber optic,1,4,1,0.0293648529797255,0.3700961839918242,Medium,Persuadable
5898-IGSLP,31,89.3,Month-to-month,Fiber optic,0,3,1,-0.0808097909171433,0.14188621740589524,Low,Sleeping Dog
3804-RVTGV,50,103.85,Month-to-month,Fiber optic,1,4,1,-0.2235060519926404,0.6044451660562892,High,Lost Cause
6259-WJQLC,32,81.1,Month-to-month,Fiber optic,0,1,1,-0.1944608994522212,0.007911200402795472,Low,Sleeping Dog
9227-LUNBG,1,24.6,Month-to-month,DSL,1,0,1,0.2921349411193263,0.8733222317366485,High,Persuadable
7997-EASSD,63,81.2,One year,Fiber optic,0,1,12,-0.1392562601674915,0.9608155318716509,High,Lost Cause
0730-KOAVE,30,94.3,Month-to-month,Fiber optic,0,3,1,-0.174327303056771,0.11458492455044574,Low,Sleeping Dog
8975-SKGRX,71,116.1,Two year,Fiber optic,0,6,24,-0.2389415814402401,0.8370098568251073,High,Lost Cause
0678-RLHVP,53,105.55,Two year,Fiber optic,0,4,24,-0.1199245058572334,0.08608670601374957,Low,Sleeping Dog
4315-MURBD,12,98.9,Month-to-month,Fiber optic,1,4,1,0.0054125453735183,0.1936942167711544,Low,Sure Thing
2267-FPIMA,50,94.4,Month-to-month,Fiber optic,0,3,1,-0.1444878533983221,0.0009804446356593626,Low,Sleeping Dog
1051-GEJLJ,2,19.5,Month-to-month,No,0,0,1,0.2794055859435885,0.14415071676246013,Low,Sure Thing
9734-YWGEX,9,98.3,Month-to-month,Fiber optic,1,3,1,-0.1135576551542658,0.8723333901769296,High,Lost Cause
2719-BDAQO,17,93.85,Month-to-month,Fiber optic,1,3,1,-0.1461505384888911,0.1037514441534858,Low,Sleeping Dog
5285-MVEHD,56,105.6,One year,Fiber optic,0,5,12,-0.1199245058572334,0.0436365063934209,Low,Sleeping Dog
0379-DJQHR,67,81.35,Two year,DSL,0,5,24,-0.1392562601674915,0.08527968997865276,Low,Sleeping Dog
0781-LKXBR,9,100.5,Month-to-month,Fiber optic,1,3,1,-0.0784621287351501,0.302651004969165,Medium,Lost Cause
5543-QDCRY,4,56.4,Month-to-month,DSL,0,1,1,0.0024631046097613,0.000773167004360864,Low,Sure Thing
0297-RBCSG,19,65.35,One year,DSL,0,3,12,-0.0355043249253574,0.04450150298012164,Low,Sleeping Dog
4694-PHWFW,8,19.95,Month-to-month,No,0,0,1,0.2854741032504064,0.010881919831022872,Low,Sure Thing
0835-JKADZ,71,111.25,Two year,Fiber optic,0,5,24,0.1205544698415365,0.8189069744081103,High,Persuadable
1907-UBQFC,10,72.85,Month-to-month,Fiber optic,1,1,1,-0.2244510123558736,0.033277766772891286,Low,Sleeping Dog
7508-SMHXL,15,89.0,Month-to-month,Fiber optic,0,2,1,-0.1461505384888911,0.0013994042164867868,Low,Sleeping Dog
3865-YIOTT,72,106.1,One year,Fiber optic,0,4,12,-0.1294532223786254,0.21060552254985979,Low,Sleeping Dog
5993-BQHEA,12,20.05,One year,No,0,0,12,0.2971134563466525,0.08314572405551086,Low,Sure Thing
6024-RUGGH,72,25.2,Two year,No,0,0,24,0.3087056166015536,0.4844626538075251,Medium,Persuadable
6513-EECDB,1,73.55,Month-to-month,Fiber optic,1,0,1,-0.9278426556689646,0.009645698120849791,Low,Sleeping Dog
3956-CJUST,23,75.4,Month-to-month,Fiber optic,0,1,1,-0.1760468981216644,0.2005098467100621,Low,Sleeping Dog
4079-WWQQQ,72,65.55,Two year,DSL,0,6,24,-0.0019232938436765,0.10701084177876256,Low,Sleeping Dog
6103-BOCOU,26,80.7,Month-to-month,Fiber optic,0,1,1,-0.1963161696241143,0.012907752203544018,Low,Sleeping Dog
5149-TGWDZ,21,104.55,One year,Fiber optic,0,5,12,-0.141548927685547,0.02551597081613646,Low,Sleeping Dog
7471-WNSUF,60,24.15,One year,No,0,0,12,0.3020515521325539,0.0665241228751422,Low,Sure Thing
8942-DBMHZ,12,20.45,Month-to-month,No,0,0,1,0.3111875775139368,0.0010503609749608076,Low,Sure Thing
4301-VVZKA,16,75.4,Month-to-month,Fiber optic,0,0,1,-0.1835252186563282,0.864308920454968,High,Lost Cause
9199-PWQVC,63,79.7,One year,DSL,0,4,12,-0.1392562601674915,0.44358449569585573,Medium,Lost Cause
4824-GUCBY,22,81.7,Month-to-month,Fiber optic,0,2,1,-0.1715788964473599,0.004756286815967747,Low,Sleeping Dog
5393-HJZSM,32,76.3,Month-to-month,DSL,0,5,1,-0.155834453108037,0.0011412412525208836,Low,Sleeping Dog
7074-IEVOJ,3,79.4,Month-to-month,Fiber optic,1,1,1,-0.0579096011047543,0.034953334297650816,Low,Sleeping Dog
9625-QSTYE,13,81.15,Month-to-month,Fiber optic,1,2,1,-0.1790572169820237,0.6565929067843085,High,Lost Cause
0862-PRCBS,68,103.75,Two year,Fiber optic,0,4,24,-0.1479592252606814,0.02979400224501413,Low,Sleeping Dog
8812-ZRHFP,30,86.45,One year,Fiber optic,0,2,12,-0.1764191017473991,0.009188678529151116,Low,Sleeping Dog
5146-CBVOE,16,75.1,Month-to-month,Fiber optic,0,1,1,-0.1835252186563282,0.30454168573059753,Medium,Lost Cause
0454-OKRCT,33,80.6,Two year,Fiber optic,0,2,24,-0.1513664514337325,0.8243803734301922,High,Lost Cause
5787-KXGIY,72,19.3,Two year,No,0,0,24,0.2543004633347139,0.009725628464372535,Low,Sure Thing
4750-ZRXIU,4,84.6,Month-to-month,Fiber optic,1,1,1,-0.0906814667368234,0.6372836495985745,High,Lost Cause
4198-VFOEA,12,33.6,One year,DSL,0,2,12,-0.1087287098218674,0.06482716598858933,Low,Sleeping Dog
6630-UJZMY,4,83.25,Month-to-month,Fiber optic,0,1,1,-0.0769734894641028,0.5413564363933747,Medium,Lost Cause
5709-LVOEQ,0,80.85,Two year,DSL,0,5,24,-0.332014788873508,0.0069256231868741296,Low,Sleeping Dog
6400-BWQKW,6,79.05,Month-to-month,Fiber optic,1,1,1,-0.188895097959676,0.003484493765436785,Low,Sleeping Dog
2692-AQCPF,65,108.05,One year,Fiber optic,0,5,12,0.0377385481177483,0.007325129226538754,Low,Sure Thing
0347-UBKUZ,15,19.9,Month-to-month,No,0,0,1,0.2940007085510896,0.14573775659581908,Low,Sure Thing
0835-DUUIQ,24,21.05,One year,No,0,0,12,0.279898065150494,0.002977607090818172,Low,Sure Thing
0811-GSDTP,13,30.15,Month-to-month,DSL,0,1,1,-0.2534499475490233,0.7052338955292573,High,Lost Cause
7567-ECMCM,24,79.85,Month-to-month,Fiber optic,0,1,1,-0.1963161696241143,0.011445330097625493,Low,Sleeping Dog
6115-ZTBFQ,72,65.5,Two year,DSL,0,6,24,-0.0019232938436765,0.003832042400483692,Low,Sleeping Dog
6353-BRMMA,54,104.1,Month-to-month,Fiber optic,0,4,1,-0.1364467512038525,0.04379810559967129,Low,Sleeping Dog
6680-WKXRZ,3,74.4,Month-to-month,Fiber optic,1,0,1,-0.0692940297079543,0.0012488781664438996,Low,Sleeping Dog
6231-WFGFH,4,20.5,Month-to-month,No,0,0,1,0.2934797071108728,0.8850466456839468,High,Persuadable
9904-EHEVJ,32,91.35,Month-to-month,Fiber optic,0,2,1,-0.1724720328848779,0.4894078378534175,Medium,Lost Cause
7028-DVOIQ,35,99.05,Month-to-month,Fiber optic,1,3,1,-0.1714568798264736,0.007190461188709218,Low,Sleeping Dog
6169-PPETC,35,20.5,Two year,No,0,0,24,0.3248477833408759,0.6938012585238732,High,Persuadable
4208-UFFGW,2,44.95,Month-to-month,DSL,1,0,1,-0.0847859362721762,0.05438964249767537,Low,Sleeping Dog
8584-KMVXD,8,75.6,Month-to-month,Fiber optic,0,1,1,-0.188895097959676,0.09087872254519597,Low,Sleeping Dog
8467-WYNSR,22,55.1,Month-to-month,DSL,0,2,1,-0.0409921334214198,0.00470735181771834,Low,Sleeping Dog
0851-DFJKB,15,58.95,Month-to-month,DSL,0,3,1,-0.0321073632771427,0.0009358475846848621,Low,Sleeping Dog
5382-SOYZL,22,95.1,Month-to-month,Fiber optic,0,2,1,-0.0932336277321155,0.03147766876797819,Low,Sleeping Dog
9448-REEVD,1,44.7,Month-to-month,DSL,1,0,1,-0.1340528840520785,0.11386123484780984,Low,Sleeping Dog
3261-CQXOL,71,25.45,Two year,No,0,0,24,0.3200147580072676,0.015023761991082596,Low,Sure Thing
8388-FYNPZ,4,56.75,Month-to-month,DSL,0,2,1,-0.0435457598873084,0.5930936081395749,Medium,Lost Cause
4002-BQWPQ,25,81.75,Month-to-month,DSL,0,5,1,-0.1963161696241143,0.029870532095054764,Low,Sleeping Dog
5651-YLPRD,32,86.1,Month-to-month,Fiber optic,0,2,1,-0.1314693835570173,0.06591899298631464,Low,Sleeping Dog
2826-DXLQO,7,29.8,Month-to-month,DSL,0,1,1,0.1250841948874323,0.02223242886460206,Low,Sure Thing
4378-BZYFP,17,20.5,One year,No,0,0,12,0.3080748297183739,0.5747465640243888,Medium,Persuadable
9489-UTFKA,8,60.9,Month-to-month,DSL,0,2,1,0.0190972952403437,0.0641297046151706,Low,Sure Thing
4849-PYRLQ,56,73.25,Two year,DSL,0,4,24,-0.1611584350579445,0.03107131575238815,Low,Sleeping Dog
9117-SHLZX,1,45.7,Month-to-month,DSL,1,0,1,-0.1340528840520785,0.2728672696489875,Low,Sleeping Dog
9889-TMAHG,8,100.3,Month-to-month,Fiber optic,1,4,1,-0.239701118356419,0.11201076909531522,Low,Sleeping Dog
4541-RMRLG,7,19.25,Month-to-month,No,1,0,1,0.2854741032504064,0.829113675874218,High,Persuadable
7764-BDPEE,3,20.85,Month-to-month,No,0,0,1,0.2934797071108728,0.8810727571810862,High,Persuadable
3429-IFLEM,71,77.35,Two year,DSL,0,5,24,-0.0797759988082112,0.008875801284777047,Low,Sleeping Dog
3158-MOERK,2,96.0,Month-to-month,Fiber optic,1,2,1,0.0773433373065791,0.6192989507076619,High,Persuadable
7294-TMAOP,1,90.55,Month-to-month,Fiber optic,1,2,1,-0.2228773026061093,0.10709916571953541,Low,Sleeping Dog
5002-GCQFH,49,93.85,Month-to-month,Fiber optic,0,3,1,-0.1444878533983221,0.7635242641891008,High,Lost Cause
0556-FJEGU,58,70.1,Two year,DSL,0,4,24,-0.1290507668223793,0.261226705250409,Low,Sleeping Dog
8919-FYFQZ,44,30.35,Month-to-month,DSL,1,1,1,-0.2829281679423455,0.6433002489423155,High,Lost Cause
0604-THJFP,59,75.95,Two year,DSL,0,4,24,-0.1553228255401703,0.414046831468065,Medium,Lost Cause
2834-JRTUA,71,108.05,Two year,Fiber optic,1,5,24,0.1592009561901492,0.05835895560787669,Low,Sure Thing
5875-YPQFJ,1,69.9,Month-to-month,Fiber optic,1,0,1,-0.4028498447391783,0.011959741236627247,Low,Sleeping Dog
5879-SESNB,11,75.25,Month-to-month,Fiber optic,0,0,1,-0.188895097959676,0.003313601474847131,Low,Sleeping Dog
6646-QVXLR,62,103.75,One year,Fiber optic,1,4,12,-0.1812382690737652,0.19561440915158568,Low,Sleeping Dog
6461-PPAXN,35,54.95,One year,DSL,0,2,12,-0.0207796884077924,0.2107427336635758,Low,Sleeping Dog
3318-ISQFQ,20,19.5,Month-to-month,No,0,0,1,0.2905612171599642,0.8328170414854043,High,Persuadable
1106-HRLKZ,40,19.6,Two year,No,0,0,24,0.3107736621735916,0.09582170478078363,Low,Sure Thing
2483-XSSMZ,39,47.85,One year,DSL,0,1,12,-0.0565745860395085,0.013263854290644675,Low,Sleeping Dog
8603-IJWDN,1,86.6,Month-to-month,Fiber optic,1,1,1,-0.168097513254862,0.0059600233879551,Low,Sleeping Dog
8165-ZJRNM,72,23.75,Two year,No,0,0,24,0.3087056166015536,0.5447296026938495,Medium,Persuadable
9369-XFEHK,33,80.6,Month-to-month,Fiber optic,1,1,1,-0.1944608994522212,0.730017503849924,High,Lost Cause
2604-XVDAM,12,43.8,Month-to-month,DSL,0,0,1,-0.0282731089955124,0.07948991793034281,Low,Sleeping Dog
3717-OFRTN,1,19.75,Month-to-month,No,0,0,1,0.278060819952042,0.016848827852335935,Low,Sure Thing
9046-JBFWA,27,19.15,Month-to-month,No,0,0,1,0.2825021039210989,0.050388571722006316,Low,Sure Thing
3280-NMUVX,34,19.6,One year,No,0,0,12,0.3107736621735916,0.12955887578473213,Low,Sure Thing
1206-EHBDD,56,80.3,Two year,Fiber optic,0,2,24,-0.1508548238658658,0.643302366860431,High,Lost Cause
8361-LBRDI,58,24.35,Two year,No,0,0,24,0.3014756659550562,0.012127492494662037,Low,Sure Thing
4883-KCPZJ,22,25.25,Two year,No,0,0,24,0.3046353383272485,0.01581203607336119,Low,Sure Thing
9108-EQPNQ,10,26.1,Two year,No,0,0,24,0.2995482244176907,0.02239505645950794,Low,Sure Thing
7277-KAMWT,13,20.0,Two year,No,0,0,24,0.2940007085510896,0.9533694996372764,High,Persuadable
3842-IYKUE,35,85.3,Month-to-month,Fiber optic,1,2,1,-0.1314693835570173,0.5712898190115435,Medium,Lost Cause
6641-XRPSU,34,70.0,Month-to-month,Fiber optic,1,0,1,-0.129562394390246,0.003038238463038684,Low,Sleeping Dog
1374-DMZUI,4,94.3,Month-to-month,Fiber optic,1,2,1,-0.0582439899178585,0.6640509721445836,High,Lost Cause
2545-LXYVJ,72,20.7,Two year,No,0,0,24,0.3087056166015536,0.8436393473770033,High,Persuadable
3234-VKACU,2,70.3,Month-to-month,DSL,0,3,1,-0.3287031810691396,0.03728772407012629,Low,Sleeping Dog
8357-EQXFO,7,95.35,Month-to-month,Fiber optic,1,3,1,-0.2022162943279775,0.0782589501773542,Low,Sleeping Dog
1989-PRJHP,27,75.5,Month-to-month,Fiber optic,1,0,1,-0.2007841712984188,0.876339422056439,High,Lost Cause
8120-JDCAM,4,69.55,Month-to-month,Fiber optic,0,0,1,-0.1495983281419811,0.10584788931825284,Low,Sleeping Dog
8917-FAEMR,37,19.85,Two year,No,0,0,24,0.3107736621735916,0.04769825893789914,Low,Sure Thing
7047-YXDMZ,21,20.0,Month-to-month,No,0,0,1,0.2905612171599642,0.006224957726411825,Low,Sure Thing
2858-EIMXH,53,95.85,One year,Fiber optic,0,2,12,-0.179971184233154,0.8788773392306467,High,Lost Cause
9524-EGPJC,18,90.1,Month-to-month,Fiber optic,1,2,1,-0.1461505384888911,0.03773207751934869,Low,Sleeping Dog
6993-OHLXR,2,68.95,Month-to-month,Fiber optic,1,0,1,-0.0896779329829589,0.03981267916379426,Low,Sleeping Dog
8818-XYFCQ,32,99.55,Month-to-month,Fiber optic,1,3,1,-0.1283624318079849,0.0031433742138137146,Low,Sleeping Dog
6419-ZTTLE,23,20.75,One year,No,0,0,12,0.3046353383272485,0.0173201547784107,Low,Sure Thing
0929-HYQEW,3,50.15,Month-to-month,DSL,0,1,1,-0.0610459924783757,0.23882950793156119,Low,Sleeping Dog
6614-YOLAC,71,58.65,Two year,DSL,0,5,24,0.0014736678045381,0.47479556691707464,Medium,Persuadable
7426-RHZGU,9,95.9,Month-to-month,Fiber optic,0,3,1,-0.2022162943279775,0.19282813377812325,Low,Sleeping Dog
4065-JJAVA,1,49.5,Month-to-month,DSL,0,1,1,0.0003955187389117,0.6382106543428062,High,Persuadable
4695-VADHF,18,57.45,Month-to-month,DSL,1,2,1,-0.0321073632771427,0.6014435577254456,High,Lost Cause
3863-IUBJR,12,53.65,One year,DSL,1,1,12,-0.031283168237396,0.38835339424208776,Medium,Lost Cause
7649-SIJJF,71,80.1,Two year,DSL,0,5,24,-0.0753079971339067,0.023683898355756423,Low,Sleeping Dog
9361-YNQWJ,64,24.4,One year,No,0,0,12,0.3020515521325539,0.10277494068925364,Low,Sure Thing
3748-FVMZZ,4,40.05,Month-to-month,DSL,0,2,1,-0.1264365802249314,0.9594691433563919,High,Lost Cause
9391-TTOYH,23,19.5,Month-to-month,No,0,0,1,0.2905612171599642,0.20463617087532446,Low,Sure Thing
1452-XRSJV,39,51.05,Month-to-month,DSL,0,1,1,-0.0207796884077924,0.0025387221793841466,Low,Sleeping Dog
3422-WJOYD,28,54.35,One year,DSL,0,2,12,-0.0657294065981742,0.09231561843624903,Low,Sleeping Dog
8242-SOQUO,5,84.7,Month-to-month,Fiber optic,0,2,1,-0.0906814667368234,0.05500228114801405,Low,Sleeping Dog
7460-ITWWP,45,86.1,Month-to-month,Fiber optic,0,2,1,-0.174563831575506,0.921403602384721,High,Lost Cause
7147-AYBAA,37,70.35,Month-to-month,Fiber optic,0,0,1,-0.1300994529474636,0.007690272974122441,Low,Sleeping Dog
7868-TMWMZ,60,110.0,Two year,Fiber optic,0,6,24,0.0619777812590826,0.05200447527797695,Low,Sure Thing
4822-RVYBB,8,100.6,Month-to-month,Fiber optic,1,3,1,-0.0784621287351501,0.7113007756168894,High,Lost Cause
6732-FZUGP,47,94.9,One year,Fiber optic,0,3,12,-0.1293775848663892,0.0009004388102521373,Low,Sleeping Dog
8436-BJUMM,26,83.75,Month-to-month,Fiber optic,1,1,1,-0.2576218354608164,0.4022048415418828,Medium,Lost Cause
4184-TJFAN,3,88.3,Month-to-month,Fiber optic,1,3,1,0.2829416461458359,0.6444698642632584,High,Persuadable
8329-GWVPJ,50,69.75,Month-to-month,Fiber optic,0,0,1,-0.125579434515457,0.008165003990299855,Low,Sleeping Dog
1352-VHKAJ,27,71.6,Month-to-month,DSL,0,3,1,-0.1681074927028898,0.07590541070987651,Low,Sleeping Dog
4145-UQXUQ,8,92.1,Month-to-month,Fiber optic,1,3,1,-0.1947171429797015,0.04977751911908309,Low,Sleeping Dog
2632-TACXW,62,23.65,Two year,No,0,0,24,0.3020515521325539,0.3615243124091206,Medium,Persuadable
8146-QQKZH,71,81.85,Two year,DSL,0,5,24,-0.0753079971339067,0.7340719022010679,High,Lost Cause
1767-CJKBA,66,25.1,Two year,No,0,0,24,0.3020515521325539,0.007268384229669207,Low,Sure Thing
6445-TNRXS,68,114.7,Two year,Fiber optic,0,6,24,-0.2724145558571237,0.005135894582211511,Low,Sleeping Dog
4581-LNWUM,13,49.15,Month-to-month,DSL,0,3,1,-0.0496075958682099,0.006852223883767289,Low,Sleeping Dog
4869-EPIUS,56,80.9,One year,Fiber optic,0,1,12,-0.1508548238658658,0.8591258956309948,High,Lost Cause
9948-YPTDG,38,79.45,Month-to-month,Fiber optic,1,2,1,-0.1513664514337325,0.06175756006193032,Low,Sleeping Dog
1236-WFCDV,14,90.45,Month-to-month,Fiber optic,1,2,1,-0.1461505384888911,0.018711210691916145,Low,Sleeping Dog
1915-OAKWD,16,19.3,One year,No,0,0,12,0.2940007085510896,0.0020427989967677905,Low,Sure Thing
7296-PIXQY,14,70.2,Month-to-month,Fiber optic,0,0,1,-0.1001879400431439,0.9428199109253624,High,Lost Cause
4883-QICIH,32,69.75,Month-to-month,Fiber optic,1,0,1,-0.1104691659835242,0.06445558291227067,Low,Sleeping Dog
3354-OADJP,8,54.25,One year,DSL,0,2,12,-0.0429225213336422,0.3534304072407732,Medium,Lost Cause
3524-WQDSG,43,99.3,Month-to-month,Fiber optic,0,3,1,-0.1283624318079849,0.5100227782084046,Medium,Lost Cause
0810-DHDBD,52,74.0,One year,DSL,0,4,12,-0.1650513777362519,0.8112964451762391,High,Lost Cause
4026-SKKHW,3,50.25,Month-to-month,DSL,0,1,1,-0.0610459924783757,0.08278735240023759,Low,Sleeping Dog
2829-HYVZP,29,19.8,One year,No,0,0,12,0.2658239439832097,0.16876147563861374,Low,Sure Thing
8329-IBCTI,1,19.65,Month-to-month,No,1,0,1,0.278060819952042,0.3733822999044471,Medium,Persuadable
1271-SJBGZ,12,43.65,Month-to-month,DSL,1,3,1,0.226991079134302,0.13696759787102242,Low,Sure Thing
3845-JHAMY,16,35.5,Month-to-month,DSL,0,1,1,-0.1149981836147657,0.001909180634246641,Low,Sleeping Dog
7013-PSXHK,40,80.75,One year,DSL,0,4,12,-0.1513664514337325,0.27346533949934654,Low,Sleeping Dog
5669-SRAIP,5,39.5,Month-to-month,DSL,1,2,1,-0.1264365802249314,0.0068833539200352095,Low,Sleeping Dog
5981-ITEMU,40,97.1,Month-to-month,Fiber optic,1,2,1,-0.1368767362146653,0.010939032526974304,Low,Sleeping Dog
3486-NPGST,36,19.55,One year,No,0,0,12,0.3107736621735916,0.10584239185037207,Low,Sure Thing
6941-PMGEP,5,80.0,Month-to-month,Fiber optic,1,1,1,-0.1400916380007072,0.1861295915192712,Low,Sleeping Dog
1624-WOIWJ,10,84.7,Month-to-month,Fiber optic,1,2,1,-0.1613362768957884,0.12171452139818306,Low,Sleeping Dog
2074-GKOWZ,2,89.55,Month-to-month,Fiber optic,1,2,1,0.0848424886548552,0.21859419465586008,Low,Sure Thing
0376-YMCJC,23,90.6,Month-to-month,Fiber optic,1,2,1,-0.1495900298800166,0.10200621854785118,Low,Sleeping Dog
6100-FJZDG,26,20.05,One year,No,0,0,12,0.2658239439832097,0.3489411285060446,Medium,Persuadable
4829-ZLJTK,72,112.4,Two year,Fiber optic,0,5,24,5.12931291045243,0.5840562892250892,Medium,Persuadable
1730-VFMWO,34,50.2,Month-to-month,DSL,0,1,1,-0.0328346422457079,0.00818148081543499,Low,Sleeping Dog
7143-BQIBA,10,62.25,Month-to-month,DSL,0,3,1,0.0190972952403437,0.8892166889243208,High,Persuadable
3800-LYTRK,14,55.7,One year,DSL,0,2,12,-0.0597996705119363,0.6682374943569821,High,Lost Cause
0634-SZPQA,23,90.05,Month-to-month,Fiber optic,1,2,1,-0.1495900298800166,0.7515767063334473,High,Lost Cause
9646-NMHXE,47,19.65,Two year,No,0,0,24,0.3107736621735916,0.2455791258934623,Low,Sure Thing
7030-NJVDP,24,89.25,Month-to-month,Fiber optic,0,3,1,-0.174327303056771,0.08928099995334071,Low,Sleeping Dog
5536-RTPWK,49,99.05,Month-to-month,Fiber optic,1,3,1,-0.1434727003399177,0.10378771979962127,Low,Sleeping Dog
8883-GRDWQ,20,54.0,One year,DSL,0,2,12,-0.0409921334214198,0.01605875532463431,Low,Sleeping Dog
6166-ILMNY,2,69.75,Month-to-month,Fiber optic,1,0,1,-0.0896779329829589,0.005514352981068553,Low,Sleeping Dog
3097-NNSPB,2,49.05,Month-to-month,DSL,1,1,1,-0.3383208050206258,0.32872674249133615,Medium,Lost Cause
7771-ZONAT,22,56.75,Two year,DSL,0,4,24,-0.0355468546682681,0.27403622130043553,Low,Sleeping Dog
0655-RBDUG,7,98.05,Month-to-month,Fiber optic,1,3,1,-0.1135576551542658,0.004492939891172216,Low,Sleeping Dog
2111-DWYHN,1,21.1,Month-to-month,No,0,0,1,0.2921349411193263,0.6906557643356548,High,Persuadable
4194-WHFCB,59,96.65,Month-to-month,Fiber optic,0,3,1,-0.1519870047465982,0.6538656438867588,High,Lost Cause
4121-AGSIN,58,24.5,One year,No,0,0,12,0.3014756659550562,0.2022279960039534,Low,Sure Thing
4361-BKAXE,41,114.5,Month-to-month,Fiber optic,1,6,1,-0.5259507911099801,0.0013464943342632572,Low,Sleeping Dog
9845-PEEKO,59,79.2,Two year,Fiber optic,0,1,24,-0.1617862356767858,0.2712810094683512,Low,Sleeping Dog
0455-XFASS,3,69.55,Month-to-month,Fiber optic,0,0,1,-0.0896779329829589,0.3961538640129662,Medium,Lost Cause
0301-KOBTQ,32,20.05,Two year,No,0,0,24,0.3107736621735916,0.7577951709563894,High,Persuadable
1751-NCDLI,46,98.85,Month-to-month,Fiber optic,0,3,1,-0.1717909745366271,0.034804901279288175,Low,Sleeping Dog
4367-NUYAO,0,25.75,Two year,No,0,0,24,0.2921349411193263,0.02557648867205037,Low,Sure Thing
9878-TNQGW,2,80.95,Month-to-month,Fiber optic,1,1,1,-0.0242949976125432,0.03683535561811845,Low,Sleeping Dog
9170-ARBTB,52,19.6,One year,No,0,0,12,0.2874015447877719,0.6332046257594688,High,Persuadable
4441-NIHPT,13,74.3,Month-to-month,Fiber optic,1,1,1,-0.1618073210268361,0.009788579401754418,Low,Sleeping Dog
8999-BOHSE,11,89.7,Month-to-month,Fiber optic,1,2,1,-0.1515204177922389,0.19668627470115352,Low,Sleeping Dog
7241-AJHFS,32,87.65,Month-to-month,Fiber optic,0,2,1,-0.1314693835570173,0.22675156703327196,Low,Sleeping Dog
7029-RPUAV,17,100.45,Month-to-month,Fiber optic,1,3,1,-0.1451353854304868,0.020722813284252326,Low,Sleeping Dog
4546-FOKWR,16,74.75,Month-to-month,Fiber optic,0,0,1,-0.1835252186563282,0.171116929141811,Low,Sleeping Dog
9036-CSKBW,51,107.45,One year,Fiber optic,0,5,12,-0.166649467447231,0.06347360412622031,Low,Sleeping Dog
5832-TRLPB,29,75.35,One year,DSL,0,4,12,-0.2007841712984188,0.007222680447940268,Low,Sleeping Dog
8590-YFFQO,70,64.95,Two year,DSL,0,4,24,-0.0019232938436765,0.1941241647248312,Low,Sleeping Dog
8659-IOOPU,71,100.45,Two year,Fiber optic,0,4,24,-0.0679258736079587,0.0027954935234372823,Low,Sleeping Dog
1338-CECEE,41,68.5,One year,DSL,0,3,12,-0.1104691659835242,0.009936940076143671,Low,Sleeping Dog
7439-DKZTW,1,80.55,Month-to-month,Fiber optic,0,1,1,-0.332014788873508,0.02147721919425537,Low,Sleeping Dog
4646-QZXTF,7,81.25,Month-to-month,DSL,0,5,1,-0.1844270962853715,0.6689513805292792,High,Lost Cause
4607-CHPCA,25,90.4,One year,Fiber optic,1,2,12,-0.174327303056771,0.041312810960902446,Low,Sleeping Dog
9742-XOKTS,67,89.55,One year,Fiber optic,0,3,12,-0.1328892896999479,0.9171526508735811,High,Lost Cause
6921-OZMFH,5,55.7,Month-to-month,DSL,0,1,1,-0.0712380671221021,0.005688272080310861,Low,Sleeping Dog
9578-FOMUK,15,24.8,Month-to-month,No,0,0,1,0.3080748297183739,0.004795512039527948,Low,Sure Thing
4712-UYOOI,20,20.0,Month-to-month,No,0,0,1,0.2905612171599642,0.7482108146997973,High,Persuadable
8824-RWFXJ,3,56.15,Month-to-month,DSL,1,2,1,-0.0712380671221021,0.03955948447189652,Low,Sleeping Dog
7722-CVFXN,54,105.2,One year,Fiber optic,0,4,12,-0.1199245058572334,0.1706110658903098,Low,Sleeping Dog
8717-VCTXJ,42,19.55,One year,No,0,0,12,0.3107736621735916,0.009170014772559146,Low,Sure Thing
7363-QTBIW,9,79.75,Month-to-month,Fiber optic,0,1,1,-0.1844270962853715,0.009540791468155075,Low,Sleeping Dog
4159-NAAIX,63,97.45,Two year,Fiber optic,0,3,24,-0.1403884410482239,0.35959721353178664,Medium,Lost Cause
0971-QIFJK,69,24.25,Two year,No,0,0,24,0.3200147580072676,0.005504427317029781,Low,Sure Thing
9397-TZSHA,69,24.6,Two year,No,0,0,24,0.3200147580072676,0.8160378662966488,High,Persuadable
3391-JSQEW,40,50.15,Month-to-month,DSL,0,1,1,-0.0328346422457079,0.008709754191689985,Low,Sleeping Dog
0343-QLUZP,60,39.6,Two year,DSL,0,3,24,-0.1127596123466988,0.6375384571144208,High,Lost Cause
9763-PDTKK,4,94.4,Month-to-month,Fiber optic,1,4,1,-0.0582439899178585,0.00876764211238915,Low,Sleeping Dog
2176-LVPNX,71,89.85,Two year,DSL,0,6,24,-0.0769937985073515,0.0033672661069547682,Low,Sleeping Dog
7627-JKIAZ,37,78.95,Month-to-month,Fiber optic,1,1,1,-0.155834453108037,0.03606954016754393,Low,Sleeping Dog
3312-UUMZW,32,98.85,Month-to-month,Fiber optic,0,3,1,-0.0428075534406812,0.38513393586840056,Medium,Lost Cause
1271-UODNO,39,53.85,Two year,DSL,0,1,24,-0.0207796884077924,0.4807601922398903,Medium,Lost Cause
8461-EFQYM,38,24.25,One year,No,0,0,12,0.3248477833408759,0.04270583703318916,Low,Sure Thing
6900-RBKER,52,89.45,Two year,Fiber optic,0,2,24,-0.1444878533983221,0.14390077927488185,Low,Sleeping Dog
6891-JPYFF,48,105.25,Month-to-month,Fiber optic,0,4,1,-0.1199245058572334,0.03869143173142116,Low,Sleeping Dog
1459-QNFQT,70,59.5,Two year,DSL,0,5,24,0.0014736678045381,0.5510567576671636,Medium,Persuadable
1047-NNCBF,20,70.55,Month-to-month,Fiber optic,0,0,1,-0.1433702195261354,0.24947756594063852,Low,Sleeping Dog
3696-XRIEN,50,82.5,One year,DSL,0,5,12,-0.1664767199656654,0.19715192873670026,Low,Sleeping Dog
4081-DYXAV,19,44.85,One year,DSL,1,2,12,-0.0733475396620104,0.6983663460844051,High,Lost Cause
0074-HDKDG,25,61.6,One year,DSL,0,3,12,-0.0327667894988193,0.12018100565035501,Low,Sleeping Dog
8791-GFXLZ,12,49.05,Month-to-month,DSL,0,1,1,-0.3206129346175618,0.007980153095560315,Low,Sleeping Dog
8111-SLLHI,39,105.65,Month-to-month,Fiber optic,1,4,1,-0.1479086853437892,0.0463586635311753,Low,Sleeping Dog
0927-LCSMG,7,74.65,Month-to-month,Fiber optic,1,1,1,0.1427891982706607,0.10721084470276444,Low,Sure Thing
9330-DHBFL,23,66.25,One year,DSL,0,4,12,-0.0389438163164828,0.025578099225764938,Low,Sleeping Dog
0098-BOWSO,27,19.4,Month-to-month,No,0,0,1,0.2658239439832097,0.005267942616436411,Low,Sure Thing
3452-ABWRL,47,86.05,Month-to-month,Fiber optic,0,1,1,-0.174563831575506,0.08463643234842194,Low,Sleeping Dog
5859-HZYLF,26,19.15,Two year,No,0,0,24,0.2825021039210989,0.2424009779923575,Low,Sure Thing
8257-RZAHR,14,64.7,Month-to-month,DSL,1,2,1,-0.0464221368511466,0.5631146963096006,Medium,Lost Cause
5293-WXJAK,11,104.05,Month-to-month,Fiber optic,1,4,1,0.1330590550610754,0.3716159597398287,Medium,Persuadable
3156-QLHBO,2,19.25,Month-to-month,No,0,0,1,0.2794055859435885,0.005882169653818552,Low,Sure Thing
2208-NQBCT,26,81.95,Month-to-month,Fiber optic,0,2,1,-0.1963161696241143,0.0310772453293949,Low,Sleeping Dog
1779-PWPMG,72,114.65,Two year,Fiber optic,0,6,24,-0.274046678836155,0.013508196802380643,Low,Sleeping Dog
6621-NRZAK,63,20.0,Two year,No,0,0,24,0.2879774309652697,0.7707007913244391,High,Persuadable
0831-JNISG,71,19.8,Two year,No,0,0,24,0.3059406368399833,0.05271735105446098,Low,Sure Thing
0774-IFUVM,11,65.15,Month-to-month,DSL,0,2,1,-0.0517920161544944,0.07728027021510704,Low,Sleeping Dog
3082-WQRVY,14,19.65,One year,No,0,0,12,0.2940007085510896,0.03339889085646459,Low,Sure Thing
9553-DLCLU,13,88.95,Two year,DSL,0,6,24,-0.1461505384888911,0.03946620994790958,Low,Sleeping Dog
1641-BYBTK,6,20.2,Month-to-month,No,0,0,1,0.2854741032504064,0.0030368935875129473,Low,Sure Thing
2460-NGXBJ,11,75.2,Month-to-month,Fiber optic,0,0,1,-0.188895097959676,0.6059014332808685,High,Lost Cause
2446-ZKVAF,18,56.8,Month-to-month,DSL,0,1,1,-0.0321073632771427,0.6856606942557463,High,Lost Cause
0841-NULXI,1,35.55,Month-to-month,DSL,1,1,1,-0.3322638787828313,0.23305977111129061,Low,Sleeping Dog
3522-CDKHF,32,75.5,Month-to-month,Fiber optic,0,1,1,-0.155834453108037,0.40751042115071706,Medium,Lost Cause
1430-SFQSA,29,35.6,One year,DSL,0,2,12,-0.1431749481826455,0.8243577178790747,High,Lost Cause
0411-EZJZE,3,60.25,Month-to-month,DSL,0,1,1,0.0130287779335258,0.021566902476133906,Low,Sure Thing
7851-WZEKY,2,95.15,Month-to-month,Fiber optic,1,2,1,0.0773433373065791,0.3957208628971045,Medium,Persuadable
8844-TONUD,13,96.65,Month-to-month,Fiber optic,1,3,1,-0.1536496898371672,0.003789607583299277,Low,Sleeping Dog
8807-ARQET,41,40.35,Month-to-month,DSL,0,2,1,-0.0982252299922637,0.1392066683139973,Low,Sleeping Dog
8992-CEUEN,1,18.85,Month-to-month,No,0,0,1,0.2947389798899313,0.944208899273944,High,Persuadable
4320-QMLLA,7,54.85,Month-to-month,DSL,0,1,1,-0.0429225213336422,0.7688222228767004,High,Lost Cause
8777-PVYGU,52,64.3,One year,DSL,0,3,12,-0.0338416398347883,0.014667339014550052,Low,Sleeping Dog
8292-ITGYJ,45,24.65,Two year,No,0,0,24,0.3248477833408759,0.3675464529873691,Medium,Persuadable
6870-ZWMNX,70,76.1,Two year,DSL,0,4,24,-0.0797759988082112,0.011365523273113956,Low,Sleeping Dog
0621-CXBKL,53,18.7,Two year,No,0,0,24,0.3040797047256611,0.03477542263658454,Low,Sure Thing
5268-DSMNQ,62,97.95,One year,Fiber optic,0,3,12,-0.109719221827723,0.7599656686331899,High,Lost Cause
5334-JLAXU,60,94.1,Month-to-month,Fiber optic,0,3,1,-0.1328892896999479,0.002111560194956044,Low,Sleeping Dog
4086-YQSNZ,3,80.4,Month-to-month,Fiber optic,1,1,1,-0.0579096011047543,0.7112317024671725,High,Lost Cause
6242-MBHPK,23,95.1,Month-to-month,Fiber optic,0,3,1,-0.0932336277321155,0.5921461928119102,Medium,Lost Cause
5868-CZJDR,1,31.35,Month-to-month,DSL,1,1,1,-0.3322638787828313,0.003507213405331179,Low,Sleeping Dog
9359-UGBTK,67,72.35,One year,DSL,0,4,12,-0.111047583246267,0.0014456470122598437,Low,Sleeping Dog
0135-NMXAP,12,89.75,Month-to-month,Fiber optic,1,2,1,-0.0811574860521896,0.2366697410702662,Low,Sleeping Dog
4782-OSFXZ,71,82.7,Two year,DSL,0,5,24,-0.0833607689748951,0.47501328550532995,Medium,Lost Cause
6479-OAUSD,25,19.9,One year,No,0,0,12,0.2658239439832097,0.008660310096689943,Low,Sure Thing
7129-ACFOG,5,53.8,Month-to-month,DSL,0,1,1,-0.0489910386404601,0.057838499963651556,Low,Sleeping Dog
4189-NAKJS,26,51.55,One year,DSL,0,0,12,-0.0657294065981742,0.008233016072487534,Low,Sleeping Dog
5562-BETPV,1,19.65,One year,No,0,0,12,0.278060819952042,0.009369498870976121,Low,Sure Thing
1282-IHQAC,70,44.05,One year,DSL,0,3,12,-0.0478192804213181,0.11483911404260018,Low,Sleeping Dog
9127-FHJBZ,72,114.0,Two year,Fiber optic,0,6,24,-0.2724145558571237,0.11825682490485817,Low,Sleeping Dog
6270-OMFIW,60,94.4,One year,Fiber optic,1,3,12,-0.1328892896999479,0.02971812108912081,Low,Sleeping Dog
1641-RQDAY,32,100.4,Month-to-month,Fiber optic,0,3,1,-0.1714568798264736,0.3597617712789752,Medium,Lost Cause
0107-WESLM,1,19.85,Month-to-month,No,1,0,1,0.278060819952042,0.7483164881233971,High,Persuadable
6994-ORCWG,14,54.25,One year,DSL,0,1,12,-0.0375526420302944,0.1923347161601483,Low,Sleeping Dog
1346-UFHAX,13,80.0,Month-to-month,Fiber optic,0,1,1,-0.1790572169820237,0.09992627646314661,Low,Sleeping Dog
3992-YWPKO,6,109.9,Month-to-month,Fiber optic,1,5,1,0.2589170714012922,0.003967027936681808,Low,Sure Thing
2933-XEUJM,46,79.2,Two year,DSL,0,4,24,-0.155834453108037,0.016772205711837657,Low,Sleeping Dog
0125-LZQXK,15,101.35,Month-to-month,Fiber optic,1,4,1,-0.168444757830471,0.018505353062038453,Low,Sleeping Dog
5461-QKNTN,43,94.3,Month-to-month,Fiber optic,0,3,1,-0.1724720328848779,0.0006284609445483064,Low,Sleeping Dog
4835-YSJMR,39,49.8,Two year,DSL,0,1,24,-0.0328346422457079,0.43166139453742525,Medium,Lost Cause
8399-YNDCH,21,60.05,Month-to-month,DSL,1,2,1,-0.0080295163220648,0.011114659740210081,Low,Sleeping Dog
3164-YAXFY,57,53.75,Month-to-month,DSL,0,4,1,-0.0358899569397253,0.24030999246382523,Low,Sleeping Dog
0887-WBJVH,53,93.45,One year,Fiber optic,0,3,12,-0.1444878533983221,0.37501708486226965,Medium,Lost Cause
4660-IRIBM,18,87.9,Month-to-month,Fiber optic,0,3,1,-0.1482423371795192,0.003410414183757418,Low,Sleeping Dog
5673-FSSMF,1,60.15,Month-to-month,DSL,1,1,1,0.1219749469093096,0.9483418000330905,High,Persuadable
7670-ZBPOQ,58,61.05,One year,DSL,0,2,12,-0.0303063541897525,0.6218089434056631,High,Lost Cause
8089-UZWLX,71,104.05,Two year,Fiber optic,0,3,24,0.0984375499460844,0.07495976324324176,Low,Sure Thing
0080-OROZO,35,99.25,One year,Fiber optic,0,4,12,-0.1283624318079849,0.018391202161665513,Low,Sleeping Dog
3916-NRPAP,3,85.7,Month-to-month,Fiber optic,0,2,1,0.1060076745138915,0.36609958547573757,Medium,Persuadable
6807-SIWJI,38,104.85,One year,Fiber optic,0,4,12,-0.1048142373253005,0.015165316334171598,Low,Sleeping Dog
8221-HVAYI,35,69.15,Two year,DSL,0,4,24,-0.1104691659835242,0.7796717628781287,High,Lost Cause
1579-KLYDT,7,90.45,Month-to-month,Fiber optic,1,2,1,-0.1947171429797015,0.0025111942691179575,Low,Sleeping Dog
5232-NXPAY,47,74.45,Two year,DSL,0,4,24,-0.0888820593277904,0.31804930492134137,Medium,Lost Cause
8967-SZQAS,14,50.45,Month-to-month,DSL,0,1,1,-0.0496075958682099,0.5908889591132929,Medium,Lost Cause
4468-KAZHE,20,60.0,Month-to-month,DSL,0,2,1,-0.0080295163220648,0.0592163225155932,Low,Sleeping Dog
0455-ENTCR,66,85.25,Two year,DSL,0,5,24,-0.1427051488034974,0.04589050440346804,Low,Sleeping Dog
8944-AILEF,15,19.45,Month-to-month,No,0,0,1,0.2940007085510896,0.5272420045333154,Medium,Persuadable
5542-NKVRU,42,20.75,Two year,No,0,0,24,0.3248477833408759,0.176763461560507,Low,Sure Thing
7126-RBHSD,17,78.9,Month-to-month,Fiber optic,0,1,1,-0.1835252186563282,0.11740083750968666,Low,Sleeping Dog
5370-IIVVL,37,104.5,One year,Fiber optic,0,4,12,-0.1213364826719196,0.7622754066388803,High,Lost Cause
6789-HJBWG,12,49.4,Month-to-month,DSL,0,1,1,-0.0433381220753116,0.001999963049496872,Low,Sleeping Dog
3927-NLNRY,53,94.25,One year,Fiber optic,1,3,12,-0.1444878533983221,0.596380961205463,Medium,Lost Cause
9087-EYCPR,60,25.0,Two year,No,0,0,24,0.3020515521325539,0.6212772889393878,High,Persuadable
6791-YBNAK,18,25.55,Month-to-month,DSL,0,0,1,0.3080748297183739,0.014708129341873452,Low,Sure Thing
6358-LYNGM,1,74.9,Month-to-month,Fiber optic,1,0,1,-0.7112487026152903,0.018360047983941374,Low,Sleeping Dog
6077-BDPXA,3,70.15,Month-to-month,Fiber optic,0,0,1,-0.0517059414942873,0.0004585790044687275,Low,Sleeping Dog
0013-MHZWF,9,69.4,Month-to-month,DSL,0,3,1,-0.1435298108351631,0.26819532928509543,Low,Sleeping Dog
5494-HECPR,1,80.25,Month-to-month,Fiber optic,1,1,1,-0.332014788873508,0.449199868448406,Medium,Lost Cause
8268-YDIXR,56,93.15,One year,Fiber optic,0,3,12,-0.1444878533983221,0.8178256312868765,High,Lost Cause
9824-BEMCV,17,69.0,Month-to-month,Fiber optic,1,0,1,-0.1381599315318153,0.6566290684958104,High,Lost Cause
1373-ORVIZ,11,66.35,Month-to-month,DSL,1,2,1,-0.0517920161544944,0.8386209679734314,High,Lost Cause
4291-SHSBH,7,69.55,Month-to-month,Fiber optic,0,0,1,-0.1435298108351631,0.38141843115758745,Medium,Lost Cause
6980-IMXXE,69,20.2,Two year,No,0,0,24,0.3059406368399833,0.009799519559381539,Low,Sure Thing
9866-QEVEE,19,86.0,Month-to-month,Fiber optic,1,1,1,-0.1482423371795192,0.008286284564592353,Low,Sleeping Dog
9897-KXHCM,3,80.3,Month-to-month,Fiber optic,1,1,1,-0.0579096011047543,0.003342237255705619,Low,Sleeping Dog
0040-HALCW,54,20.4,Two year,No,0,0,24,0.3014756659550562,0.23119206772942327,Low,Sure Thing
0784-GTUUK,62,23.75,One year,No,0,0,12,0.3020515521325539,0.03601562532102067,Low,Sure Thing
7979-CORPM,24,90.55,Month-to-month,Fiber optic,1,2,1,-0.174327303056771,0.3774918716217455,Medium,Lost Cause
2294-DMMUS,62,70.45,Month-to-month,DSL,0,2,1,-0.2013959287875531,0.13004427944086536,Low,Sleeping Dog
0872-JCPIB,17,65.75,Month-to-month,DSL,0,2,1,-0.0464221368511466,0.8017689428771856,High,Lost Cause
3055-MJDSB,9,24.6,Month-to-month,DSL,0,0,1,0.2995482244176907,0.35078772845673684,Medium,Persuadable
9091-WTUUY,64,69.25,Two year,DSL,0,4,24,-0.0983589747172831,0.003609464403553669,Low,Sleeping Dog
1618-CFHME,2,75.9,Month-to-month,Fiber optic,1,0,1,-0.0287629992868477,0.02552395418825627,Low,Sleeping Dog
3165-HDOEW,1,45.85,Month-to-month,DSL,1,0,1,-0.1340528840520785,0.7542491050016283,High,Lost Cause
6581-NQCBA,16,49.95,Month-to-month,DSL,1,3,1,-0.0496075958682099,0.007683656637032792,Low,Sleeping Dog
7115-IRDHS,72,24.65,Two year,No,0,0,24,0.3087056166015536,0.004196438536202485,Low,Sure Thing
8496-DMZUK,30,90.4,One year,Fiber optic,0,3,12,-0.174327303056771,0.07788166983551281,Low,Sleeping Dog
2040-VZIKE,49,100.85,Month-to-month,Fiber optic,0,3,1,-0.1667820727399019,0.8844659780008253,High,Lost Cause
9068-VPWQQ,61,75.35,Two year,DSL,0,4,24,-0.143724261841796,0.10337615999481005,Low,Sleeping Dog
0178-SZBHO,47,87.2,Month-to-month,Fiber optic,0,2,1,-0.1314693835570173,0.006971337968653034,Low,Sleeping Dog
0384-RVBPI,20,64.4,Month-to-month,DSL,0,3,1,-0.0389438163164828,0.5715601830075796,Medium,Lost Cause
1689-MRZQR,34,78.3,Month-to-month,Fiber optic,1,1,1,-0.155834453108037,0.6272154337978296,High,Lost Cause
1299-AURJA,70,24.7,Two year,No,0,0,24,0.3200147580072676,0.0006195012476681657,Low,Sure Thing
4525-VZCZG,54,105.85,One year,Fiber optic,0,5,12,-0.1532081728707372,0.9099390055736144,High,Lost Cause
1543-LLLFT,61,98.3,One year,Fiber optic,0,4,12,-0.109719221827723,0.14799315982466352,Low,Sleeping Dog
5835-BEQEU,3,76.95,Month-to-month,Fiber optic,1,0,1,-0.0623776027790588,0.07671694534635341,Low,Sleeping Dog
2788-CJQAQ,13,19.45,One year,No,0,0,12,0.2940007085510896,0.010869786209725044,Low,Sure Thing
5565-FILXA,16,96.15,Month-to-month,Fiber optic,1,2,1,-0.1536496898371672,0.041513798316881234,Low,Sleeping Dog
0319-QZTCO,3,58.7,Month-to-month,DSL,0,2,1,-0.0435457598873084,0.00643424734085946,Low,Sleeping Dog
2120-SMPEX,25,20.15,Month-to-month,No,0,0,1,0.2658239439832097,0.0038786284780907617,Low,Sure Thing
0096-FCPUF,30,64.5,Month-to-month,DSL,0,2,1,-0.0636810894932372,0.23569387573051606,Low,Sleeping Dog
0668-OGMHD,21,28.5,Month-to-month,DSL,0,1,1,0.4944877534089669,0.011187475790634354,Low,Sure Thing
5552-ZNFSJ,1,45.3,Month-to-month,DSL,1,0,1,-0.1340528840520785,0.007543808526168424,Low,Sleeping Dog
2223-KAGMX,15,19.4,Month-to-month,No,1,0,1,0.2940007085510896,0.2387456378734377,Low,Sure Thing
6507-ZJSUR,23,90.45,Month-to-month,Fiber optic,0,2,1,-0.1495900298800166,0.5762203440891356,Medium,Lost Cause
9408-HRXRK,45,105.15,Month-to-month,Fiber optic,0,4,1,-0.1048142373253005,0.03318439520551916,Low,Sleeping Dog
5593-SUAOO,24,83.15,One year,Fiber optic,0,2,12,-0.13319802108751,0.6385769319098533,High,Lost Cause
7321-PKUYW,11,90.15,Month-to-month,Fiber optic,1,2,1,-0.1515204177922389,0.3212523355375587,Medium,Lost Cause
2833-SLKDQ,1,45.05,Month-to-month,DSL,1,0,1,-0.1340528840520785,0.021977637097927456,Low,Sleeping Dog
6766-HFKLA,56,103.2,Two year,Fiber optic,0,4,24,-0.2235060519926404,0.09158228920233984,Low,Sleeping Dog
7595-EUIVN,1,75.8,Month-to-month,Fiber optic,1,1,1,-0.3364827905478125,0.5698528086214184,Medium,Lost Cause
7617-EYGLW,1,19.45,Month-to-month,No,0,0,1,0.278060819952042,0.0032693419279557086,Low,Sure Thing
2026-TGDHM,7,79.3,Month-to-month,Fiber optic,1,1,1,-0.188895097959676,0.7912554884137949,High,Lost Cause
9220-ZNKJI,55,88.8,Two year,Fiber optic,0,3,24,-0.1724720328848779,0.07781322476131196,Low,Sleeping Dog
4030-VPZBD,2,30.9,Month-to-month,DSL,1,1,1,0.3775261157444111,0.007674822262146047,Low,Sure Thing
2226-ICFDO,72,85.9,Two year,DSL,0,5,24,-0.0710328253569911,0.0961056223825421,Low,Sleeping Dog
0723-VSOBE,45,34.2,One year,DSL,0,1,12,-0.1413196780107524,0.011514627462178762,Low,Sleeping Dog
5529-GIBVH,47,20.15,Two year,No,0,0,24,0.3107736621735916,0.00409919220597055,Low,Sure Thing
4187-CINZD,46,95.25,One year,Fiber optic,1,3,12,-0.179971184233154,0.02275631270300346,Low,Sleeping Dog
9992-UJOEL,2,50.3,Month-to-month,DSL,0,1,1,-0.0610459924783757,0.7147411178895896,High,Lost Cause
4741-WWJQZ,2,80.15,Month-to-month,Fiber optic,0,2,1,-0.0242949976125432,0.5579825946614232,Medium,Lost Cause
6625-UTXEW,12,51.25,Month-to-month,DSL,0,1,1,-0.031283168237396,0.8052807817874065,High,Lost Cause
6818-WOBHJ,68,89.6,Month-to-month,Fiber optic,1,2,1,-0.0769937985073515,0.09002584034454068,Low,Sleeping Dog
6244-BESBM,69,95.2,Two year,Fiber optic,0,3,24,-0.0764401780146391,0.004773982414695028,Low,Sleeping Dog
1004-NOZNR,56,94.8,One year,Fiber optic,0,3,12,-0.1724720328848779,0.05461255279490889,Low,Sleeping Dog
1251-STYSZ,4,80.25,Month-to-month,Fiber optic,0,1,1,-0.1400916380007072,0.16063323192719764,Low,Sleeping Dog
2612-PHGOX,64,76.1,Two year,DSL,0,4,24,-0.143724261841796,0.015584361732603432,Low,Sleeping Dog
2408-TZMJL,59,110.15,One year,Fiber optic,1,5,12,-0.013809377271118,0.011659649186424386,Low,Sleeping Dog
8480-PPONV,62,115.55,Two year,Fiber optic,0,6,24,-0.4577904419467113,0.001903223340461637,Low,Sleeping Dog
8780-IHCRN,63,24.65,Two year,No,0,0,24,0.3020515521325539,0.7021119620272823,High,Persuadable
4598-ZADCK,53,53.6,One year,DSL,0,5,12,-0.0358899569397253,0.5968587059297761,Medium,Lost Cause
1257-SXUXQ,5,19.45,Month-to-month,No,0,0,1,0.2794055859435885,0.0036198548730860575,Low,Sure Thing
9681-KYGYB,49,88.2,Month-to-month,Fiber optic,0,3,1,-0.174563831575506,0.3716159597398287,Medium,Lost Cause
7182-OVLBJ,62,101.15,Two year,Fiber optic,0,3,24,-0.1551835090415277,0.06829869942500656,Low,Sleeping Dog
5095-ETBRJ,55,56.8,Two year,DSL,0,3,24,-0.0304446781865736,0.3487697035749802,Medium,Lost Cause
7005-CYUIL,71,99.4,Two year,Fiber optic,0,5,24,-0.0759786454489471,0.0410037299268641,Low,Sleeping Dog
4821-WQOYN,72,20.1,Two year,No,0,0,24,0.2946314954342693,0.34312046934581186,Medium,Persuadable
4730-AWNAU,36,60.7,One year,DSL,0,5,12,0.0121829286915625,0.6300780091393615,High,Persuadable
3452-FLHYD,25,20.95,One year,No,0,0,12,0.279898065150494,0.7422988654977134,High,Persuadable
2388-LAESQ,72,114.85,Two year,Fiber optic,0,6,24,-0.274046678836155,0.3020074733704831,Medium,Lost Cause
9531-NSBMR,36,19.25,One year,No,0,0,12,0.3107736621735916,0.0008725436209779409,Low,Sure Thing
6260-ONULR,1,62.8,Month-to-month,DSL,0,2,1,0.0910933100534708,0.009879292038035406,Low,Sure Thing
4389-UEFCZ,72,105.5,Two year,Fiber optic,0,4,24,-0.1209061080141463,0.2838009819765808,Low,Sleeping Dog
8711-LOBKY,59,19.85,Two year,No,0,0,24,0.2874015447877719,0.0013054681375131657,Low,Sure Thing
9134-CEQMF,7,89.5,Month-to-month,Fiber optic,1,2,1,-0.1947171429797015,0.14180601948414442,Low,Sleeping Dog
8985-OOPOS,1,74.1,One year,DSL,0,4,12,-1.0589780680955478,0.4316994225351653,Medium,Lost Cause
8800-ZKRFW,30,107.5,Month-to-month,Fiber optic,0,5,1,-0.3048289188694443,0.6933782763581133,High,Lost Cause
2616-FLVQC,64,19.55,Two year,No,0,0,24,0.2879774309652697,0.07731324020022352,Low,Sure Thing
9968-FFVVH,63,68.8,One year,DSL,0,4,12,-0.0983589747172831,0.10785526299567715,Low,Sleeping Dog
3108-PCCGG,72,84.45,Two year,DSL,0,5,24,-0.086809657610901,0.005592622405744592,Low,Sleeping Dog
7993-PYKOF,8,75.0,Month-to-month,Fiber optic,1,1,1,-0.188895097959676,0.792595348273975,High,Lost Cause
8390-FESFV,62,84.5,Two year,DSL,0,5,24,-0.1427051488034974,0.5893563692614464,Medium,Lost Cause
3022-BEXHZ,67,111.2,Two year,Fiber optic,0,5,24,-0.0568385031119945,0.8371398738959503,High,Lost Cause
5027-XWQHA,6,44.75,Month-to-month,DSL,1,0,1,-0.0787174189653582,0.46707399739392175,Medium,Lost Cause
6248-TKCQV,70,80.6,Two year,DSL,0,4,24,-0.0753079971339067,0.014879465899375105,Low,Sleeping Dog
6729-GDNGC,20,80.7,Month-to-month,Fiber optic,0,1,1,-0.1715788964473599,0.04065359957787743,Low,Sleeping Dog
6198-ZFIOJ,5,75.6,Month-to-month,Fiber optic,0,0,1,-0.1445596396750117,0.02013966639317111,Low,Sleeping Dog
5989-OMNJE,24,57.6,One year,DSL,0,5,12,-0.0602841278450226,0.9685311361051178,High,Lost Cause
4566-QVRRW,11,44.05,Month-to-month,DSL,1,0,1,-0.0787174189653582,0.6490208144051275,High,Lost Cause
1291-CUOCY,72,110.6,Two year,Fiber optic,0,5,24,0.1527709701109826,0.22365452106798078,Low,Sure Thing
9795-SHUHB,66,58.2,Two year,DSL,0,3,24,-0.0298687920090758,0.8636797307298086,High,Lost Cause
3230-IUALN,45,81.0,Two year,DSL,0,5,24,-0.1513664514337325,0.007956119455809279,Low,Sleeping Dog
0042-RLHYP,69,19.7,Two year,No,0,0,24,0.3059406368399833,0.0480891636400838,Low,Sure Thing
8519-IMDHU,15,85.6,Month-to-month,Fiber optic,1,1,1,-0.1482423371795192,0.013569365812855727,Low,Sleeping Dog
4945-RVMTE,28,59.55,Month-to-month,DSL,0,2,1,-0.0602841278450226,0.5406297224333104,Medium,Lost Cause
0201-OAMXR,70,115.55,One year,Fiber optic,1,6,12,-0.2389415814402401,0.02108056100012438,Low,Sleeping Dog
1866-NXPSP,36,75.55,One year,DSL,0,5,12,-0.155834453108037,0.08166113523805983,Low,Sleeping Dog
3372-KWFBM,16,86.6,Month-to-month,Fiber optic,1,1,1,-0.1482423371795192,0.10259552817291206,Low,Sleeping Dog
7831-QGOXH,18,85.2,Month-to-month,Fiber optic,1,1,1,-0.1559663975924406,0.0018366845385878313,Low,Sleeping Dog
6393-WRYZE,34,97.65,Month-to-month,Fiber optic,1,2,1,-0.1368767362146653,0.4282913507649897,Medium,Lost Cause
3941-XTSKM,42,45.1,One year,DSL,0,3,12,-0.0565745860395085,0.48160891456732213,Medium,Lost Cause
1661-CZBAU,48,70.95,One year,DSL,0,3,12,-0.1382680430444409,0.36005424864695534,Medium,Lost Cause
6599-RCLCJ,47,109.55,Month-to-month,Fiber optic,1,5,1,0.0368600064205827,0.13107047559770454,Low,Sure Thing
9831-BPFRI,39,89.55,One year,Fiber optic,1,3,12,-0.1293775848663892,0.18286604982830382,Low,Sleeping Dog
5158-RIVOP,11,20.9,Two year,No,0,0,24,0.2995482244176907,0.004448307158498829,Low,Sure Thing
9788-YTFGE,7,19.95,Month-to-month,No,0,0,1,0.2854741032504064,0.05220980145452975,Low,Sure Thing
9277-JOOMO,3,24.6,Month-to-month,No,0,0,1,0.2934797071108728,0.4771258766980883,Medium,Persuadable
1907-YLNYW,8,66.7,Month-to-month,DSL,0,3,1,-0.0517920161544944,0.006276080355726669,Low,Sleeping Dog
1725-MIMXW,1,19.45,Month-to-month,No,1,0,1,0.278060819952042,0.707514596221654,High,Persuadable
8947-YRTDV,32,94.8,One year,Fiber optic,0,4,12,-0.1293775848663892,0.1832846816893237,Low,Sleeping Dog
3161-ONRWK,60,65.85,One year,DSL,0,4,12,-0.0332657536572905,0.7639717000492041,High,Lost Cause
0114-RSRRW,10,19.95,Month-to-month,No,0,0,1,0.2854741032504064,0.373387815815095,Medium,Persuadable
4565-NLZBV,71,24.65,Two year,No,0,0,24,0.3200147580072676,0.006891413979337076,Low,Sure Thing
0031-PVLZI,4,20.35,Month-to-month,No,1,0,1,0.2934797071108728,0.007213523934157154,Low,Sure Thing
7206-GZCDC,1,69.25,Month-to-month,Fiber optic,1,0,1,-0.4028498447391783,0.5433229319152902,Medium,Lost Cause
6682-VCIXC,43,51.25,One year,DSL,0,4,12,-0.0207796884077924,0.06710039185232418,Low,Sleeping Dog
4791-QRGMF,59,99.5,One year,Fiber optic,1,3,12,-0.1434727003399177,0.02329690777799889,Low,Sleeping Dog
6475-VHUIZ,23,54.25,Month-to-month,DSL,0,2,1,-0.0409921334214198,0.5448370519070266,Medium,Lost Cause
3910-MRQOY,72,19.4,Two year,No,0,0,24,0.2543004633347139,0.1324682067411066,Low,Sure Thing
0661-WCQNQ,22,56.25,One year,DSL,0,2,12,-0.0632391619030618,0.7618469248046096,High,Lost Cause
7537-RBWEA,1,25.15,Month-to-month,DSL,0,0,1,0.2921349411193263,0.4124018404092345,Medium,Persuadable
4656-CAURT,69,23.95,Two year,No,0,0,24,0.3200147580072676,0.20617130040518425,Low,Sure Thing
0121-SNYRK,50,35.4,One year,DSL,0,2,12,-0.1133354985241966,0.6365394655918131,High,Lost Cause
1768-ZAIFU,1,25.2,Month-to-month,DSL,1,0,1,0.2921349411193263,0.006506410320199216,Low,Sure Thing
4671-LXRDQ,2,45.0,Month-to-month,DSL,1,0,1,-0.0847859362721762,0.0773920529310479,Low,Sleeping Dog
3733-LSYCE,15,75.35,Month-to-month,Fiber optic,0,1,1,-0.1835252186563282,0.4572916561800049,Medium,Lost Cause
6265-FRMTQ,31,20.4,Two year,No,0,0,24,0.3734155772901217,0.09170055329394633,Low,Sure Thing
1934-SJVJK,1,20.15,Month-to-month,No,1,0,1,0.278060819952042,0.9259268028783794,High,Persuadable
3838-OZURD,66,105.0,Month-to-month,Fiber optic,1,4,1,-0.1083259421588591,0.9359779287997249,High,Lost Cause
1371-DWPAZ,0,56.05,Two year,DSL,0,5,24,0.0377081018536816,0.0030645276257901624,Low,Sure Thing
9269-CQOOL,3,54.7,Month-to-month,DSL,1,1,1,-0.0489910386404601,0.15739980474525309,Low,Sleeping Dog
2017-CCBLH,8,20.0,Two year,No,0,0,24,0.2854741032504064,0.49719557892904254,Medium,Persuadable
7690-KPNCU,64,73.05,One year,DSL,0,4,12,-0.1215756918730143,0.12848586519308602,Low,Sleeping Dog
0536-BGFMZ,28,20.5,Month-to-month,No,0,0,1,0.279898065150494,0.38126410050530074,Medium,Persuadable
2293-IJWPS,57,100.75,One year,Fiber optic,0,3,12,-0.1667820727399019,0.4641347329324847,Medium,Lost Cause
2845-HSJCY,14,87.25,Month-to-month,Fiber optic,1,2,1,-0.1482423371795192,0.15229203739088382,Low,Sleeping Dog
5469-NUJUR,19,19.95,Two year,No,0,0,24,0.2940007085510896,0.03237498375873402,Low,Sure Thing
1184-PJVDB,10,79.95,Month-to-month,Fiber optic,1,1,1,-0.1844270962853715,0.42913875041777444,Medium,Lost Cause
2625-TRCZQ,51,49.65,Month-to-month,DSL,0,3,1,-0.0479449107776408,0.5291392798829911,Medium,Lost Cause
4102-HLENU,67,65.65,Two year,DSL,0,3,24,-0.0332657536572905,0.2483676531322928,Low,Sleeping Dog
7266-GSSJX,11,20.45,Month-to-month,No,0,0,1,0.2995482244176907,0.013683963564677855,Low,Sure Thing
7722-VJRQD,72,60.95,Two year,DSL,0,5,24,0.0016119918013591,0.6380742057997019,High,Persuadable
7073-QETQY,66,20.35,One year,No,0,0,12,0.3020515521325539,0.4792243133200175,Medium,Persuadable
9415-DPEWS,18,88.35,Month-to-month,Fiber optic,1,2,1,0.0286916344524251,0.0036378481288071515,Low,Sure Thing
5624-RYAMH,9,19.5,Month-to-month,No,0,0,1,0.2854741032504064,0.8235335906844866,High,Persuadable
0196-JTUQI,9,75.2,Month-to-month,Fiber optic,0,0,1,-0.188895097959676,0.006914070490270416,Low,Sleeping Dog
7130-YXBRO,48,111.45,Month-to-month,Fiber optic,0,5,1,-0.0491794222553867,0.8111668254637926,High,Lost Cause
9272-LSVYH,10,70.15,Month-to-month,Fiber optic,0,0,1,-0.1055578193464917,0.5229440507106895,Medium,Lost Cause
7943-RQCHR,9,94.75,Month-to-month,Fiber optic,1,2,1,-0.1947171429797015,0.5714884524481456,Medium,Lost Cause
3793-MMFUH,13,95.05,Month-to-month,Fiber optic,1,2,1,-0.0897941363409901,0.7935914832369253,High,Lost Cause
3249-ZPQRG,4,78.45,Month-to-month,Fiber optic,1,1,1,-0.1445596396750117,0.0013212459439220644,Low,Sleeping Dog
2568-BRGYX,4,70.2,Month-to-month,Fiber optic,1,0,1,-0.1116263366533096,0.46478154610387623,Medium,Lost Cause
3084-DOWLE,72,92.0,Two year,DSL,0,6,24,-0.068941026666363,0.21435774508569438,Low,Sleeping Dog
1084-MNSMJ,51,85.5,Two year,DSL,0,6,24,-0.1465796520889501,0.018442562859670164,Low,Sleeping Dog
7721-JXEAW,59,41.05,Month-to-month,DSL,1,2,1,-0.1658423970523258,0.009256267934240118,Low,Sleeping Dog
7249-WBIYX,10,85.6,Month-to-month,Fiber optic,1,1,1,-0.153612216482867,0.8184701264576897,High,Lost Cause
4238-HFHSN,61,82.15,Month-to-month,Fiber optic,0,1,1,-0.1085870409469906,0.858403877952106,High,Lost Cause
6250-CGGUN,54,84.4,One year,Fiber optic,0,3,12,-0.1543037125018716,0.0033843236898755593,Low,Sleeping Dog
5478-JJVZK,33,60.9,Month-to-month,DSL,0,2,1,0.0121829286915625,0.801191442498938,High,Persuadable
7596-IIWYC,27,20.25,Two year,No,0,0,24,0.2658239439832097,0.0634994846618492,Low,Sure Thing
6567-HOOPW,1,79.2,Month-to-month,Fiber optic,1,1,1,-0.3364827905478125,0.7427553655979727,High,Lost Cause
9793-WECQC,23,95.3,Month-to-month,Fiber optic,0,3,1,-0.1570891812282926,0.0020725617370154644,Low,Sleeping Dog
4291-HPAXL,1,19.85,Month-to-month,No,0,0,1,0.278060819952042,0.010816217055865647,Low,Sure Thing
8999-YPYBV,45,84.35,Two year,DSL,0,6,24,-0.1391934439699387,0.024765483139621805,Low,Sleeping Dog
1839-FBNFR,39,19.85,Two year,No,0,0,24,0.3107736621735916,0.0774645285466647,Low,Sure Thing
3164-AALRN,5,70.0,One year,DSL,1,3,12,-0.1686915565487029,0.7234249520320745,High,Lost Cause
3071-MVJCD,72,82.3,Two year,DSL,0,5,24,-0.0753079971339067,0.0015066998703708856,Low,Sleeping Dog
1697-BCSHV,58,66.8,Month-to-month,DSL,0,2,1,-0.0338416398347883,0.11409411272763549,Low,Sleeping Dog
0562-KBDVM,70,44.6,Two year,DSL,0,4,24,-0.0397665085803296,0.0007562193291921686,Low,Sleeping Dog
1131-SUEKT,61,98.45,One year,Fiber optic,0,4,12,-0.1403884410482239,0.0034456420361559433,Low,Sleeping Dog
3717-OEAUQ,2,70.7,Month-to-month,Fiber optic,0,0,1,-0.1023665415119428,0.8908872515792399,High,Lost Cause
4538-WNTMJ,46,24.95,One year,No,0,0,12,0.3248477833408759,0.36439641705140097,Medium,Persuadable
3334-CTHOL,1,49.95,Month-to-month,DSL,1,0,1,0.0003955187389117,0.19957852771440407,Low,Sure Thing
4704-ERYFC,22,69.25,Month-to-month,Fiber optic,1,0,1,-0.1306816109971515,0.05900664197349589,Low,Sleeping Dog
9432-RUVSL,48,102.5,Two year,Fiber optic,0,5,24,-0.1667820727399019,0.369279781589331,Medium,Lost Cause
8060-HIWJJ,64,86.55,Two year,DSL,0,5,24,-0.1349810883905759,0.5544748156127495,Medium,Lost Cause
7684-XSZIY,72,24.3,Two year,No,0,0,24,0.3087056166015536,0.7617697845609429,High,Persuadable
9089-UOWJG,12,58.35,Month-to-month,DSL,0,2,1,-0.0258378894842443,0.029792399974834224,Low,Sleeping Dog
8621-MNIHH,34,94.25,Month-to-month,Fiber optic,1,3,1,-0.1724720328848779,0.42551234149613126,Medium,Lost Cause
8039-ACLPL,72,68.75,Two year,DSL,0,4,24,-0.0344107116836984,0.03465386335372885,Low,Sleeping Dog
9885-AIBVB,29,85.8,Month-to-month,Fiber optic,0,2,1,-0.1764191017473991,0.48950778317270655,Medium,Lost Cause
1934-MKPXS,33,20.1,One year,No,0,0,12,0.3107736621735916,0.20116383798102455,Low,Sure Thing
2592-YKDIF,1,20.35,Month-to-month,No,0,0,1,0.2921349411193263,0.6622735374561648,High,Persuadable
2272-JKMSI,62,110.8,One year,Fiber optic,0,5,12,0.0855227635941145,0.37792925029122193,Medium,Persuadable
0471-LVHGK,41,73.0,One year,DSL,1,3,12,-0.1336858831392554,0.07695955985569401,Low,Sleeping Dog
9518-RWHZL,64,100.05,One year,Fiber optic,1,3,12,-0.1318741366415435,0.09449362960771367,Low,Sleeping Dog
8714-CTZJW,4,82.85,Month-to-month,Fiber optic,0,2,1,-0.1400916380007072,0.20424188125213485,Low,Sleeping Dog
3569-EDBPQ,24,84.35,Month-to-month,Fiber optic,0,2,1,-0.1841431621603205,0.014785923474344936,Low,Sleeping Dog
3131-NWVFJ,14,19.55,One year,No,0,0,12,0.2940007085510896,0.5532288492129438,Medium,Persuadable
7521-YXVZY,3,19.95,Month-to-month,No,0,0,1,0.2794055859435885,0.01904337457715694,Low,Sure Thing
5419-CONWX,4,99.8,Month-to-month,Fiber optic,1,4,1,0.0123679071811429,0.1386407482065121,Low,Sure Thing
6240-EURKS,18,35.0,Month-to-month,DSL,1,1,1,-0.1149981836147657,0.8411415051568648,High,Lost Cause
2373-NTKOD,8,66.25,Month-to-month,DSL,0,2,1,-0.0517920161544944,0.11105406017643628,Low,Sleeping Dog
1970-KKFWL,35,23.3,Two year,No,0,0,24,0.3248477833408759,0.10828459001174011,Low,Sure Thing
6960-HVYXR,1,76.0,Month-to-month,Fiber optic,1,0,1,-0.3364827905478125,0.004344790527488588,Low,Sleeping Dog
9337-SRRNI,66,25.3,Two year,No,0,0,24,0.3020515521325539,0.0881633535838921,Low,Sure Thing
0895-UADGO,8,44.55,Two year,DSL,0,3,24,-0.0787174189653582,0.00548876418307936,Low,Sleeping Dog
5678-VFNEQ,71,104.1,One year,Fiber optic,0,4,12,-0.0608999244718934,0.007607869821121154,Low,Sleeping Dog
5977-CKHON,43,92.55,Month-to-month,Fiber optic,0,2,1,-0.1293775848663892,0.30497769701594524,Medium,Lost Cause
7024-OHCCK,2,93.85,Month-to-month,Fiber optic,1,2,1,0.0848424886548552,0.9011080675502994,High,Persuadable
2692-BUCFV,29,101.45,Month-to-month,Fiber optic,0,4,1,-0.1966215223983509,0.4588636850888135,Medium,Lost Cause
7861-UVUFT,15,84.3,Month-to-month,Fiber optic,1,2,1,-0.1559663975924406,0.08189315958235253,Low,Sleeping Dog
1830-GGFNM,65,94.55,Two year,Fiber optic,0,4,24,-0.1328892896999479,0.8267167338049474,High,Lost Cause
5302-BDJNT,35,95.5,Month-to-month,Fiber optic,0,3,1,-0.1368767362146653,0.002973938666783294,Low,Sleeping Dog
5223-UZAVK,64,100.3,One year,Fiber optic,0,4,12,-0.1318741366415435,0.2792602374316256,Low,Sleeping Dog
4859-ZSRDZ,58,55.5,Two year,DSL,0,4,24,-0.0358899569397253,0.0046228058440545595,Low,Sleeping Dog
5651-WYIPH,18,49.85,Month-to-month,DSL,0,1,1,-0.0496075958682099,0.4385070460797966,Medium,Lost Cause
9350-VLHMB,67,89.55,Month-to-month,Fiber optic,0,2,1,-0.1328892896999479,0.1510994455770866,Low,Sleeping Dog
3498-LZGQZ,63,19.15,Two year,No,0,0,24,0.3046555909031589,0.47731453195686324,Medium,Persuadable
8785-CJSHH,60,99.8,Month-to-month,Fiber optic,0,3,1,-0.1318741366415435,0.04636324884871659,Low,Sleeping Dog
5357-TZHPP,9,84.4,Month-to-month,Fiber optic,1,1,1,-0.1613362768957884,0.017083948793456098,Low,Sleeping Dog
3870-SPZSI,70,113.05,Two year,Fiber optic,0,6,24,-1.0769378510841363,0.0015973728082496464,Low,Sleeping Dog
0680-DFNNY,15,101.1,Month-to-month,Fiber optic,1,3,1,-0.168444757830471,0.08886146849934222,Low,Sleeping Dog
7560-QRBXH,48,19.95,One year,No,0,0,12,0.2874015447877719,0.29327625970478405,Low,Sure Thing
7077-XJMET,12,74.15,Month-to-month,DSL,0,4,1,-0.1555378472339378,0.14469132515459499,Low,Sleeping Dog
8752-GHJFU,71,92.0,One year,Fiber optic,0,4,12,-0.0769937985073515,0.06091152134889113,Low,Sleeping Dog
6896-SRVYQ,44,73.85,Month-to-month,Fiber optic,0,1,1,-0.1767803311577441,0.004693225229104609,Low,Sleeping Dog
7767-UXAGJ,1,50.45,Month-to-month,DSL,1,0,1,0.0003955187389117,0.4243553544533649,Medium,Persuadable
4652-ODEVH,45,24.45,Two year,No,0,0,24,0.3248477833408759,0.05828967720802312,Low,Sure Thing
6510-UPNKS,23,24.8,One year,No,0,0,12,0.3046353383272485,0.09901203278931521,Low,Sure Thing
6718-BDGHG,43,64.85,One year,DSL,0,2,12,-0.0187313713028554,0.5402933960278086,Medium,Lost Cause
9046-DQMTP,35,20.75,Month-to-month,No,0,0,1,0.3248477833408759,0.47523699490490756,Medium,Persuadable
6439-LAJXL,9,68.95,Month-to-month,DSL,0,4,1,-0.1435298108351631,0.8193969038409997,High,Lost Cause
1571-SAVHK,12,99.95,Month-to-month,Fiber optic,1,3,1,-0.0801423329937853,0.008942006148843756,Low,Sleeping Dog
9052-VKDUW,65,109.4,Month-to-month,Fiber optic,0,5,1,0.0684077673382492,0.051694425228430534,Low,Sure Thing
9546-CQJSU,2,91.4,Month-to-month,Fiber optic,1,2,1,0.0848424886548552,0.012057979002852293,Low,Sure Thing
1666-JZPZT,27,49.0,Month-to-month,DSL,0,0,1,-0.35505917297834,0.039639276644381466,Low,Sleeping Dog
5777-KJIRB,40,50.25,One year,DSL,0,1,12,-0.0328346422457079,0.11037708700483263,Low,Sleeping Dog
0506-LVNGN,5,75.55,Month-to-month,Fiber optic,1,1,1,-0.1445596396750117,0.2622337628158972,Low,Sleeping Dog
7677-SJJJK,8,19.9,One year,No,0,0,12,0.2854741032504064,0.03812259941691262,Low,Sure Thing
2480-EJWYP,58,97.8,One year,Fiber optic,0,3,12,-0.179971184233154,0.002814455274180164,Low,Sleeping Dog
3253-HKOKL,52,100.3,One year,Fiber optic,0,4,12,-0.1434727003399177,0.36696520919086734,Medium,Lost Cause
7055-HNEOJ,3,55.8,Month-to-month,DSL,0,2,1,-0.0712380671221021,0.22906427022227327,Low,Sleeping Dog
5514-YQENT,41,111.15,Two year,Fiber optic,0,6,24,0.1007618631880128,0.00398540372769465,Low,Sure Thing
3211-AAPKX,20,98.55,Month-to-month,Fiber optic,0,3,1,-0.1570891812282926,0.4982274616067914,Medium,Lost Cause
8445-DNBAE,1,50.05,Month-to-month,DSL,0,0,1,0.0003955187389117,0.40010391649593674,Medium,Persuadable
2951-QOQTK,4,80.8,Month-to-month,Fiber optic,1,1,1,-0.1400916380007072,0.7674500675035586,High,Lost Cause
2958-NHPPS,23,20.85,Month-to-month,No,0,0,1,0.3046353383272485,0.5286770270108949,Medium,Persuadable
6806-YDEUL,6,19.5,Month-to-month,No,0,0,1,0.2854741032504064,0.024196491381346604,Low,Sure Thing
1735-XMJVH,8,19.35,Month-to-month,No,0,0,1,0.2854741032504064,0.010934672373847135,Low,Sure Thing
6890-PFRQX,18,69.5,Month-to-month,DSL,0,3,1,-0.1272421196060261,0.00346763301687597,Low,Sleeping Dog
0222-CNVPT,52,48.8,Month-to-month,DSL,0,3,1,-0.0996690340579972,0.018016087664166205,Low,Sleeping Dog
5899-OUVKV,31,94.5,Month-to-month,Fiber optic,0,3,1,-0.0808097909171433,0.3615929746728994,Medium,Lost Cause
8681-ICONS,29,20.65,Month-to-month,No,0,0,1,0.279898065150494,0.9335493339882434,High,Persuadable
1621-YNCJH,36,106.05,Two year,Fiber optic,0,5,24,-0.1972611931234846,0.06826834318070736,Low,Sleeping Dog
3473-XIIIT,16,100.0,Month-to-month,Fiber optic,1,3,1,-0.1451353854304868,0.005158819239734747,Low,Sleeping Dog
6362-QHAFM,42,108.3,One year,Fiber optic,0,4,12,0.0368600064205827,0.06856670336758128,Low,Sure Thing
7893-IXHRQ,1,20.55,Month-to-month,No,1,0,1,0.2921349411193263,0.7210416548741118,High,Persuadable
3070-BDOQC,60,99.65,Two year,Fiber optic,0,4,24,-0.1318741366415435,0.0071333599933744605,Low,Sleeping Dog
2952-QAYZF,5,85.3,Month-to-month,Fiber optic,1,2,1,0.0238256376179386,0.528086214726874,Medium,Persuadable
6234-PFPXL,22,95.9,Month-to-month,Fiber optic,0,3,1,-0.1570891812282926,0.0017829552519416237,Low,Sleeping Dog
9824-QCJPK,36,20.0,One year,No,0,0,12,0.3107736621735916,0.00219543888541921,Low,Sure Thing
4763-PGDPO,4,70.4,Month-to-month,Fiber optic,1,0,1,-0.1692286151059205,0.45588966803738035,Medium,Lost Cause
4283-IVYCI,9,64.95,Month-to-month,DSL,0,3,1,-0.0517920161544944,0.26474969867391074,Low,Sleeping Dog
1866-OBPNR,1,74.6,Month-to-month,Fiber optic,0,1,1,-0.7490116694947024,0.09200809340528981,Low,Sleeping Dog
8205-MQUGY,12,49.2,Month-to-month,DSL,0,1,1,-0.0433381220753116,0.4851062351036735,Medium,Lost Cause
8970-ANWXO,23,73.75,One year,DSL,0,3,12,-0.1538983281528827,0.35157412063959015,Medium,Lost Cause
9480-BQJEI,62,92.3,One year,Fiber optic,0,3,12,-0.1328892896999479,0.016529077749431863,Low,Sleeping Dog
5394-SVGJV,37,98.8,Month-to-month,Fiber optic,1,3,1,-0.0428075534406812,0.5516158002748518,Medium,Lost Cause
6979-TNDEU,8,19.2,Month-to-month,No,0,0,1,0.3021522631882957,0.7953620193986559,High,Persuadable
9777-WJJPR,31,88.65,Month-to-month,Fiber optic,0,2,1,-0.0808097909171433,0.04736198018643445,Low,Sleeping Dog
9283-LZQOH,13,74.4,Month-to-month,Fiber optic,1,0,1,-0.1618073210268361,0.02170501321917274,Low,Sleeping Dog
7079-QRCBC,24,98.75,Month-to-month,Fiber optic,1,3,1,-0.087757271631063,0.0026078153094332146,Low,Sleeping Dog
9495-SKLKD,45,95.95,Month-to-month,Fiber optic,0,3,1,-0.1368767362146653,0.7217741668900857,High,Lost Cause
6048-UWKAL,69,105.4,Two year,Fiber optic,0,4,24,-0.1289588798551348,0.03022677576818525,Low,Sleeping Dog
5067-DGXLL,2,20.25,Month-to-month,No,0,0,1,0.2794055859435885,0.002539798876011306,Low,Sure Thing
5469-CTCWN,61,106.0,One year,Fiber optic,1,4,12,-0.141609609172363,0.054599634248519054,Low,Sleeping Dog
9851-QXEEQ,41,104.7,Month-to-month,Fiber optic,1,4,1,-0.1048142373253005,0.7629243192294313,High,Lost Cause
6281-FKEWS,44,49.05,One year,DSL,0,3,12,-0.3101094547879581,0.16892795261982552,Low,Sleeping Dog
8898-KASCD,39,35.55,One year,DSL,0,2,12,-0.0982252299922637,0.016955667494176613,Low,Sleeping Dog
9242-TKFSV,72,65.1,Two year,DSL,0,6,24,-0.0019232938436765,0.4809184334893055,Medium,Lost Cause
9290-SHCMB,13,96.85,Month-to-month,Fiber optic,0,3,1,-0.1536496898371672,0.10259315942611097,Low,Sleeping Dog
0743-HNPFG,51,69.75,One year,DSL,0,4,12,-0.125579434515457,0.0005775844540656449,Low,Sleeping Dog
2277-BKJKN,71,99.2,Two year,Fiber optic,0,4,24,-0.0759786454489471,0.15938640235527038,Low,Sleeping Dog
9809-IMGCQ,22,96.7,Month-to-month,Fiber optic,1,2,1,-0.1570891812282926,0.060082928179807295,Low,Sleeping Dog
5208-HFSBT,2,55.05,Month-to-month,DSL,1,2,1,-0.0489910386404601,0.015389095732522484,Low,Sleeping Dog
5035-PGZXH,56,106.8,One year,Fiber optic,0,4,12,-0.166649467447231,0.9615425814006008,High,Lost Cause
8695-WDYEA,1,51.25,Month-to-month,DSL,0,1,1,0.0599551303353236,0.006201928209983322,Low,Sure Thing
6543-JXSOO,23,57.75,One year,DSL,0,3,12,-0.0355468546682681,0.002233309615934518,Low,Sleeping Dog
8016-ZMGMO,66,70.85,One year,DSL,0,3,12,-0.0803783640257661,0.7954861891541971,High,Lost Cause
8605-ITULD,1,19.55,Month-to-month,No,0,0,1,0.278060819952042,0.7783635196562847,High,Persuadable
3254-YRILK,19,88.2,Month-to-month,Fiber optic,1,2,1,-0.1482423371795192,0.09556786893356568,Low,Sleeping Dog
6416-YJTTB,11,79.5,Month-to-month,Fiber optic,0,2,1,-0.1844270962853715,0.8114890418560351,High,Lost Cause
2667-WYLWJ,8,19.75,One year,No,1,0,12,0.2854741032504064,0.17383155169209666,Low,Sure Thing
4472-VESGY,52,98.15,Month-to-month,Fiber optic,0,4,1,-0.1519870047465982,0.2384001398576632,Low,Sleeping Dog
3195-TQDZX,3,20.25,Month-to-month,No,0,0,1,0.2794055859435885,0.3855240462823828,Medium,Persuadable
3128-YOVTD,51,79.15,Month-to-month,Fiber optic,0,2,1,-0.1709447216399699,0.022752519554670263,Low,Sleeping Dog
0529-ONKER,15,75.65,Month-to-month,Fiber optic,1,0,1,-0.1835252186563282,0.7823442673980852,High,Lost Cause
1728-CXQBE,64,94.25,Month-to-month,Fiber optic,0,3,1,-0.1022200704794469,0.08765405060702408,Low,Sleeping Dog
7041-TXQJH,37,40.2,Month-to-month,DSL,0,2,1,-0.0982252299922637,0.2775138921757232,Low,Sleeping Dog
5014-GSOUQ,13,19.95,Two year,No,0,0,24,0.2940007085510896,0.009580567624219983,Low,Sure Thing
5724-BIDBU,49,55.35,One year,DSL,0,1,12,-0.0358899569397253,0.01746797925529085,Low,Sleeping Dog
0481-SUMCB,45,102.15,One year,Fiber optic,0,3,12,-0.1947662522264578,0.14274300483687927,Low,Sleeping Dog
1769-GRUIK,18,71.1,Month-to-month,Fiber optic,0,0,1,-0.1399307281350099,0.8612887127921827,High,Lost Cause
5240-IJOQT,1,74.7,Month-to-month,Fiber optic,1,0,1,-3.350675737787557,0.005855262191395892,Low,Sleeping Dog
8819-WFGGJ,68,54.1,Two year,DSL,0,4,24,-0.0039716109486135,0.0029416809303330267,Low,Sleeping Dog
7427-AUFPY,54,19.65,Two year,No,0,0,24,0.2874015447877719,0.08856870233601134,Low,Sure Thing
2811-POVEX,23,88.45,Month-to-month,Fiber optic,0,3,1,-0.1495900298800166,0.38664334492338553,Medium,Lost Cause
1092-GANHU,17,76.65,Month-to-month,Fiber optic,1,1,1,-0.1835252186563282,0.002714332147960742,Low,Sleeping Dog
7898-PDWQE,71,80.4,Two year,DSL,0,5,24,-0.0753079971339067,0.03082020373481045,Low,Sleeping Dog
9972-EWRJS,67,19.25,Two year,No,0,0,24,0.2879774309652697,0.0012436010087309628,Low,Sure Thing
9314-IJWSQ,14,84.8,Month-to-month,Fiber optic,0,1,1,-0.1559663975924406,0.017305409895702433,Low,Sleeping Dog
0661-XEYAN,1,25.8,Month-to-month,DSL,1,0,1,0.2921349411193263,0.2078476256560238,Low,Sure Thing
5799-JRCZO,63,19.5,Two year,No,0,0,24,0.2879774309652697,0.04153366072096575,Low,Sure Thing
1921-KYSAY,41,68.6,One year,DSL,0,3,12,-0.1104691659835242,0.6979016860811966,High,Lost Cause
6198-RTPMF,17,92.6,Month-to-month,Fiber optic,0,2,1,-0.1461505384888911,0.3592988400956809,Medium,Lost Cause
2924-KHUVI,56,100.55,One year,Fiber optic,0,3,12,0.0177662892813512,0.021055735660612373,Low,Sure Thing
1925-GMVBW,5,20.55,Month-to-month,No,0,0,1,0.2934797071108728,0.22367601498543696,Low,Sure Thing
7881-EVUAD,2,42.6,Month-to-month,DSL,1,3,1,-0.1789434787530606,0.9449271860766659,High,Lost Cause
6184-DYUOB,3,19.6,Month-to-month,No,0,0,1,0.2794055859435885,0.5454885828027279,Medium,Persuadable
9207-ZPANB,37,67.45,One year,DSL,0,4,12,-0.0187313713028554,0.006917266319324991,Low,Sleeping Dog
5766-XQXMQ,29,68.85,Month-to-month,DSL,1,4,1,-0.155418884173906,0.17877353096379808,Low,Sleeping Dog
9327-QSDED,8,43.55,Month-to-month,DSL,0,0,1,0.2153517260380559,0.0645890107616847,Low,Sure Thing
1656-DRSMG,63,109.85,Month-to-month,Fiber optic,0,5,1,0.0313085620385817,0.18424627372173616,Low,Sure Thing
3012-VFFMN,7,20.65,Month-to-month,No,0,0,1,0.2995482244176907,0.7317619445366428,High,Persuadable
2984-AFWNC,3,95.4,Month-to-month,Fiber optic,0,3,1,0.0164388956298182,0.0033218787227644268,Low,Sure Thing
0640-YJTPY,72,21.0,Two year,No,0,0,24,0.3087056166015536,0.00680675354962772,Low,Sure Thing
8096-LOIST,19,56.2,Month-to-month,DSL,0,1,1,-0.0597996705119363,0.09244029910211955,Low,Sleeping Dog
9764-REAFF,59,18.4,Two year,No,0,0,24,0.3040797047256611,0.3842921991888086,Medium,Persuadable
3703-VAVCL,2,90.0,Month-to-month,Fiber optic,1,3,1,0.0848424886548552,0.8265799787802909,High,Persuadable
7107-UBYKY,35,25.75,Month-to-month,No,0,0,1,0.3248477833408759,0.01181773877236541,Low,Sure Thing
4881-GQJTW,14,19.6,Month-to-month,No,0,0,1,0.2940007085510896,0.4776117647669562,Medium,Persuadable
8519-QJGJD,14,75.35,Month-to-month,Fiber optic,1,1,1,-0.1835252186563282,0.09195121273814388,Low,Sleeping Dog
7876-DNYAP,69,19.8,Two year,No,0,0,24,0.3059406368399833,0.40008365630261106,Medium,Persuadable
7905-NJMXS,7,64.2,Month-to-month,DSL,0,3,1,-0.0517920161544944,0.6050759346809987,High,Lost Cause
2882-WDTBA,69,75.75,Two year,DSL,0,5,24,-0.0797759988082112,0.37412496576115317,Medium,Lost Cause
2091-GPPIQ,72,78.95,Two year,DSL,0,4,24,-0.0797759988082112,0.13718174507535394,Low,Sleeping Dog
6326-MTTXK,8,100.85,Month-to-month,Fiber optic,1,3,1,-0.4689748116084532,0.6287375000947346,High,Lost Cause
5071-FBJFS,4,50.3,Month-to-month,DSL,0,1,1,-0.0610459924783757,0.3590461248396836,Medium,Lost Cause
2796-UUZZO,63,80.3,Month-to-month,Fiber optic,0,2,1,-0.1392562601674915,0.046805086837337084,Low,Sleeping Dog
2429-AYKKO,72,19.85,Two year,No,0,0,24,0.2946314954342693,0.14825524817609,Low,Sure Thing
9798-OPFEM,46,21.1,Two year,No,0,0,24,0.3248477833408759,0.0952556526751444,Low,Sure Thing
0330-IVZHA,5,69.95,Month-to-month,Fiber optic,1,0,1,-0.1495983281419811,0.6879574992032671,High,Lost Cause
3794-NFNCH,30,50.0,Month-to-month,DSL,0,1,1,-0.0777843604360898,0.6785512360172937,High,Lost Cause
5193-QLVZB,63,104.75,Two year,Fiber optic,0,4,24,-0.1083259421588591,0.6917024332284959,High,Lost Cause
7114-AEOZE,60,19.85,Two year,No,0,0,24,0.2879774309652697,0.021146124450836842,Low,Sure Thing
2886-KEFUM,63,107.5,One year,Fiber optic,1,4,12,-0.1215315281375313,0.010864683376176222,Low,Sleeping Dog
5522-NYKPB,25,85.9,Month-to-month,Fiber optic,0,2,1,-0.1764191017473991,0.38992540612847754,Medium,Lost Cause
4237-RLAQD,1,45.85,Month-to-month,DSL,1,0,1,-0.1340528840520785,0.07360389182486238,Low,Sleeping Dog
9957-YODKZ,6,80.8,Month-to-month,Fiber optic,0,1,1,-0.1844270962853715,0.4858789430467712,Medium,Lost Cause
6518-KZXCB,22,25.25,Two year,No,0,0,24,0.3046353383272485,0.044405042617950564,Low,Sure Thing
2245-ADZFJ,31,80.55,Two year,DSL,0,4,24,-0.1027986574844866,0.05880349400679619,Low,Sleeping Dog
7776-QGYJC,39,81.5,Month-to-month,Fiber optic,0,2,1,-0.1513664514337325,0.0341162425756189,Low,Sleeping Dog
9313-QOLTZ,26,20.9,Month-to-month,No,0,0,1,0.279898065150494,0.735058097552321,High,Persuadable
9651-GTSAQ,53,106.1,One year,Fiber optic,1,5,12,-0.1532081728707372,0.3338399352842522,Medium,Lost Cause
3186-BAXNB,1,91.7,Month-to-month,Fiber optic,1,3,1,-0.2228773026061093,0.0128799600388661,Low,Sleeping Dog
4672-FOTSD,12,67.25,Month-to-month,DSL,0,3,1,-0.0401526630582483,0.7795338834622615,High,Lost Cause
0637-YLETY,16,95.6,Month-to-month,Fiber optic,1,3,1,-0.1536496898371672,0.8159967209786698,High,Lost Cause
9818-XQCUV,2,20.35,Month-to-month,No,0,0,1,0.2934797071108728,0.00355411578780156,Low,Sure Thing
7338-ERIVA,39,45.05,One year,DSL,0,3,12,-0.0565745860395085,0.1116590020692304,Low,Sleeping Dog
1157-BQCUW,1,74.95,Month-to-month,Fiber optic,1,0,1,-0.7112487026152903,0.9568432799018409,High,Lost Cause
8259-NFJTV,7,34.65,Month-to-month,DSL,0,2,1,-0.1203680629181135,0.006121778323701651,Low,Sleeping Dog
3223-DWFIO,4,69.35,Month-to-month,Fiber optic,0,0,1,-0.1495983281419811,0.3798365747964458,Medium,Lost Cause
2660-EMUBI,10,95.35,Month-to-month,Fiber optic,1,2,1,-0.159019569140515,0.4715237022489562,Medium,Lost Cause
6968-GMKPR,55,81.55,Month-to-month,Fiber optic,0,2,1,-0.1508548238658658,0.018613632235607937,Low,Sleeping Dog
4751-ERMAN,72,75.4,Two year,DSL,0,4,24,-0.0797759988082112,0.5619153947357681,Medium,Lost Cause
1436-ZMJAN,10,67.8,Month-to-month,DSL,0,3,1,-0.0517920161544944,0.5934462617084789,Medium,Lost Cause
3292-PBZEJ,11,111.4,Month-to-month,Fiber optic,0,5,1,0.1312373399468689,0.06454719798941999,Low,Sure Thing
0799-DDIHE,15,46.3,Month-to-month,DSL,0,0,1,-0.0733475396620104,0.4075767510868842,Medium,Lost Cause
3070-FNFZQ,23,20.4,Two year,No,0,0,24,0.3046353383272485,0.036936563547322825,Low,Sure Thing
2812-SFXMJ,1,20.05,Month-to-month,No,0,0,1,0.278060819952042,0.29587087718998145,Low,Sure Thing
7675-OZCZG,3,45.0,Month-to-month,DSL,1,0,1,-0.0847859362721762,0.02425073345517621,Low,Sleeping Dog
5014-WUQMG,47,96.1,One year,Fiber optic,0,4,12,-0.1368767362146653,0.13455078425973682,Low,Sleeping Dog
5312-TSZVC,15,19.65,One year,No,0,0,12,0.2940007085510896,0.8890750469966878,High,Persuadable
2003-CKLOR,66,99.5,Month-to-month,Fiber optic,1,4,1,-0.1318741366415435,0.02108072978672718,Low,Sleeping Dog
0993-OSGPT,68,60.65,One year,DSL,0,3,12,-0.0064407800396292,0.011276963737463107,Low,Sleeping Dog
9254-RBFON,17,98.6,One year,Fiber optic,1,4,12,-0.0595805070631832,0.9158355205853317,High,Lost Cause
1205-WNWPJ,7,59.5,Month-to-month,DSL,1,2,1,-0.0374772425804905,0.880033986301911,High,Lost Cause
9391-EOYLI,12,80.45,Month-to-month,Fiber optic,1,1,1,-0.1140641645453221,0.15136073529530295,Low,Sleeping Dog
7108-DGVUU,21,71.7,One year,DSL,0,3,12,-0.1433702195261354,0.009247455325772397,Low,Sleeping Dog
2782-JEEBU,21,36.0,Month-to-month,DSL,0,2,1,-0.1184376750058911,0.28291309843481344,Low,Sleeping Dog
5127-BZENZ,56,65.2,One year,DSL,0,2,12,-0.0338416398347883,0.7509409197416609,High,Lost Cause
2720-FVBQP,6,48.95,Month-to-month,DSL,0,0,1,-0.0787174189653582,0.7011526946577534,High,Lost Cause
9906-NHHVC,65,53.5,Two year,DSL,0,4,24,-0.0046448515417266,0.8736094948717636,High,Lost Cause
4522-XRWWI,42,80.45,One year,DSL,0,4,12,-0.1513664514337325,0.02694993875260708,Low,Sleeping Dog
3766-EJLFL,68,109.05,Two year,Fiber optic,0,5,24,0.1592009561901492,0.11423735283681134,Low,Sure Thing
5939-SXWHM,48,26.3,Two year,No,0,0,24,0.3973973273416168,0.10560364765640044,Low,Sure Thing
8152-UOBNY,50,106.8,One year,Fiber optic,0,4,12,-0.1946336469337869,0.037178149034476554,Low,Sleeping Dog
7351-KYHQH,7,64.95,Month-to-month,DSL,0,3,1,-0.0517920161544944,0.01609947489776019,Low,Sleeping Dog
7643-RCHXS,63,19.35,Two year,No,0,0,24,0.2879774309652697,0.0012790676482418277,Low,Sure Thing
8246-SHFGA,17,21.1,Month-to-month,No,0,0,1,0.3080748297183739,0.010711889015045196,Low,Sure Thing
8387-MOJJT,42,77.95,Month-to-month,Fiber optic,1,1,1,-0.155834453108037,0.660553846965242,High,Lost Cause
0620-XEFWH,4,18.85,Month-to-month,No,0,0,1,0.2960837458814777,0.20645787155014472,Low,Sure Thing
6485-QXWWE,62,26.0,Two year,No,0,0,24,0.3020515521325539,0.7762209585863787,High,Persuadable
2761-OCIAX,2,74.7,Month-to-month,Fiber optic,1,1,1,-1.7555171887700196,0.6447934083296321,High,Lost Cause
7321-VGNKU,2,70.35,Month-to-month,Fiber optic,0,0,1,-0.1093082199468983,0.7475642319773637,High,Lost Cause
5327-CNLUQ,48,96.9,Two year,Fiber optic,0,4,24,-0.1519870047465982,0.5746848673214608,Medium,Lost Cause
7552-KEYGT,27,19.55,Two year,No,0,0,24,0.2658239439832097,0.8919574379859275,High,Persuadable
5816-JMLGY,70,80.4,Two year,DSL,0,5,24,-0.0753079971339067,0.06641162005261857,Low,Sleeping Dog
3068-OMWZA,1,88.8,Month-to-month,Fiber optic,1,2,1,-0.2228773026061093,0.0014161924874648787,Low,Sleeping Dog
2927-QRRQV,46,94.65,One year,Fiber optic,0,3,12,-0.1293775848663892,0.009339810830147965,Low,Sleeping Dog
6032-KRXXO,30,90.25,Month-to-month,Fiber optic,1,2,1,-0.174327303056771,0.6558380280211065,High,Lost Cause
7459-RRWQZ,15,64.65,Month-to-month,DSL,1,2,1,-0.0464221368511466,0.44734300201742244,Medium,Lost Cause
6265-SXWBU,69,95.75,One year,Fiber optic,0,3,12,-0.0764401780146391,0.018516322660295806,Low,Sleeping Dog
7941-RCJOW,65,19.55,Two year,No,0,0,24,0.2879774309652697,0.3829678871114702,Medium,Persuadable
6374-NTQLP,72,104.1,Two year,Fiber optic,0,5,24,-0.0689526963128819,0.38056387214103987,Medium,Lost Cause
4154-AQUGT,13,89.05,Month-to-month,Fiber optic,1,3,1,-0.1461505384888911,0.3909220395792583,Medium,Lost Cause
2387-KDZQY,17,20.1,One year,No,0,0,12,0.2940007085510896,0.78777215964435,High,Persuadable
3584-WKTTW,51,111.55,One year,Fiber optic,0,5,12,-0.0491794222553867,0.0191562423233829,Low,Sleeping Dog
3399-BMLVW,51,60.5,Two year,DSL,0,3,24,-0.0029273398403703,0.002673009201525,Low,Sleeping Dog
1971-DTCZB,72,90.95,Two year,DSL,0,6,24,-0.068941026666363,0.05094751842030196,Low,Sleeping Dog
3092-IGHWF,67,87.4,One year,Fiber optic,1,2,12,-0.1349810883905759,0.002938784873927873,Low,Sleeping Dog
3374-PZLXD,34,19.7,Month-to-month,No,0,0,1,0.3107736621735916,0.014079090887249623,Low,Sure Thing
3813-DHBBB,67,50.95,Two year,DSL,0,4,24,-0.0353140707622275,0.0011570661998878504,Low,Sleeping Dog
2812-REYAT,49,20.05,One year,No,0,0,12,0.2874015447877719,0.08234530775935826,Low,Sure Thing
6518-PPLMZ,53,19.4,Two year,No,0,0,24,0.2874015447877719,0.13467554358300252,Low,Sure Thing
4939-KYYPY,27,59.45,Month-to-month,DSL,0,2,1,-0.0602841278450226,0.7482824315362092,High,Lost Cause
8017-LXHFA,23,94.75,Month-to-month,Fiber optic,1,3,1,-0.1495900298800166,0.1630695222444237,Low,Sleeping Dog
5930-GBIWP,69,81.5,Two year,DSL,0,5,24,-0.0753079971339067,0.008510868312799505,Low,Sleeping Dog
6022-KOUQO,2,29.05,Month-to-month,DSL,0,1,1,-29.7848415880672,0.6747179047205917,High,Lost Cause
6352-TWCAU,35,86.45,Month-to-month,Fiber optic,1,1,1,-0.1314693835570173,0.24067632150366206,Low,Sleeping Dog
2361-UPSND,46,70.6,One year,DSL,0,4,12,-0.1231577745125081,0.4697848402800746,Medium,Lost Cause
6035-RIIOM,54,97.2,Two year,Fiber optic,0,3,24,-0.1519870047465982,0.6032094577084716,High,Lost Cause
2929-QNSRW,56,98.25,One year,Fiber optic,1,3,12,-0.1519870047465982,0.04413718237064265,Low,Sleeping Dog
1262-OPMFY,9,75.75,Month-to-month,Fiber optic,1,1,1,-0.188895097959676,0.08977201792645058,Low,Sleeping Dog
9504-DSHWM,20,59.2,Month-to-month,DSL,0,2,1,-0.0355468546682681,0.3760511858004194,Medium,Lost Cause
5035-BVCXS,11,75.9,Month-to-month,Fiber optic,0,1,1,-0.188895097959676,0.05805565299048135,Low,Sleeping Dog
6267-DCFFZ,30,90.05,Month-to-month,Fiber optic,0,2,1,-0.174327303056771,0.050474689261216586,Low,Sleeping Dog
3533-UVMOM,68,70.95,Two year,DSL,0,4,24,-0.0470993202126823,0.2284711411021493,Low,Sleeping Dog
2439-LYPMQ,38,102.6,Month-to-month,Fiber optic,0,4,1,0.0349439931655667,0.4559619653308531,Medium,Persuadable
4248-QPAVC,17,85.35,Month-to-month,Fiber optic,1,2,1,-0.1482423371795192,0.0018714739838176328,Low,Sleeping Dog
1899-VXWXM,48,106.1,One year,Fiber optic,1,4,12,-0.1532081728707372,0.6747983730062729,High,Lost Cause
1478-VPOAD,1,43.8,Month-to-month,DSL,0,0,1,-0.0952479271784788,0.07123206605368747,Low,Sleeping Dog
9995-HOTOH,63,59.0,Two year,DSL,0,5,24,-0.0298687920090758,0.9213975155400314,High,Lost Cause
2988-PLAHS,3,69.95,One year,DSL,0,3,12,-0.0896779329829589,0.7157766907131579,High,Lost Cause
1371-OJCEK,48,24.35,One year,No,0,0,12,0.3014756659550562,0.18085088951060282,Low,Sure Thing
4999-IEZLT,66,29.45,One year,DSL,0,1,12,-0.0619060922391695,0.007332715047404643,Low,Sleeping Dog
8883-ANODQ,68,84.4,Two year,Fiber optic,0,2,24,-0.0787568857699125,0.012411152804086492,Low,Sleeping Dog
4690-LLKUA,17,45.05,Month-to-month,DSL,1,0,1,-0.0733475396620104,0.7921642794445306,High,Lost Cause
2351-RRBUE,7,20.65,One year,No,0,0,12,0.2995482244176907,0.014835998223177153,Low,Sure Thing
5980-BDHPY,72,87.1,Two year,DSL,0,6,24,-0.0710328253569911,0.05419821896896171,Low,Sleeping Dog
1498-DQNRX,29,19.85,Month-to-month,No,0,0,1,0.2658239439832097,0.4730551674443511,Medium,Persuadable
9469-WEJBT,37,90.35,Month-to-month,Fiber optic,0,3,1,-0.1293775848663892,0.11056463366315172,Low,Sleeping Dog
3331-HQDTW,34,109.8,Month-to-month,Fiber optic,1,5,1,0.0304300203414161,0.022826438272385147,Low,Sure Thing
9490-DFPMD,42,84.65,Month-to-month,Fiber optic,1,1,1,-0.1822878919884275,0.7773556916539864,High,Lost Cause
2581-VKIRT,59,65.5,One year,DSL,0,3,12,-0.0338416398347883,0.3794014242419795,Medium,Lost Cause
5442-XSDCW,11,79.5,Month-to-month,Fiber optic,1,1,1,-0.1844270962853715,0.3682782969592939,Medium,Lost Cause
7426-WEIJX,60,80.95,Month-to-month,Fiber optic,0,1,1,-0.1085870409469906,0.4530716870256906,Medium,Lost Cause
2851-MMUTZ,27,56.15,Month-to-month,DSL,0,2,1,-0.0879764350798162,0.004616225690262871,Low,Sleeping Dog
3049-NDXFL,1,85.8,Month-to-month,Fiber optic,1,1,1,-0.168097513254862,0.4119877344361353,Medium,Lost Cause
8580-AECUZ,1,79.1,Month-to-month,Fiber optic,1,1,1,-0.3364827905478125,0.3696232610248353,Medium,Lost Cause
3307-TLCUD,17,34.4,Month-to-month,DSL,0,2,1,-0.1149981836147657,0.031223076341815342,Low,Sleeping Dog
6625-FLENO,58,20.75,Two year,No,0,0,24,0.3014756659550562,0.16349979075474494,Low,Sure Thing
2967-MXRAV,1,18.8,One year,No,0,0,12,0.2947389798899313,0.051817310241404214,Low,Sure Thing
7963-GQRMY,3,44.3,Month-to-month,DSL,1,0,1,-0.0847859362721762,0.3062849238713109,Medium,Lost Cause
8189-HBVRW,53,90.8,Month-to-month,Fiber optic,0,3,1,-0.1444878533983221,0.004585970912593391,Low,Sleeping Dog
4163-KIUHY,35,25.6,Month-to-month,No,0,0,1,0.3248477833408759,0.10128257604496238,Low,Sure Thing
1228-FZFRV,50,105.95,Month-to-month,Fiber optic,1,4,1,-0.1532081728707372,0.008181002852424362,Low,Sleeping Dog
3500-NSDOA,68,70.8,Two year,DSL,0,3,24,-0.0470993202126823,0.7418108824594708,High,Lost Cause
1171-TYKUR,47,25.4,Month-to-month,No,0,0,1,0.3248477833408759,0.019306652707675603,Low,Sure Thing
3761-FLYZI,65,108.8,Month-to-month,Fiber optic,0,4,1,0.0684077673382492,0.6121927637688955,High,Persuadable
2058-DCJBE,5,69.75,Month-to-month,Fiber optic,1,0,1,-0.1495983281419811,0.26911738114653566,Low,Sleeping Dog
5364-XYIRR,51,94.65,Month-to-month,Fiber optic,1,2,1,-0.1444878533983221,0.09574853197042184,Low,Sleeping Dog
4829-AUOAX,46,96.05,Month-to-month,Fiber optic,1,2,1,-0.1368767362146653,0.006224511071015759,Low,Sleeping Dog
1219-NNDDO,9,76.85,Month-to-month,Fiber optic,0,0,1,-0.188895097959676,0.005043656117945248,Low,Sleeping Dog
8388-DMKAE,8,20.25,Two year,No,0,0,24,0.2854741032504064,0.14572214600712993,Low,Sure Thing
4403-BWPAY,14,24.8,One year,No,0,0,12,0.3080748297183739,0.35864843986688905,Medium,Persuadable
9659-QEQSY,45,115.65,Month-to-month,Fiber optic,0,6,1,-0.3471873281991844,0.0044792785466224215,Low,Sleeping Dog
5405-ZMYXQ,8,74.6,Month-to-month,Fiber optic,0,0,1,0.1427891982706607,0.8891781516044649,High,Persuadable
5047-LHVLY,1,50.15,Month-to-month,DSL,1,1,1,0.0003955187389117,0.004627098216881773,Low,Sure Thing
1442-OKRJE,66,103.15,One year,Fiber optic,0,5,12,-0.2119074882942662,0.551235431762879,Medium,Lost Cause
4737-AQCPU,72,72.1,Two year,DSL,0,4,24,-0.0470993202126823,0.012869285977737996,Low,Sleeping Dog
9158-VCTQB,41,113.6,Month-to-month,Fiber optic,1,6,1,-0.5259507911099801,0.1328729443379471,Low,Sleeping Dog
2808-CHTDM,23,25.1,Two year,No,0,0,24,0.3046353383272485,0.7672387337173187,High,Persuadable
6311-UEUME,29,78.9,Month-to-month,Fiber optic,1,1,1,-0.2007841712984188,0.06498333218060771,Low,Sleeping Dog
0793-TWELN,4,80.15,Month-to-month,Fiber optic,0,1,1,-0.1400916380007072,0.1762885555410428,Low,Sleeping Dog
3283-WCWXT,6,25.4,Two year,No,0,0,24,0.2995482244176907,0.00842596045101338,Low,Sure Thing
1060-ENTOF,67,105.4,One year,Fiber optic,0,5,12,-0.0952196980115282,0.00876154774682579,Low,Sleeping Dog
0999-QXNSA,7,45.75,Month-to-month,DSL,0,0,1,-0.0787174189653582,0.24360308965112673,Low,Sleeping Dog
5451-MHQOF,56,24.45,One year,No,0,0,12,0.3014756659550562,0.5985411212183429,Medium,Persuadable
4836-WNFNO,72,25.0,Two year,No,0,0,24,0.3087056166015536,0.023590604292657847,Low,Sure Thing
9225-BZLNZ,72,85.25,Two year,DSL,0,5,24,-0.0787568857699125,0.03683788532348787,Low,Sleeping Dog
0354-VXMJC,23,19.6,Two year,No,0,0,24,0.2905612171599642,0.14401104921887323,Low,Sure Thing
4422-QVIJA,35,50.15,Month-to-month,DSL,0,0,1,-0.0328346422457079,0.6548645399888109,High,Lost Cause
9365-SRSZE,27,70.55,Month-to-month,Fiber optic,0,0,1,-0.1681074927028898,0.006746566943048482,Low,Sleeping Dog
6839-ITVZJ,26,60.05,Month-to-month,DSL,1,2,1,-0.0327667894988193,0.125013895405977,Low,Sleeping Dog
8332-OSJDW,12,26.4,One year,No,0,0,12,0.4071092389004975,0.068391868833105,Low,Sure Thing
4735-BJKOU,40,20.15,Two year,No,0,0,24,0.3107736621735916,0.4953250193133562,Medium,Persuadable
0274-JKUJR,7,58.85,Month-to-month,DSL,0,5,1,-0.0374772425804905,0.0029249689542585693,Low,Sleeping Dog
5740-YHGTW,70,97.55,Month-to-month,Fiber optic,0,3,1,-0.0764401780146391,0.06704589362389048,Low,Sleeping Dog
8917-SZTTJ,60,19.65,Two year,No,0,0,24,0.2879774309652697,0.04324886611449883,Low,Sure Thing
1696-MZVAU,39,25.25,One year,DSL,0,0,12,0.3248477833408759,0.3881587081032561,Medium,Persuadable
7359-WWYJV,72,114.45,Two year,Fiber optic,0,6,24,-0.2724145558571237,0.01422430167535152,Low,Sleeping Dog
0375-HVGXO,1,34.7,Month-to-month,DSL,1,1,1,-0.3322638787828313,0.0732410338132251,Low,Sleeping Dog
4906-ZHGPK,54,70.7,One year,DSL,0,3,12,-0.1226461469446413,0.16746949066155756,Low,Sleeping Dog
8593-WHYHV,3,85.3,Month-to-month,Fiber optic,1,1,1,0.1060076745138915,0.4479458568780612,Medium,Persuadable
3795-GWTRD,63,75.55,Two year,DSL,0,5,24,-0.143724261841796,0.023088588802072204,Low,Sleeping Dog
1298-PHBTI,71,84.8,Two year,Fiber optic,0,2,24,-0.0787568857699125,0.007832844043026123,Low,Sleeping Dog
6223-DHJGV,42,20.65,One year,No,0,0,12,0.3248477833408759,0.08122243094349547,Low,Sure Thing
6961-MJKBO,47,20.45,Two year,No,0,0,24,0.3248477833408759,0.599430093269128,Medium,Persuadable
6097-EQISJ,66,102.45,One year,Fiber optic,1,4,12,-0.1551835090415277,0.6634676063638237,High,Lost Cause
4423-YLHDV,21,104.4,Month-to-month,Fiber optic,1,4,1,-0.141548927685547,0.13010068374256958,Low,Sleeping Dog
8158-WPEZG,11,35.65,Month-to-month,DSL,0,2,1,-0.1203680629181135,0.7891075451328348,High,Lost Cause
0107-YHINA,1,99.75,Month-to-month,Fiber optic,1,3,1,-0.1522654055071078,0.16283957769253346,Low,Sleeping Dog
4918-FYJNT,55,90.45,Month-to-month,Fiber optic,0,3,1,-0.1724720328848779,0.36602111511387997,Medium,Lost Cause
0727-BNRLG,69,97.65,Two year,Fiber optic,0,4,24,-0.0764401780146391,0.2825102561318975,Low,Sleeping Dog
4854-CIDCF,3,73.85,Month-to-month,Fiber optic,0,1,1,-0.0749318746754827,0.13664024239055392,Low,Sleeping Dog
8640-SDGKB,4,74.4,Month-to-month,DSL,1,4,1,-0.1514760666039072,0.1434507188250189,Low,Sleeping Dog
3280-MRDOF,30,69.1,Two year,DSL,0,3,24,-0.155418884173906,0.038493230705117905,Low,Sleeping Dog
6435-SRWBJ,5,82.75,Month-to-month,Fiber optic,0,2,1,-0.1400916380007072,0.026024247949071887,Low,Sleeping Dog
9964-WBQDJ,71,24.4,Two year,No,0,0,24,0.3200147580072676,0.004666234438585806,Low,Sure Thing
6303-KFWSL,29,55.25,One year,DSL,0,1,12,-0.0657294065981742,0.5458531344531482,Medium,Lost Cause
1702-CCFNJ,52,61.35,Month-to-month,DSL,0,2,1,-0.0029273398403703,0.001779631993777879,Low,Sleeping Dog
8932-CZHRQ,68,76.75,One year,DSL,0,4,12,-0.0797759988082112,0.8921771692993662,High,Lost Cause
0386-CWRGM,46,19.4,Two year,No,0,0,24,0.3107736621735916,0.8915067709717194,High,Persuadable
5515-RUGKN,8,54.75,Month-to-month,DSL,0,1,1,-0.0429225213336422,0.3601869264288912,Medium,Lost Cause
0404-AHASP,72,19.7,Two year,No,0,0,24,0.2946314954342693,0.6758519250995322,High,Persuadable
7279-NMVJC,17,19.9,One year,No,0,0,12,0.2940007085510896,0.0778728154242545,Low,Sure Thing
2081-VEYEH,3,107.95,Month-to-month,Fiber optic,0,5,1,0.4091712266539257,0.2957481191825959,Low,Sure Thing
6407-UTSLV,2,83.8,Month-to-month,Fiber optic,0,2,1,0.9626599369502302,0.9088665654685647,High,Persuadable
4116-TZAQJ,9,74.25,Month-to-month,Fiber optic,1,1,1,-0.1671772003301839,0.08571467737132554,Low,Sleeping Dog
9060-HJJRW,51,56.4,One year,DSL,0,4,12,0.0155641863104962,0.12603639039198677,Low,Sure Thing
2587-YNLES,6,20.1,Two year,No,0,0,24,0.2854741032504064,0.4134939281406738,Medium,Persuadable
7398-SKNQZ,3,94.9,Month-to-month,Fiber optic,0,2,1,0.0239380469780943,0.0527851365570284,Low,Sure Thing
5935-FCCNB,17,94.2,Month-to-month,Fiber optic,0,2,1,-0.1461505384888911,0.6093907775125064,High,Lost Cause
1958-RNRKS,30,49.9,Month-to-month,DSL,0,0,1,-0.0777843604360898,0.07099544886356154,Low,Sleeping Dog
5136-RGMZO,31,71.05,Month-to-month,DSL,0,3,1,-0.0745899805632621,0.9371679943134222,High,Lost Cause
8345-MVDYC,45,81.65,Two year,DSL,0,5,24,-0.1513664514337325,0.31614880638581666,Medium,Lost Cause
8226-BXGES,64,89.45,One year,Fiber optic,0,3,12,-0.1328892896999479,0.9483659078708516,High,Lost Cause
3877-JRJIP,1,59.85,Month-to-month,DSL,1,1,1,0.1219749469093096,0.02351366181130123,Low,Sure Thing
8375-DKEBR,1,69.6,Month-to-month,Fiber optic,1,0,1,-0.4028498447391783,0.030322415839563552,Low,Sleeping Dog
9705-IOVQQ,61,99.0,One year,Fiber optic,0,3,12,-0.1015390121311961,0.7594434796183629,High,Lost Cause
1015-OWJKI,1,19.05,Month-to-month,No,0,0,1,0.2947389798899313,0.0016298790368597328,Low,Sure Thing
7511-YMXVQ,9,45.4,Month-to-month,DSL,1,2,1,-0.0787174189653582,0.0019651040499957246,Low,Sleeping Dog
2040-XBAVJ,72,114.45,Two year,Fiber optic,0,6,24,-0.2724145558571237,0.003513484064074401,Low,Sleeping Dog
7551-JOHTI,1,19.5,Month-to-month,No,1,0,1,0.278060819952042,0.02587474818211752,Low,Sure Thing
8887-IPQNC,7,44.25,Month-to-month,DSL,0,0,1,-0.0787174189653582,0.003874554764118738,Low,Sleeping Dog
8646-JCOMS,66,90.55,One year,Fiber optic,0,3,12,-0.1328892896999479,0.08919891020053346,Low,Sleeping Dog
9804-ICWBG,1,69.9,Month-to-month,Fiber optic,1,0,1,-0.4028498447391783,0.17977013730884997,Low,Sleeping Dog
1222-KJNZD,40,20.4,Month-to-month,No,0,0,1,0.3248477833408759,0.6086823593772351,High,Persuadable
0106-GHRQR,16,71.4,Month-to-month,DSL,0,3,1,-0.1508485400607992,0.008820425435816799,Low,Sleeping Dog
5318-IXUZF,2,87.15,Month-to-month,Fiber optic,1,2,1,0.1396222780061026,0.43810427411893677,Medium,Persuadable
3768-VHXQO,67,24.85,Two year,No,0,0,24,0.3020515521325539,0.8153781743631036,High,Persuadable
8952-WCVCD,41,104.45,One year,Fiber optic,0,5,12,-0.1213364826719196,0.005605523732469076,Low,Sleeping Dog
2418-TPEUN,56,19.8,Two year,No,0,0,24,0.2874015447877719,0.0053666084722907735,Low,Sure Thing
3963-RYFNS,72,116.45,Two year,Fiber optic,0,6,24,-0.2389415814402401,0.03810997963370711,Low,Sleeping Dog
3198-VELRD,3,84.75,Month-to-month,Fiber optic,1,1,1,-0.0084994298408705,0.017572282762973238,Low,Sleeping Dog
8540-ZQGEA,54,20.05,Two year,No,0,0,24,0.2874015447877719,0.08078174332665881,Low,Sure Thing
1320-REHCS,52,110.75,Month-to-month,Fiber optic,0,5,1,0.1088882589335908,0.4222441977391321,Medium,Persuadable
4137-JOPHL,50,89.7,Two year,Fiber optic,0,3,24,-0.1444878533983221,0.009276059451930059,Low,Sleeping Dog
9436-ZBZCT,14,89.95,Month-to-month,Fiber optic,1,2,1,-0.1461505384888911,0.0008190667080097211,Low,Sleeping Dog
7801-CEDNV,27,48.7,One year,DSL,0,1,12,-0.1015243042298903,0.2072089612697169,Low,Sleeping Dog
2057-BOYKM,72,96.6,Two year,Fiber optic,0,4,24,-0.0844929498556276,0.08591240591571396,Low,Sleeping Dog
3658-QQJYD,62,74.3,One year,DSL,0,4,12,-0.1220063642123039,0.2036126608016211,Low,Sleeping Dog
1803-BGNBD,12,54.3,Month-to-month,DSL,0,2,1,-0.031283168237396,0.03528650720927614,Low,Sleeping Dog
0134-XWXCE,44,74.85,One year,DSL,0,4,12,-0.1989289011265257,0.889219440779811,High,Lost Cause
6950-TWMYB,54,79.95,Two year,Fiber optic,0,2,24,-0.1508548238658658,0.3898643444244316,Medium,Lost Cause
5848-FHRFC,68,20.05,Two year,No,0,0,24,0.3059406368399833,0.009969249964050799,Low,Sure Thing
2243-FNMMI,20,19.4,Month-to-month,No,0,0,1,0.2905612171599642,0.059897589382517435,Low,Sure Thing
2511-MORQY,50,54.9,One year,DSL,0,1,12,-0.0358899569397253,0.1117191988774161,Low,Sleeping Dog
5356-KZCKT,58,24.45,Two year,No,0,0,24,0.3014756659550562,0.6461767343875625,High,Persuadable
9470-XCCEM,35,89.65,Month-to-month,Fiber optic,0,2,1,-0.1293775848663892,0.06064383552395691,Low,Sleeping Dog
6519-CFDBX,2,45.4,Month-to-month,DSL,0,0,1,-0.0847859362721762,0.3196053674584674,Medium,Lost Cause
3902-MIVLE,63,75.7,Two year,DSL,0,4,24,-0.143724261841796,0.36322461943185064,Medium,Lost Cause
0409-WTMPL,58,110.65,One year,Fiber optic,0,5,12,0.1077433093395454,0.7336269475949111,High,Persuadable
8763-KIAFH,27,20.55,One year,No,0,0,12,0.279898065150494,0.041683412387916445,Low,Sure Thing
3669-WHAFY,71,115.15,Two year,Fiber optic,0,6,24,-0.2389415814402401,0.002078742901643382,Low,Sleeping Dog
3055-VTCGS,63,58.55,One year,DSL,0,2,12,-0.0298687920090758,0.00516208115822327,Low,Sleeping Dog
3144-KMTWZ,71,93.25,Month-to-month,Fiber optic,0,3,1,-0.068941026666363,0.896293779248094,High,Lost Cause
7279-BUYWN,41,113.2,Month-to-month,Fiber optic,1,5,1,-11.972146299081,0.011194625090696048,Low,Sleeping Dog
7156-MHUGY,13,90.5,Month-to-month,Fiber optic,1,2,1,-0.1461505384888911,0.01666378740976293,Low,Sleeping Dog
7198-GLXTC,2,79.0,Month-to-month,Fiber optic,1,1,1,-0.0287629992868477,0.009074385737570162,Low,Sleeping Dog
2007-QVGAW,68,19.35,Two year,No,0,0,24,0.3092526304614029,0.09797586263556812,Low,Sure Thing
5207-PLSTK,1,48.75,Month-to-month,DSL,0,1,1,-0.1340528840520785,0.18102710879141815,Low,Sleeping Dog
2307-FYNNL,65,109.05,Two year,Fiber optic,0,5,24,0.0684077673382492,0.5195986762461146,Medium,Persuadable
5605-XNWEN,72,25.0,Two year,No,0,0,24,0.3006528447605652,0.08458670473918739,Low,Sure Thing
2155-AMQRX,28,54.9,Month-to-month,DSL,0,1,1,-0.0657294065981742,0.1729623347109033,Low,Sleeping Dog
6181-AXXYF,72,24.75,Two year,No,0,0,24,0.3087056166015536,0.854807672399421,High,Persuadable
5091-HFAZW,2,91.15,Month-to-month,Fiber optic,0,3,1,0.0848424886548552,0.447095853432182,Medium,Persuadable
0516-VRYBW,18,20.15,One year,No,1,0,12,0.2940007085510896,0.6473602526787983,High,Persuadable
2519-LBNQL,60,104.35,One year,Fiber optic,0,4,12,-0.0941789682849774,0.02433417313259445,Low,Sleeping Dog
8623-ULFNQ,26,66.05,Month-to-month,DSL,0,2,1,-0.0636810894932372,0.05567696027629438,Low,Sleeping Dog
8380-PEFPE,1,71.65,Month-to-month,Fiber optic,1,0,1,-0.5765863015622662,0.03373554750588339,Low,Sleeping Dog
5687-DKDTV,4,20.35,Month-to-month,No,1,0,1,0.2934797071108728,0.045922148563261316,Low,Sure Thing
1568-LJSZU,68,92.2,Two year,DSL,0,6,24,-0.068941026666363,0.009659918339429589,Low,Sleeping Dog
7530-HDYDS,38,84.25,Month-to-month,Fiber optic,1,3,1,-0.1391934439699387,0.6209168952851128,High,Lost Cause
7789-HKSBS,42,105.2,One year,Fiber optic,0,4,12,-0.1479086853437892,0.9111672790035734,High,Lost Cause
7416-CKTEP,57,19.6,Two year,No,0,0,24,0.2874015447877719,0.8376554973561193,High,Persuadable
2586-CWXVV,54,30.4,Month-to-month,DSL,0,1,1,-0.1807406914442025,0.5229235154036853,Medium,Lost Cause
3096-IZETN,12,78.1,Month-to-month,Fiber optic,1,1,1,-0.1772557448634298,0.031002928623411734,Low,Sleeping Dog
2348-KCJLT,44,61.5,One year,DSL,0,3,12,0.0121829286915625,0.35069988511313105,Medium,Persuadable
8401-EMUWF,42,69.4,Month-to-month,DSL,0,3,1,-0.1104691659835242,0.5976872058206917,Medium,Lost Cause
4193-IBKSW,72,24.75,Two year,No,0,0,24,0.3087056166015536,0.6425588859870702,High,Persuadable
5377-NDTOU,71,91.05,Two year,DSL,0,6,24,-0.068941026666363,0.1740235856804688,Low,Sleeping Dog
5922-ABDVO,19,89.65,Month-to-month,Fiber optic,1,2,1,-0.1461505384888911,0.0034167272794683474,Low,Sleeping Dog
2474-LCNUE,23,73.65,Month-to-month,DSL,0,3,1,-0.1538983281528827,0.08872811722432943,Low,Sleeping Dog
0839-QNXME,30,19.4,Two year,No,0,0,24,0.2658239439832097,0.6451528222960256,High,Persuadable
3506-OVLKD,35,26.2,One year,No,0,0,12,0.3248477833408759,0.08684127256261277,Low,Sure Thing
9172-ANCRX,10,98.7,Month-to-month,Fiber optic,1,3,1,0.0237082528071808,0.5433846639469363,Medium,Persuadable
6650-VJONK,1,43.85,Month-to-month,DSL,0,0,1,-0.0952479271784788,0.10262147834981343,Low,Sleeping Dog
2178-PMGCJ,22,69.7,Month-to-month,Fiber optic,0,0,1,-0.1306816109971515,0.02785787899342261,Low,Sleeping Dog
7492-TAFJD,7,38.55,Two year,DSL,0,3,24,-0.1203680629181135,0.0013825637963133647,Low,Sleeping Dog
2773-MADBQ,36,53.1,Two year,DSL,0,5,24,-0.0207796884077924,0.7014746103560902,High,Lost Cause
6016-LVTJQ,34,20.65,Month-to-month,No,0,0,1,0.3248477833408759,0.5943828802639599,Medium,Persuadable
7860-KSUGX,72,64.45,Two year,DSL,0,3,24,-0.0019232938436765,0.5247617402663297,Medium,Lost Cause
8966-KZXXA,36,25.1,Two year,No,0,0,24,0.3248477833408759,0.3414079512901165,Medium,Persuadable
6910-HADCM,1,76.35,Month-to-month,Fiber optic,1,1,1,-0.3364827905478125,0.005672698415736657,Low,Sleeping Dog
4816-LXZYW,23,79.15,Month-to-month,Fiber optic,1,1,1,-0.1760468981216644,0.16667119911015335,Low,Sleeping Dog
9606-PBKBQ,32,85.0,Month-to-month,Fiber optic,1,1,1,-0.1822878919884275,0.10775296700384714,Low,Sleeping Dog
5149-QYTTU,71,95.15,One year,Fiber optic,0,4,12,-0.0764401780146391,0.009523725259726619,Low,Sleeping Dog
2070-XYMFH,23,79.35,Month-to-month,Fiber optic,0,1,1,-0.1760468981216644,0.01171671755515607,Low,Sleeping Dog
2085-BOJKI,17,96.65,One year,Fiber optic,0,3,12,-0.1536496898371672,0.8899846056844442,High,Lost Cause
0817-HSUSE,1,75.5,Month-to-month,DSL,0,4,1,-0.7112487026152903,0.16673958202360575,Low,Sleeping Dog
5442-PPTJY,12,19.7,Two year,No,0,0,24,0.2971134563466525,0.321437340544211,Medium,Persuadable
1927-QEWMY,72,20.5,Two year,No,0,0,24,0.3087056166015536,0.011255350760836296,Low,Sure Thing
1663-MHLHE,1,19.2,Month-to-month,No,0,0,1,0.2947389798899313,0.7754908373118533,High,Persuadable
5663-QBGIS,72,98.35,Two year,Fiber optic,0,3,24,-0.0844929498556276,0.7517575626372875,High,Lost Cause
4450-MDZFX,60,74.35,Month-to-month,Fiber optic,0,0,1,-0.1220063642123039,0.06761158542372599,Low,Sleeping Dog
6701-DHKWQ,61,51.35,Two year,DSL,0,4,24,-0.0353140707622275,0.011848853045028447,Low,Sleeping Dog
7554-AKDQF,6,45.65,Month-to-month,DSL,0,0,1,-0.0787174189653582,0.01276404242882468,Low,Sleeping Dog
3536-IQCTX,32,85.3,Month-to-month,Fiber optic,1,1,1,-0.174563831575506,0.5168352091613698,Medium,Lost Cause
4911-BANWH,31,86.55,Month-to-month,Fiber optic,1,1,1,-0.0829015896077713,0.21291006501798704,Low,Sleeping Dog
8496-EJAUI,19,73.85,Month-to-month,Fiber optic,1,1,1,-0.1504588367617573,0.08577738756494156,Low,Sleeping Dog
0794-YVSGE,72,20.3,Two year,No,0,0,24,0.2946314954342693,0.015175309381819583,Low,Sure Thing
5423-BHIXO,32,54.2,Month-to-month,DSL,0,1,1,-0.0207796884077924,0.0023109977629096313,Low,Sleeping Dog
6908-VVYHM,65,90.65,Month-to-month,Fiber optic,0,2,1,-0.1328892896999479,0.02750843434610695,Low,Sleeping Dog
2959-EEXWB,45,50.9,Month-to-month,DSL,0,3,1,-0.0207796884077924,0.003078619858870315,Low,Sleeping Dog
1839-UMACK,42,25.05,One year,No,0,0,12,0.3248477833408759,0.7408309485829249,High,Persuadable
3030-YDNRM,8,74.85,Month-to-month,Fiber optic,0,0,1,-0.188895097959676,0.8420522044571159,High,Lost Cause
7321-KKSDU,32,20.5,Two year,No,0,0,24,0.3248477833408759,0.4431311138135879,Medium,Persuadable
3402-XRIUO,22,63.55,Month-to-month,DSL,0,3,1,-0.0389438163164828,0.8654656578747243,High,Lost Cause
3132-TVFDZ,57,44.85,Month-to-month,DSL,1,2,1,-0.0996690340579972,0.7226875504259515,High,Lost Cause
8286-AFUYI,1,47.95,Month-to-month,DSL,0,1,1,-0.1340528840520785,0.3428187285139404,Medium,Lost Cause
8080-DDEMJ,1,45.1,Month-to-month,DSL,1,0,1,-0.1340528840520785,0.4541461319279632,Medium,Lost Cause
8356-WUAOJ,1,45.0,Month-to-month,DSL,0,0,1,-0.1340528840520785,0.7530003620918763,High,Lost Cause
6365-MTGZX,24,96.0,Month-to-month,Fiber optic,1,3,1,-0.1818264544050471,0.0029990422848106923,Low,Sleeping Dog
1349-WXNGG,1,20.05,Month-to-month,No,1,0,1,0.278060819952042,0.4588397477968003,Medium,Persuadable
8058-DMYRU,54,90.05,Month-to-month,Fiber optic,0,2,1,-0.1724720328848779,0.2611444297905534,Low,Sleeping Dog
9350-ZXYJC,4,25.3,Two year,No,0,0,24,0.2934797071108728,0.3496821720099735,Medium,Persuadable
6990-YNRIO,65,108.65,Two year,Fiber optic,1,5,24,0.0377385481177483,0.1594873058047575,Low,Sure Thing
8958-JPTRR,56,24.3,One year,No,0,0,12,0.3014756659550562,0.12655832725718366,Low,Sure Thing
6959-GQEGV,45,75.95,Month-to-month,DSL,0,4,1,-0.155834453108037,0.010100374001177283,Low,Sleeping Dog
3173-WSSUE,71,19.7,Two year,No,0,0,24,0.3059406368399833,0.032295750851830916,Low,Sure Thing
1265-HVPZB,59,66.4,One year,DSL,0,4,12,-0.0338416398347883,0.007114400677364528,Low,Sleeping Dog
4115-UMJFQ,69,35.75,One year,DSL,0,2,12,-0.0814171525330848,0.0054090846826202466,Low,Sleeping Dog
7369-TRPFD,19,18.8,One year,No,0,0,12,0.3106788684889788,0.8006792647718388,High,Persuadable
1098-KFQEC,55,19.4,Two year,No,0,0,24,0.2874015447877719,0.07639133149000411,Low,Sure Thing
7190-XHTWJ,38,19.3,One year,No,0,0,12,0.3107736621735916,0.02734047832345274,Low,Sure Thing
0621-TWIEM,10,45.55,Month-to-month,DSL,1,0,1,-0.0787174189653582,0.0900400640080381,Low,Sleeping Dog
3537-RYBHH,47,67.45,Month-to-month,DSL,0,3,1,-0.0618258193213441,0.2144321838756106,Low,Sleeping Dog
2485-ITVKB,2,35.1,Month-to-month,DSL,1,1,1,-0.1264365802249314,0.898639217432882,High,Lost Cause
3669-OYSJI,1,46.2,Month-to-month,DSL,1,0,1,-0.1340528840520785,0.014733484004127669,Low,Sleeping Dog
1612-EOHDH,1,45.15,Month-to-month,DSL,1,0,1,-0.1340528840520785,0.059616092385889,Low,Sleeping Dog
6702-OHFWR,1,43.3,Month-to-month,DSL,1,3,1,0.1600162609513356,0.009704222448335938,Low,Sure Thing
5296-BFCYD,46,20.1,Two year,No,0,0,24,0.3107736621735916,0.3713271515118555,Medium,Persuadable
4510-PYUSH,38,57.15,Month-to-month,DSL,1,2,1,-0.0584288576731295,0.08653147543235445,Low,Sleeping Dog
9359-JANWS,65,58.9,Two year,DSL,0,3,24,-0.0298687920090758,0.01892929661509258,Low,Sleeping Dog
7517-SAWMO,19,73.2,Month-to-month,Fiber optic,1,1,1,-0.1504588367617573,0.5632787441119289,Medium,Lost Cause
4143-HHPMK,52,85.35,Month-to-month,Fiber optic,1,2,1,-0.1465796520889501,0.8345825176073233,High,Lost Cause
3279-DYZQM,71,19.45,Two year,No,0,0,24,0.3059406368399833,0.17716347752685557,Low,Sure Thing
7054-LGEQW,1,45.95,Month-to-month,DSL,1,0,1,-0.1340528840520785,0.24803294523918132,Low,Sleeping Dog
0523-VNGTF,52,50.5,Month-to-month,DSL,0,4,1,-0.0759290902641967,0.5498292680841129,Medium,Lost Cause
9575-IWCAZ,6,25.1,One year,No,0,0,12,0.2995482244176907,0.11567022556152634,Low,Sure Thing
7105-MXJLL,26,60.7,One year,DSL,0,2,12,-0.0327667894988193,0.10065449481676357,Low,Sleeping Dog
7064-FRRSW,48,99.0,One year,Fiber optic,0,3,12,-0.1717909745366271,0.7387038387195716,High,Lost Cause
7940-UQQUG,64,104.4,One year,Fiber optic,0,4,12,-0.1248481875054783,0.02984079561954627,Low,Sleeping Dog
0923-PNFUB,3,83.75,Month-to-month,Fiber optic,1,2,1,-0.1192152669414563,0.4127142434542874,Medium,Lost Cause
3961-SXAXY,1,44.05,Month-to-month,DSL,0,0,1,-0.1340528840520785,0.1308717850703546,Low,Sleeping Dog
7010-BRBUU,72,24.1,Two year,No,0,0,24,0.3087056166015536,0.5005355073727246,Medium,Persuadable
3566-HJGPK,1,45.55,Month-to-month,DSL,0,0,1,-0.1340528840520785,0.07498812919504301,Low,Sleeping Dog
3062-ICYZQ,51,93.8,Month-to-month,Fiber optic,0,3,1,-0.1444878533983221,0.4858789430467712,Medium,Lost Cause
9938-PRCVK,41,19.7,Two year,No,0,0,24,0.3107736621735916,0.14928809697865889,Low,Sure Thing
0973-KYVNF,72,70.65,Two year,DSL,0,4,24,-0.0470993202126823,0.831066817563518,High,Lost Cause
5129-HHMZC,43,86.45,Two year,DSL,0,5,24,-0.1314693835570173,0.7088927278563545,High,Lost Cause
9637-CDTKZ,72,114.1,Two year,Fiber optic,0,6,24,-0.2724145558571237,0.08996045730343116,Low,Sleeping Dog
3946-JEWRQ,47,95.2,One year,Fiber optic,0,2,12,-0.1368767362146653,0.42433623767715695,Medium,Lost Cause
7873-CVMAW,72,88.55,Two year,DSL,0,6,24,-0.068941026666363,0.2075477549192416,Low,Sleeping Dog
0463-WZZKO,3,20.75,Month-to-month,No,0,0,1,0.2934797071108728,0.0036316609893928356,Low,Sure Thing
3494-JCHRQ,1,70.05,Month-to-month,Fiber optic,1,0,1,-0.4219430731459002,0.2839932946858555,Low,Sleeping Dog
6474-FVJLC,2,86.0,Month-to-month,Fiber optic,1,1,1,0.1396222780061026,0.011090707594864024,Low,Sure Thing
4524-QCSSM,26,44.65,Month-to-month,DSL,0,3,1,-0.1015243042298903,0.0037774710522499645,Low,Sleeping Dog
5832-EXGTT,29,60.2,Month-to-month,DSL,0,2,1,-0.0327667894988193,0.07768048306686628,Low,Sleeping Dog
8840-DQLGN,35,100.5,Month-to-month,Fiber optic,1,4,1,-0.0102178902052046,0.048737843889882025,Low,Sleeping Dog
2039-JONDJ,27,55.45,One year,DSL,0,2,12,-0.0657294065981742,0.31060869700650984,Medium,Lost Cause
7217-JYHOQ,24,70.3,Month-to-month,DSL,0,4,1,-0.3944441322600867,0.6307733473267078,High,Lost Cause
6695-FRVEC,67,60.4,Two year,DSL,0,3,24,-0.0297304680122547,0.7866055576332681,High,Lost Cause
4547-LYTDD,16,72.65,Month-to-month,Fiber optic,1,0,1,-0.2190811330525258,0.004428535336352984,Low,Sleeping Dog
9894-QMIMJ,23,55.8,One year,DSL,0,2,12,-0.0632391619030618,0.03344906956581054,Low,Sleeping Dog
8069-YQQAJ,14,31.1,Month-to-month,DSL,0,1,1,-0.1149981836147657,0.4071403379908818,Medium,Lost Cause
6770-XUAGN,1,21.0,Month-to-month,No,1,0,1,0.2921349411193263,0.00817510769872603,Low,Sure Thing
4193-ORFCL,1,45.1,Month-to-month,DSL,1,0,1,-0.1340528840520785,0.14324224158235369,Low,Sleeping Dog
1636-NTNCO,4,50.95,Month-to-month,DSL,0,3,1,-0.0489910386404601,0.005275163957435461,Low,Sleeping Dog
3466-WAESX,16,69.1,Month-to-month,DSL,0,3,1,-0.1381599315318153,0.2597591922649376,Low,Sleeping Dog
9281-PKKZE,46,43.95,Month-to-month,DSL,0,2,1,-0.0177696291659087,0.5251993734027202,Medium,Lost Cause
3638-VBZTA,68,86.5,Two year,DSL,0,5,24,-0.0710328253569911,0.6083918562786365,High,Lost Cause
7459-IMVYU,38,69.95,Month-to-month,DSL,0,4,1,-0.1104691659835242,0.3921403192682685,Medium,Lost Cause
7776-QWNFX,30,50.4,Month-to-month,DSL,1,1,1,-0.0777843604360898,0.7272264727022163,High,Lost Cause
6689-TCZHQ,5,78.95,Month-to-month,Fiber optic,1,1,1,-0.1445596396750117,0.27424766891921176,Low,Sleeping Dog
8563-OYMQY,17,90.95,Month-to-month,Fiber optic,0,3,1,-0.1461505384888911,0.03116794198107588,Low,Sleeping Dog
0754-EEBDC,4,19.9,Two year,No,0,0,24,0.2794055859435885,0.12424007915969522,Low,Sure Thing
5777-ZPQNC,12,20.15,One year,No,0,0,12,0.2971134563466525,0.183716215068785,Low,Sure Thing
1951-IEYXM,72,90.6,Two year,DSL,0,6,24,-0.068941026666363,0.0035963182674494964,Low,Sleeping Dog
3318-NMQXL,3,92.0,Month-to-month,Fiber optic,0,2,1,0.0239380469780943,0.0031028654334300802,Low,Sure Thing
3143-ILDAL,56,94.45,Month-to-month,Fiber optic,1,3,1,-0.1444878533983221,0.008284506007325445,Low,Sleeping Dog
1022-RKXDR,41,24.85,One year,No,0,0,12,0.3248477833408759,0.2438029629807316,Low,Sure Thing
2361-FJWNO,40,36.0,One year,DSL,0,2,12,-0.0982252299922637,0.2173629812040494,Low,Sleeping Dog
2272-UOINI,7,78.5,Month-to-month,DSL,0,5,1,-0.188895097959676,0.17000961710907722,Low,Sleeping Dog
8232-UTFOZ,69,19.95,Two year,No,0,0,24,0.3059406368399833,0.011438897119843873,Low,Sure Thing
3750-YHRYO,7,20.65,One year,No,0,0,12,0.2995482244176907,0.0026458077236741827,Low,Sure Thing
6637-KYRCV,5,30.5,Month-to-month,DSL,0,1,1,-0.2680450701565244,0.6412376574119287,High,Lost Cause
5668-MEISB,72,106.1,Two year,Fiber optic,0,5,24,-0.1294532223786254,0.0056767036478206625,Low,Sleeping Dog
0129-QMPDR,44,20.5,One year,No,0,0,12,0.3248477833408759,0.03651265719195022,Low,Sure Thing
7188-CBBBA,65,95.5,One year,Fiber optic,0,3,12,-0.1403884410482239,0.24352479432229293,Low,Sleeping Dog
5356-CSVSQ,3,64.6,Month-to-month,DSL,0,2,1,-0.0578605334613123,0.005365444353042659,Low,Sleeping Dog
3221-CJMSG,24,51.1,Month-to-month,DSL,0,1,1,-0.0657294065981742,0.028438419450727042,Low,Sleeping Dog
4720-VSTSI,44,84.8,Month-to-month,Fiber optic,1,2,1,-0.1391934439699387,0.0051703160591308256,Low,Sleeping Dog
3219-JQRSL,72,89.1,Two year,DSL,0,6,24,-0.0769937985073515,0.7493698547438491,High,Lost Cause
2801-NISEI,24,54.95,Month-to-month,DSL,0,2,1,-0.0657294065981742,0.0423439529625646,Low,Sleeping Dog
3946-MHCZW,1,50.9,Month-to-month,DSL,1,1,1,0.0599551303353236,0.6792220000599122,High,Persuadable
4623-ZKHLY,22,20.45,Month-to-month,No,0,0,1,0.3046353383272485,0.9307132752666347,High,Persuadable
6732-VAILE,70,85.95,Two year,DSL,0,5,24,-0.0710328253569911,0.0012473763941825004,Low,Sleeping Dog
8201-AAXCB,25,60.35,Month-to-month,DSL,0,1,1,-0.0327667894988193,0.19840900021825858,Low,Sleeping Dog
7696-CFTAT,37,19.8,Two year,No,0,0,24,0.3107736621735916,0.00381286037169971,Low,Sure Thing
1845-CSBRZ,22,85.35,Month-to-month,Fiber optic,0,1,1,-0.1516818285706446,0.01394488439227942,Low,Sleeping Dog
2123-VSCOT,59,72.1,Two year,DSL,0,3,24,-0.1226461469446413,0.3076272950648214,Medium,Lost Cause
6651-AZVTJ,49,99.8,Month-to-month,Fiber optic,1,3,1,-0.1434727003399177,0.06658399599477648,Low,Sleeping Dog
4566-GOLUK,47,107.35,Month-to-month,Fiber optic,1,4,1,-0.1515391989152982,0.05377968193705764,Low,Sleeping Dog
2484-DGXPZ,31,19.55,Month-to-month,No,1,0,1,0.0564005966677734,0.05091877691204091,Low,Sure Thing
2018-QKYGT,1,81.05,Month-to-month,Fiber optic,0,1,1,-0.332014788873508,0.0632572377847566,Low,Sleeping Dog
2792-VPPET,3,20.5,Month-to-month,No,0,0,1,0.2934797071108728,0.14319790437456612,Low,Sure Thing
7409-JURKQ,53,111.8,One year,Fiber optic,0,5,12,-0.0491794222553867,0.30517371093031526,Medium,Lost Cause
3247-MHJKM,1,20.2,Month-to-month,No,0,0,1,0.278060819952042,0.019201984538342338,Low,Sure Thing
1964-SVLEA,20,19.7,One year,No,0,0,12,0.2905612171599642,0.7173564774024396,High,Persuadable
4587-NUKOX,3,79.1,Month-to-month,Fiber optic,1,2,1,-0.0623776027790588,0.6841741402053215,High,Lost Cause
7297-DVYGA,51,19.85,One year,No,0,0,12,0.2874015447877719,0.4748801193651659,Medium,Persuadable
2239-CGBUZ,51,60.5,One year,DSL,0,3,12,-0.0029273398403703,0.2905952462892466,Low,Sleeping Dog
0854-UYHZD,13,19.55,Two year,No,0,0,24,0.2940007085510896,0.18013802377773733,Low,Sure Thing
7243-LCGGZ,1,20.9,Month-to-month,No,0,0,1,0.2921349411193263,0.006416460542454265,Low,Sure Thing
8267-KFGYD,1,21.05,Month-to-month,No,0,0,1,0.2921349411193263,0.008876191414791283,Low,Sure Thing
4890-VMUAV,63,71.5,One year,DSL,0,4,12,-0.111047583246267,0.055584000721971165,Low,Sleeping Dog
9261-WDCAF,3,54.65,Month-to-month,DSL,0,1,1,-0.0489910386404601,0.07389983002898469,Low,Sleeping Dog
3764-MNMOI,46,19.2,Two year,No,0,0,24,0.3274518221114808,0.03261309396138291,Low,Sure Thing
7442-YGZFK,1,49.8,Month-to-month,DSL,0,0,1,0.0003955187389117,0.04862132641187922,Low,Sure Thing
0420-BWTPW,8,25.5,Month-to-month,DSL,1,0,1,0.2995482244176907,0.07975606172219768,Low,Sure Thing
8229-BUJHX,71,20.5,Two year,No,0,0,24,0.3200147580072676,0.0920309769352034,Low,Sure Thing
7449-HVPIV,55,90.4,Month-to-month,Fiber optic,0,2,1,-0.1444878533983221,0.4107922616400191,Medium,Lost Cause
5504-WSIUR,70,90.25,One year,Fiber optic,0,3,12,-0.068941026666363,0.0033748694878282526,Low,Sleeping Dog
8183-ONMXC,2,80.75,Month-to-month,Fiber optic,1,1,1,-0.0242949976125432,0.006710197605805288,Low,Sleeping Dog
8466-PZBLH,67,104.6,Two year,Fiber optic,0,4,24,-0.1248481875054783,0.7027088301165124,High,Lost Cause
9614-RMGHA,65,91.85,Month-to-month,Fiber optic,1,2,1,-0.1328892896999479,0.1232426108445071,Low,Sleeping Dog
8735-IJJEG,14,50.2,Month-to-month,DSL,0,1,1,-0.0496075958682099,0.6337211296426507,High,Lost Cause
0564-MUUQK,20,95.5,Month-to-month,Fiber optic,0,3,1,-0.1570891812282926,0.004859770613939014,Low,Sleeping Dog
5054-IEXZT,1,75.35,Month-to-month,Fiber optic,1,1,1,-0.7112487026152903,0.5545030877611542,Medium,Lost Cause
5834-ASPWA,1,75.45,Month-to-month,Fiber optic,1,0,1,-0.7112487026152903,0.3713951537625115,Medium,Lost Cause
0701-RFGFI,49,95.4,Month-to-month,Fiber optic,0,2,1,-0.1519870047465982,0.004807060306776797,Low,Sleeping Dog
0019-EFAEP,72,101.3,Two year,Fiber optic,0,4,24,-0.0912352460079429,0.7294709123895547,High,Lost Cause
5619-PTMIK,46,53.1,Month-to-month,DSL,0,1,1,-0.0207796884077924,0.03792557721640568,Low,Sleeping Dog
3737-XBQDD,24,84.85,Month-to-month,Fiber optic,0,2,1,-0.1841431621603205,0.15060592085793847,Low,Sleeping Dog
5882-CMAZQ,5,34.25,Month-to-month,DSL,0,2,1,-0.1264365802249314,0.02239110573191605,Low,Sleeping Dog
5846-QFDFI,33,88.6,Month-to-month,Fiber optic,0,3,1,-0.1293775848663892,0.1016907707459918,Low,Sleeping Dog
4445-KWOKW,42,60.15,One year,DSL,0,2,12,0.0121829286915625,0.011686301027923883,Low,Sure Thing
3511-APPBJ,23,99.95,One year,Fiber optic,0,4,12,-0.1485748768216122,0.714607077952267,High,Lost Cause
7967-HYCDE,8,70.7,Month-to-month,Fiber optic,0,0,1,-0.156218419364147,0.10844845473035936,Low,Sleeping Dog
2430-RRYUW,66,54.8,One year,DSL,0,2,12,-0.0353140707622275,0.015154565160985229,Low,Sleeping Dog
3948-XHGNA,24,49.55,Month-to-month,DSL,1,1,1,-0.0777843604360898,0.6260921700109222,High,Lost Cause
3723-BFBGR,24,54.8,Month-to-month,DSL,0,1,1,-0.0657294065981742,0.9496918107066521,High,Lost Cause
0565-IYCGT,69,78.6,One year,DSL,1,5,12,-0.0797759988082112,0.11916729201627402,Low,Sleeping Dog
5447-WZAFP,53,100.3,One year,Fiber optic,0,4,12,-0.1434727003399177,0.005588957419767393,Low,Sleeping Dog
5110-CHOPY,60,53.6,Two year,DSL,0,4,24,-0.0353140707622275,0.3712602708684671,Medium,Lost Cause
5445-UTODQ,7,81.1,Month-to-month,Fiber optic,1,1,1,-0.1844270962853715,0.08988234345971602,Low,Sleeping Dog
4425-OWHWB,20,19.35,One year,No,0,0,12,0.2905612171599642,0.2798166403459675,Low,Sure Thing
7892-QVYKW,23,85.6,Month-to-month,Fiber optic,0,1,1,-0.1516818285706446,0.0014499795949580467,Low,Sleeping Dog
9675-ICXCT,72,80.8,Two year,DSL,0,5,24,-0.0753079971339067,0.22492892532669206,Low,Sleeping Dog
1024-VRZHF,11,74.95,Month-to-month,Fiber optic,1,0,1,-0.188895097959676,0.03990706171677442,Low,Sleeping Dog
4703-MQYKT,21,19.6,Two year,No,0,0,24,0.2905612171599642,0.17738599616494166,Low,Sure Thing
9497-QCMMS,1,93.55,Month-to-month,Fiber optic,1,2,1,-0.2228773026061093,0.445809109736814,Medium,Lost Cause
5692-ICXLW,31,90.7,Month-to-month,Fiber optic,0,2,1,-0.1127618983361428,0.5216437029004601,Medium,Lost Cause
0602-DDUML,57,69.75,Two year,DSL,0,4,24,-0.1099575384156574,0.1264220075353231,Low,Sleeping Dog
2208-MPXIO,45,20.0,Two year,No,0,0,24,0.3107736621735916,0.4153591533160177,Medium,Persuadable
1960-UYCNN,10,95.25,Month-to-month,Fiber optic,0,3,1,-0.159019569140515,0.03930880408930593,Low,Sleeping Dog
0348-SDKOL,58,102.1,Month-to-month,Fiber optic,1,4,1,-0.1667820727399019,0.04476167504687901,Low,Sleeping Dog
3190-FZATL,14,19.95,Month-to-month,No,0,0,1,0.2940007085510896,0.3144147449706349,Medium,Persuadable
7336-RLLRH,27,80.85,One year,DSL,0,4,12,-0.1963161696241143,0.3733586693329129,Medium,Lost Cause
4373-MAVJG,14,90.9,Month-to-month,Fiber optic,1,2,1,-0.1461505384888911,0.01827347166442077,Low,Sleeping Dog
8901-HJXTF,12,29.2,Month-to-month,DSL,1,1,1,-0.1135063849000581,0.13468425417969043,Low,Sleeping Dog
7710-JSYOA,69,93.3,Two year,Fiber optic,0,3,24,-0.068941026666363,0.5162690315700876,Medium,Lost Cause
5419-KLXBN,25,89.15,Month-to-month,Fiber optic,1,3,1,-0.174327303056771,0.8487189463026849,High,Lost Cause
3424-NMNBO,58,108.85,One year,Fiber optic,1,5,12,-0.0353635706785073,0.4265548232796134,Medium,Lost Cause
9885-MFVSU,35,46.35,Two year,DSL,0,3,24,-0.0565745860395085,0.004052242549486558,Low,Sleeping Dog
4514-GFCFI,16,84.75,Month-to-month,Fiber optic,1,1,1,-0.1559663975924406,0.07607204008784686,Low,Sleeping Dog
0607-MVMGC,45,78.75,One year,DSL,0,4,12,-0.155834453108037,0.23119806399998036,Low,Sleeping Dog
3365-SAIGS,17,83.55,Month-to-month,Fiber optic,0,2,1,-0.2403628828187257,0.002217391553139231,Low,Sleeping Dog
9828-AOQLM,1,45.7,Month-to-month,DSL,1,0,1,-0.1340528840520785,0.18606311911019927,Low,Sleeping Dog
8022-BECSI,22,19.6,One year,No,0,0,12,0.2905612171599642,0.13902162977434937,Low,Sure Thing
8000-REIQB,1,69.95,Month-to-month,Fiber optic,1,0,1,-0.4028498447391783,0.213275975953768,Low,Sleeping Dog
9993-LHIEB,67,67.85,Two year,DSL,0,4,24,-0.0332657536572905,0.00736699686774053,Low,Sleeping Dog
0266-CLZKZ,67,105.65,Two year,Fiber optic,0,4,24,-0.1083259421588591,0.47989853064839294,Medium,Lost Cause
7615-ESMYF,2,44.6,Month-to-month,DSL,1,2,1,-0.0847859362721762,0.11457600977488032,Low,Sleeping Dog
3858-VOBET,23,74.95,Month-to-month,Fiber optic,1,0,1,-0.1760468981216644,0.541514975272859,Medium,Lost Cause
7020-OZKXZ,9,75.5,Month-to-month,Fiber optic,0,1,1,-0.188895097959676,0.7252822572893098,High,Lost Cause
3977-QCRSL,5,20.15,Month-to-month,No,0,0,1,0.2794055859435885,0.6171934258110529,High,Persuadable
0017-DINOC,54,45.2,Two year,DSL,0,3,24,-0.0716848545714414,0.20950301253775572,Low,Sleeping Dog
1447-PJGGA,57,95.25,Two year,Fiber optic,1,3,24,-0.1519870047465982,0.0030276545429795466,Low,Sleeping Dog
8565-CLBZW,24,89.85,Month-to-month,Fiber optic,1,2,1,-0.174327303056771,0.00434316965435618,Low,Sleeping Dog
9139-WQQDY,49,100.45,One year,Fiber optic,1,3,12,-0.1434727003399177,0.008457169203792796,Low,Sleeping Dog
0224-HJAPT,5,47.15,Month-to-month,DSL,1,0,1,-0.0847859362721762,0.0011136966942765652,Low,Sleeping Dog
8086-OVPWV,2,80.2,Month-to-month,Fiber optic,1,1,1,-0.0242949976125432,0.05688398295406655,Low,Sleeping Dog
9430-FRQOC,4,87.1,Month-to-month,Fiber optic,1,2,1,0.0238256376179386,0.08337467248681368,Low,Sure Thing
7639-OPLNG,70,79.25,Two year,DSL,0,5,24,-0.0797759988082112,0.013937204076937016,Low,Sleeping Dog
3074-GQWYX,5,75.9,Month-to-month,Fiber optic,1,0,1,-0.1445596396750117,0.003624137649429506,Low,Sleeping Dog
1492-QGCLU,53,85.7,Month-to-month,DSL,0,5,1,-0.1465796520889501,0.922240597987229,High,Lost Cause
6845-RGTYS,47,98.75,Month-to-month,Fiber optic,1,4,1,-0.1286965265181384,0.36734406755115434,Medium,Lost Cause
7328-OWMOM,31,20.1,One year,No,0,0,12,0.3593414561228375,0.3157436744177642,Medium,Persuadable
4418-LZMSV,13,61.8,Month-to-month,DSL,0,3,1,0.0244671745436915,0.6422750447455773,High,Persuadable
5155-AZQPB,28,49.9,Month-to-month,DSL,0,0,1,-0.0777843604360898,0.007186283763871371,Low,Sleeping Dog
8861-HGGKB,10,86.45,Month-to-month,Fiber optic,1,1,1,-0.153612216482867,0.0319707319400139,Low,Sleeping Dog
1087-GRUYI,38,20.4,Two year,No,0,0,24,0.3248477833408759,0.13497319674804584,Low,Sure Thing
7065-YUNRY,1,45.3,Month-to-month,DSL,1,0,1,-0.1340528840520785,0.5376454798327027,Medium,Lost Cause
7694-VLBWQ,67,104.1,One year,Fiber optic,1,4,12,-0.1248481875054783,0.012107750791397526,Low,Sleeping Dog
2546-KZAAT,52,75.4,One year,DSL,0,4,12,-0.1553228255401703,0.7564207674494406,High,Lost Cause
0181-RITDD,62,108.15,Two year,Fiber optic,0,6,24,0.0377385481177483,0.16967011237523955,Low,Sure Thing
5989-PGKJB,16,86.25,Month-to-month,Fiber optic,0,2,1,-0.1482423371795192,0.05078650279383954,Low,Sleeping Dog
4795-KTRTH,5,81.0,Month-to-month,Fiber optic,1,1,1,-0.1400916380007072,0.10482626171722076,Low,Sleeping Dog
8272-ONJLV,12,95.7,One year,Fiber optic,0,3,12,-0.0886566374004657,0.015503573731303913,Low,Sleeping Dog
1488-PBLJN,72,116.85,Two year,Fiber optic,0,6,24,-0.2389415814402401,0.4689413494408358,Medium,Lost Cause
0308-GIQJT,71,105.75,One year,Fiber optic,0,4,12,-0.1622425468686386,0.6828807278023138,High,Lost Cause
3778-FOAQW,24,20.15,One year,No,0,0,12,0.2658239439832097,0.7160601758939559,High,Persuadable
4452-ROHMO,15,19.6,Two year,No,0,0,24,0.2940007085510896,0.03008799504904824,Low,Sure Thing
6481-OGDOO,67,90.6,One year,Fiber optic,1,3,12,-0.1328892896999479,0.8413626133037996,High,Lost Cause
3090-LETTY,2,60.95,Month-to-month,DSL,0,2,1,0.0130287779335258,0.02106424749307097,Low,Sure Thing
5349-AZPEW,5,25.05,Month-to-month,DSL,0,0,1,0.2934797071108728,0.004323046911130369,Low,Sure Thing
3753-TSEMP,15,88.15,Month-to-month,Fiber optic,1,2,1,-0.1482423371795192,0.5725389299320301,Medium,Lost Cause
8305-VHZBZ,1,20.2,Month-to-month,No,1,0,1,0.278060819952042,0.0016110407148896362,Low,Sure Thing
9720-JJJOR,41,60.3,One year,DSL,0,3,12,0.0121829286915625,0.8554280234805213,High,Persuadable
8100-HZZLJ,43,63.95,Month-to-month,DSL,0,3,1,-0.0187313713028554,0.748244648299773,High,Lost Cause
8775-ERLNB,1,74.3,Month-to-month,Fiber optic,0,0,1,-1.0589780680955478,0.10742214306555332,Low,Sleeping Dog
8309-IEYJD,1,70.6,Month-to-month,Fiber optic,0,0,1,-0.5765863015622662,0.010050499438891565,Low,Sleeping Dog
9172-JITSM,26,90.8,Month-to-month,Fiber optic,1,2,1,-0.174327303056771,0.4046222640474417,Medium,Lost Cause
6298-QDFNH,22,79.35,Month-to-month,Fiber optic,1,1,1,-0.1760468981216644,0.7268323379786921,High,Lost Cause
7398-HPYZQ,71,90.55,Two year,DSL,0,6,24,-0.068941026666363,0.8664003181277002,High,Lost Cause
3546-GHEAE,7,19.45,Two year,No,0,0,24,0.2854741032504064,0.005436256701400517,Low,Sure Thing
7361-YPXFS,28,64.45,Month-to-month,DSL,0,3,1,-0.0636810894932372,0.008522458395604978,Low,Sleeping Dog
6557-BZXLQ,16,69.65,Month-to-month,Fiber optic,0,0,1,-0.1381599315318153,0.7220539742462891,High,Lost Cause
2550-QHZGP,7,19.5,One year,No,0,0,12,0.2854741032504064,0.006203200919272635,Low,Sure Thing
7519-JTWQH,69,110.5,Two year,Fiber optic,0,5,24,0.1527709701109826,0.6470144516736794,High,Persuadable
2538-OIMXF,1,24.7,Month-to-month,DSL,0,0,1,0.2921349411193263,0.01741006772038693,Low,Sure Thing
8543-MSDMF,3,77.4,Month-to-month,DSL,0,4,1,-0.0623776027790588,0.46339188481212673,Medium,Lost Cause
9961-JBNMK,21,96.8,Month-to-month,Fiber optic,1,3,1,-0.1570891812282926,0.25970600830574186,Low,Sleeping Dog
1170-SASML,69,85.4,Month-to-month,Fiber optic,0,2,1,-0.0710328253569911,0.0007746373976373629,Low,Sleeping Dog
4872-JCVCA,71,47.6,Two year,DSL,0,4,24,-0.0397665085803296,0.01543893172113022,Low,Sleeping Dog
5346-BZCHP,69,19.4,Two year,No,0,0,24,0.3092526304614029,0.1967029439928972,Low,Sure Thing
2038-LLMLM,48,103.85,Month-to-month,Fiber optic,0,4,1,-0.2235060519926404,0.01845011434653177,Low,Sleeping Dog
6173-ITPWD,47,83.35,Month-to-month,Fiber optic,1,2,1,-0.2126721172704345,0.07076146255078822,Low,Sleeping Dog
9734-UYXQI,2,49.4,Month-to-month,DSL,1,0,1,-0.0610459924783757,0.03081756205715588,Low,Sleeping Dog
1216-BGTSP,45,108.45,Month-to-month,Fiber optic,0,5,1,0.0368600064205827,0.3280885240748434,Medium,Persuadable
4138-NAXED,51,81.0,Month-to-month,Fiber optic,0,1,1,-0.1664767199656654,0.005583832804988132,Low,Sleeping Dog
2189-UXTKY,22,79.2,Month-to-month,DSL,1,4,1,-0.1760468981216644,0.007317102998234075,Low,Sleeping Dog
0744-BIKKF,72,86.65,Two year,DSL,0,6,24,-0.0710328253569911,0.01664073007101725,Low,Sleeping Dog
7483-IQWIB,37,92.95,Month-to-month,Fiber optic,0,3,1,-0.1293775848663892,0.12451646594873196,Low,Sleeping Dog
5248-KWLAR,71,90.35,Two year,DSL,0,6,24,-0.068941026666363,0.15793380157808262,Low,Sleeping Dog
4958-GZWIY,7,48.7,Month-to-month,DSL,1,1,1,-0.0787174189653582,0.14727599428407576,Low,Sleeping Dog
7996-MHXLW,66,25.15,Two year,No,0,0,24,0.3020515521325539,0.00621109060388735,Low,Sure Thing
7833-PKIHD,51,76.4,One year,DSL,0,4,12,-0.1709447216399699,0.008794087168218664,Low,Sleeping Dog
7061-OVMIM,30,19.55,One year,No,0,0,12,0.2658239439832097,0.18415491265713968,Low,Sure Thing
5153-RTHKF,34,85.35,Month-to-month,Fiber optic,0,1,1,-0.1314693835570173,0.03700488348604348,Low,Sleeping Dog
1852-QSWCD,64,24.8,Two year,No,0,0,24,0.3020515521325539,0.0049134182111419365,Low,Sure Thing
4832-VRBMR,65,103.15,One year,Fiber optic,0,4,12,-0.1812382690737652,0.16675775054503073,Low,Sleeping Dog
9079-LWTFD,47,100.75,Month-to-month,Fiber optic,0,4,1,-0.151671804207969,0.32112551810721984,Medium,Lost Cause
6356-ELRKD,1,95.6,Month-to-month,Fiber optic,1,3,1,-0.3992066641864981,0.0034043385283042023,Low,Sleeping Dog
8624-GIOUT,49,59.75,Month-to-month,DSL,1,2,1,-0.0304446781865736,0.024239282530735245,Low,Sleeping Dog
3392-EHMNK,67,94.1,Two year,Fiber optic,0,3,24,-0.1328892896999479,0.1560616884361914,Low,Sleeping Dog
5986-WWXDV,39,19.35,One year,No,0,0,12,0.3107736621735916,0.1520356558817563,Low,Sure Thing
3061-BCKYI,14,19.9,Month-to-month,No,0,0,1,0.2940007085510896,0.585343952056843,Medium,Persuadable
6179-GJPSO,43,108.15,Month-to-month,Fiber optic,1,5,1,0.1084505276972303,0.07178013265510381,Low,Sure Thing
7901-TBKJX,56,101.05,Month-to-month,Fiber optic,0,3,1,-0.1947662522264578,0.7571288225796872,High,Lost Cause
7228-PAQPD,14,59.1,One year,DSL,0,2,12,-0.0321073632771427,0.9068022750030437,High,Lost Cause
3177-LASXD,1,71.35,Month-to-month,Fiber optic,1,0,1,-0.5765863015622662,0.005043636925027214,Low,Sleeping Dog
7746-QYVCO,16,55.85,One year,DSL,0,2,12,-0.0597996705119363,0.0005964705030327412,Low,Sleeping Dog
5804-HYIEZ,70,106.05,Month-to-month,Fiber optic,0,4,1,-0.1294532223786254,0.3384505005903689,Medium,Lost Cause
9919-FZDED,72,84.1,Two year,DSL,0,5,24,-0.086809657610901,0.3118038075995106,Medium,Lost Cause
5934-TSSAU,23,75.3,Month-to-month,Fiber optic,0,1,1,-0.1760468981216644,0.006966955974222315,Low,Sleeping Dog
3486-KHMLI,21,24.7,Month-to-month,No,0,0,1,0.3046353383272485,0.1720092163479715,Low,Sure Thing
4897-QSUYC,1,20.15,Month-to-month,No,1,0,1,0.278060819952042,0.36877890516518913,Medium,Persuadable
1084-UQCHV,1,69.75,Month-to-month,Fiber optic,1,0,1,-0.4028498447391783,0.8760560806920212,High,Lost Cause
8290-YWKHZ,32,93.2,Month-to-month,Fiber optic,1,2,1,-0.1724720328848779,0.5191882411473004,Medium,Lost Cause
2955-BJZHG,17,80.85,Month-to-month,Fiber optic,1,1,1,-0.1790572169820237,0.09748849529876115,Low,Sleeping Dog
3806-DXQOM,4,33.65,Month-to-month,DSL,1,2,1,-0.1264365802249314,0.11889287384127663,Low,Sleeping Dog
6784-XYJAE,36,55.8,One year,DSL,0,1,12,-0.0430267168894344,0.585148104772454,Medium,Lost Cause
3933-DQPWX,50,39.7,Two year,DSL,0,3,24,-0.1133354985241966,0.06654681146786719,Low,Sleeping Dog
6661-EIPZC,48,29.5,Month-to-month,DSL,0,1,1,-0.0624819784166673,0.004613672657769935,Low,Sleeping Dog
8957-THMOA,50,20.15,Two year,No,0,0,24,0.2874015447877719,0.6216517111077234,High,Persuadable
2251-PYLPB,72,79.55,Two year,DSL,0,5,24,-0.0753079971339067,0.042949771744147026,Low,Sleeping Dog
5555-RNPGT,10,24.8,Month-to-month,No,0,0,1,0.2995482244176907,0.702547942273949,High,Persuadable
1057-FOGLZ,18,19.65,Month-to-month,No,0,0,1,0.2940007085510896,0.32293238079246506,Medium,Persuadable
9300-RENDD,1,79.95,Month-to-month,Fiber optic,1,1,1,-0.332014788873508,0.5907697140181566,Medium,Lost Cause
0761-AETCS,1,19.3,Month-to-month,No,1,0,1,0.278060819952042,0.004186707819246965,Low,Sure Thing
8087-LGYHQ,9,94.05,Month-to-month,Fiber optic,0,3,1,-0.1947171429797015,0.7423510070086502,High,Lost Cause
4137-BTIKL,2,90.75,Month-to-month,Fiber optic,0,2,1,0.0848424886548552,0.38120058187118194,Medium,Persuadable
2190-BCXEC,40,78.85,Month-to-month,Fiber optic,0,1,1,-0.155834453108037,0.0397851327151939,Low,Sleeping Dog
6227-FBDXH,69,99.5,One year,Fiber optic,0,3,12,-0.0679258736079587,0.0539347315141445,Low,Sleeping Dog
2153-MREFK,37,99.2,One year,Fiber optic,1,4,12,-0.1283624318079849,0.10236229553834852,Low,Sleeping Dog
2911-WDXMV,18,80.55,Month-to-month,Fiber optic,0,1,1,-0.1681394050562344,0.07861286122807859,Low,Sleeping Dog
7206-PQBBZ,11,70.2,Month-to-month,Fiber optic,0,0,1,0.1180342755866509,0.00403615006247639,Low,Sure Thing
3106-ULWFW,8,85.2,Month-to-month,Fiber optic,1,1,1,-0.1613362768957884,0.8107644565697436,High,Lost Cause
0925-VYDLG,3,75.25,Month-to-month,Fiber optic,1,0,1,-0.0623776027790588,0.3646604009525393,Medium,Lost Cause
4547-FZJWE,55,59.45,One year,DSL,0,2,12,-0.0304446781865736,0.8503089958186744,High,Lost Cause
7422-WNBTY,33,93.35,Month-to-month,Fiber optic,0,3,1,-0.1293775848663892,0.008800402235911537,Low,Sleeping Dog
0842-IWYCP,46,44.95,Month-to-month,DSL,0,0,1,-0.0565745860395085,0.006294430598905325,Low,Sleeping Dog
3521-HTQTV,34,26.1,Two year,No,0,0,24,0.3248477833408759,0.5555253366447639,Medium,Persuadable
3744-ZBHON,3,20.2,Month-to-month,No,0,0,1,0.2794055859435885,0.6474416103759859,High,Persuadable
3373-DIUUN,30,21.25,Two year,No,0,0,24,0.279898065150494,0.10541766217703548,Low,Sure Thing
8383-SGHJU,33,59.4,One year,DSL,0,2,12,-0.0153344096546407,0.04251717991518548,Low,Sleeping Dog
7607-QKKTJ,45,95.0,One year,Fiber optic,0,3,12,-0.1293775848663892,0.4780557862444197,Medium,Lost Cause
7707-PYBBH,40,61.9,Month-to-month,DSL,0,3,1,0.0121829286915625,0.06352379684374466,Low,Sure Thing
8984-HPEMB,71,118.65,Two year,Fiber optic,0,6,24,-0.2389415814402401,0.0068843068163109535,Low,Sleeping Dog
4349-GFQHK,1,54.35,Month-to-month,DSL,1,1,1,0.0599551303353236,0.5669056007050255,Medium,Persuadable
4139-DETXS,72,64.45,Two year,DSL,0,6,24,-0.0019232938436765,0.00303126006949791,Low,Sleeping Dog
9779-DPNEJ,22,80.15,Month-to-month,Fiber optic,0,1,1,-0.1715788964473599,0.04703821176309486,Low,Sleeping Dog
9805-FILKB,46,20.2,One year,No,0,0,12,0.3107736621735916,0.507291933909845,Medium,Persuadable
5793-YOLJN,55,21.0,Two year,No,0,0,24,0.3014756659550562,0.7502808284735353,High,Persuadable
0673-IGUQO,1,20.45,Month-to-month,No,0,0,1,0.2921349411193263,0.43651046982351516,Medium,Persuadable
4123-FCVCB,12,75.85,One year,DSL,0,3,12,-0.1772557448634298,0.14225784029823121,Low,Sleeping Dog
8819-IMISP,31,80.45,Month-to-month,Fiber optic,0,1,1,-0.1027986574844866,0.003294528081496798,Low,Sleeping Dog
7802-EFKNY,5,24.95,Month-to-month,DSL,1,0,1,0.2934797071108728,0.014402422015805832,Low,Sure Thing
8311-UEUAB,67,75.5,Two year,DSL,0,3,24,-0.143724261841796,0.033042508522219266,Low,Sleeping Dog
5858-EAFCZ,1,44.45,Month-to-month,DSL,0,0,1,-0.1340528840520785,0.0829466160919063,Low,Sleeping Dog
8035-BUYVG,40,42.35,One year,DSL,1,3,12,-0.1507321285203929,0.07863955238123044,Low,Sleeping Dog
1163-ONYEY,41,74.55,Month-to-month,DSL,0,4,1,-0.0888820593277904,0.03269040899627033,Low,Sleeping Dog
9787-XVQIU,1,75.3,Month-to-month,Fiber optic,1,0,1,-0.7112487026152903,0.09269497019587214,Low,Sleeping Dog
8945-MUQUF,51,94.8,One year,Fiber optic,1,3,12,-0.1444878533983221,0.02165913257819867,Low,Sleeping Dog
5656-MJEFC,42,48.15,Two year,DSL,0,4,24,-0.0565745860395085,0.4380087031976865,Medium,Lost Cause
6082-OQFBA,23,19.65,One year,No,0,0,12,0.2905612171599642,0.00755090363962025,Low,Sure Thing
8051-HJRLT,1,70.55,Month-to-month,Fiber optic,1,0,1,-0.5765863015622662,0.0008951430769791384,Low,Sleeping Dog
8974-OVACP,1,20.15,Month-to-month,No,0,0,1,0.278060819952042,0.0021938193878779134,Low,Sure Thing
4010-YLMVT,56,106.6,Month-to-month,Fiber optic,0,4,1,-0.0711767484277008,0.013253041029446749,Low,Sleeping Dog
1379-FRVEB,15,91.0,Month-to-month,Fiber optic,0,2,1,-0.1461505384888911,0.11123792219271172,Low,Sleeping Dog
8612-GXIDD,12,25.4,Two year,No,0,0,24,0.3111875775139368,0.011023147181891062,Low,Sure Thing
6288-CHQJB,54,69.95,Two year,DSL,0,4,24,-0.1099575384156574,0.038266234800894486,Low,Sleeping Dog
8160-HOWOX,7,66.85,Month-to-month,DSL,0,2,1,-0.0517920161544944,0.004332439166430128,Low,Sleeping Dog
3023-GFLBR,33,86.15,Month-to-month,Fiber optic,1,1,1,-0.1314693835570173,0.000969602900359862,Low,Sleeping Dog
6648-INWPS,16,20.15,Month-to-month,No,0,0,1,0.2940007085510896,0.32883378144766345,Medium,Persuadable
4223-BKEOR,21,64.85,One year,DSL,0,3,12,-0.0389438163164828,0.9272157118586607,High,Lost Cause
4079-VTGLK,30,74.85,Two year,DSL,0,3,24,-0.2007841712984188,0.013135248294189106,Low,Sleeping Dog
1763-WQFUK,3,50.5,Month-to-month,DSL,0,1,1,-0.0610459924783757,0.7872179717406554,High,Lost Cause
1391-UBDAR,11,72.9,Month-to-month,Fiber optic,0,1,1,-0.1149898723619214,0.05354593223931862,Low,Sleeping Dog
8894-JVDCV,62,115.05,One year,Fiber optic,0,6,12,-0.4577904419467113,0.18294563929664734,Low,Sleeping Dog
2023-VQFDL,18,19.0,Month-to-month,No,0,0,1,0.3106788684889788,0.13680512609260165,Low,Sure Thing
1345-GKDZZ,6,19.55,Month-to-month,No,0,0,1,0.2854741032504064,0.014282571562159807,Low,Sure Thing
2014-MKGMH,46,101.1,One year,Fiber optic,0,3,12,-0.151671804207969,0.07788481702002996,Low,Sleeping Dog
5628-FCGYG,21,84.1,Month-to-month,Fiber optic,0,1,1,-0.159405888983566,0.05118211830165656,Low,Sleeping Dog
2560-WBWXF,68,24.15,Two year,No,0,0,24,0.3200147580072676,0.41742084482662806,Medium,Persuadable
0248-IPDFW,1,50.1,Month-to-month,DSL,0,0,1,0.0003955187389117,0.22430833955256324,Low,Sure Thing
7978-DKUQH,25,74.6,Month-to-month,Fiber optic,0,1,1,-0.0757891857550982,0.06548073982317584,Low,Sleeping Dog
4335-UPJSI,24,19.75,Two year,No,0,0,24,0.2658239439832097,0.10158688279706389,Low,Sure Thing
0524-IAVZO,30,85.0,Month-to-month,Fiber optic,1,1,1,-0.1841431621603205,0.009552870897289496,Low,Sleeping Dog
2737-YNGYW,2,80.55,Month-to-month,Fiber optic,1,1,1,-0.0242949976125432,0.027287501529825755,Low,Sleeping Dog
1784-EZDKJ,51,106.8,One year,Fiber optic,0,4,12,-0.166649467447231,0.11208314090584626,Low,Sleeping Dog
9297-FVVDH,57,84.5,Two year,DSL,0,5,24,-0.1543037125018716,0.0929501635170713,Low,Sleeping Dog
8007-YYPWD,15,25.05,Two year,No,0,0,24,0.3080748297183739,0.06190824752447829,Low,Sure Thing
7101-HRBLJ,72,83.7,Two year,DSL,0,6,24,-0.1366136629706088,0.3988738996842179,Medium,Lost Cause
5159-YFPKQ,2,75.8,Month-to-month,Fiber optic,1,1,1,-0.0287629992868477,0.018319063984445418,Low,Sleeping Dog
6635-CPNUN,28,96.6,Month-to-month,Fiber optic,0,3,1,-0.1818264544050471,0.003153866043731919,Low,Sleeping Dog
4021-RQSNY,29,98.5,Month-to-month,Fiber optic,1,3,1,-0.1818264544050471,0.003919729469779845,Low,Sleeping Dog
5453-YBTWV,70,101.1,Two year,Fiber optic,0,5,24,-0.0912352460079429,0.4033420414398285,Medium,Lost Cause
5039-LZRQT,13,20.2,One year,No,0,0,12,0.2940007085510896,0.07634469950160729,Low,Sure Thing
2931-VUVJN,59,94.05,One year,Fiber optic,0,4,12,-0.1509512635349377,0.48012333412569336,Medium,Lost Cause
9061-TIHDA,13,95.25,Month-to-month,Fiber optic,1,2,1,-0.1536496898371672,0.167158673061887,Low,Sleeping Dog
8699-ASUFO,7,74.4,Month-to-month,Fiber optic,1,0,1,-0.1671772003301839,0.006413938186829307,Low,Sleeping Dog
6418-PIQSP,62,81.0,Two year,DSL,0,5,24,-0.1392562601674915,0.9507651594310594,High,Lost Cause
8220-OCUFY,21,60.25,One year,DSL,0,3,12,-0.0080295163220648,0.2894275555019297,Low,Sleeping Dog
3995-WFCSM,2,60.85,Month-to-month,DSL,0,2,1,0.0130287779335258,0.0032989740720461166,Low,Sure Thing
1895-QTKDO,1,43.95,Month-to-month,DSL,0,0,1,-0.0952479271784788,0.20345248183783515,Low,Sleeping Dog
2038-OEQZH,4,86.05,Month-to-month,Fiber optic,0,2,1,0.0238256376179386,0.008341317492574529,Low,Sure Thing
1178-PZGAB,19,20.25,One year,No,0,0,12,0.2940007085510896,0.13405921299932913,Low,Sure Thing
7927-AUXBZ,30,85.15,Month-to-month,Fiber optic,1,2,1,-0.1841431621603205,0.002049417557845152,Low,Sleeping Dog
2626-VEEWG,67,19.4,Two year,No,0,0,24,0.2879774309652697,0.007683218976361764,Low,Sure Thing
2878-RMWXY,72,102.65,Two year,Fiber optic,0,4,24,0.1304222275430932,0.11336501175299339,Low,Sure Thing
1657-DYMBM,53,19.9,Two year,No,0,0,24,0.2874015447877719,0.01367481593072753,Low,Sure Thing
7311-MQJCH,5,19.55,One year,No,0,0,12,0.2794055859435885,0.22149041049092266,Low,Sure Thing
7375-WMVMT,71,95.5,Two year,Fiber optic,0,4,24,-0.0844929498556276,0.09583238694568469,Low,Sleeping Dog
1136-XGEQU,50,84.15,One year,DSL,0,5,12,-0.1543037125018716,0.11739784578826484,Low,Sleeping Dog
2530-FMFXO,56,103.2,Two year,Fiber optic,0,4,24,-0.2235060519926404,0.01101320931700943,Low,Sleeping Dog
6844-DZKRF,2,50.2,Month-to-month,DSL,0,1,1,-0.0610459924783757,0.13783075431446087,Low,Sleeping Dog
4695-WJZUE,2,88.55,Month-to-month,Fiber optic,1,2,1,0.0848424886548552,0.1621711354502738,Low,Sure Thing
7619-ODSGN,24,54.75,Month-to-month,DSL,1,1,1,-0.0657294065981742,0.21811191495500362,Low,Sleeping Dog
5970-GHJAW,46,19.95,Two year,No,0,0,24,0.3107736621735916,0.8194856399133599,High,Persuadable
8879-XUAHX,71,116.25,Two year,Fiber optic,0,6,24,-0.2389415814402401,0.2889003381808095,Low,Sleeping Dog
3689-MOZGR,29,31.2,Month-to-month,DSL,0,1,1,-0.1431749481826455,0.002933912067084883,Low,Sleeping Dog
4195-PNGZS,69,24.45,Two year,No,0,0,24,0.3200147580072676,0.6562276140913993,High,Persuadable
5003-XZWWO,71,84.2,Two year,DSL,0,5,24,-0.0787568857699125,0.4061231672073175,Medium,Lost Cause
3988-RQIXO,1,91.3,Month-to-month,Fiber optic,1,2,1,-0.2228773026061093,0.032032293267694224,Low,Sleeping Dog
7622-FWGEW,56,85.65,Two year,DSL,0,6,24,-0.174563831575506,0.020602947071137672,Low,Sleeping Dog
6922-NCEDI,56,21.2,One year,No,0,0,12,0.3014756659550562,0.21067761833856716,Low,Sure Thing
2514-GINMM,1,79.5,Month-to-month,Fiber optic,1,1,1,-0.332014788873508,0.7005576628485103,High,Lost Cause
9891-NQDBD,28,25.55,One year,No,0,0,12,0.279898065150494,0.005042191243588252,Low,Sure Thing
6131-IUNXN,19,20.2,Month-to-month,No,0,0,1,0.2940007085510896,0.13286378058167161,Low,Sure Thing
8548-AWOFC,66,63.85,Month-to-month,DSL,0,2,1,-0.0332657536572905,0.11196904882498193,Low,Sleeping Dog
9798-DRYDS,17,61.95,One year,DSL,0,2,12,-0.0045900249309394,0.004935683028755947,Low,Sleeping Dog
8532-UEFWH,52,25.75,Two year,No,0,0,24,0.3014756659550562,0.9373927644691359,High,Persuadable
6296-DDOOR,19,58.2,One year,DSL,0,2,12,-0.0321073632771427,0.47824851611712865,Medium,Lost Cause
7951-VRDVK,36,85.85,One year,DSL,0,6,12,-0.1314693835570173,0.16561298364960012,Low,Sleeping Dog
5931-FLJJF,7,70.1,Month-to-month,Fiber optic,1,0,1,-0.1626230392418849,0.1371111404573205,Low,Sleeping Dog
4815-YOSUK,72,104.9,One year,Fiber optic,0,5,12,-0.0443776791252743,0.05770126653704035,Low,Sleeping Dog
2659-VXMWZ,67,111.3,One year,Fiber optic,1,5,12,-1.18494624195695,0.15209961618777484,Low,Sleeping Dog
0380-NEAVX,34,99.85,One year,Fiber optic,0,4,12,-0.1714568798264736,0.45441215258747897,Medium,Lost Cause
3207-OYBWH,57,95.25,Month-to-month,Fiber optic,1,3,1,-0.179971184233154,0.10958021231304062,Low,Sleeping Dog
4285-GYRQC,7,86.25,Month-to-month,Fiber optic,1,2,1,-0.1968089416703295,0.048091344680259725,Low,Sleeping Dog
7216-EWTRS,1,100.8,Month-to-month,Fiber optic,1,3,1,-0.4971349712348611,0.17000425990793996,Low,Sleeping Dog
4365-MSDYN,8,19.55,Month-to-month,No,0,0,1,0.2854741032504064,0.511377234987172,Medium,Persuadable
7036-TYDEC,69,104.0,Two year,Fiber optic,0,4,24,0.1064903217870728,0.003318921356370417,Low,Sure Thing
5802-ADBRC,50,104.4,One year,Fiber optic,0,4,12,-0.1364467512038525,0.045924433528749496,Low,Sleeping Dog
8076-FEZKJ,10,19.5,One year,No,0,0,12,0.2854741032504064,0.030043746963786228,Low,Sure Thing
5197-YPYBZ,12,25.25,Two year,No,0,0,24,0.3111875775139368,0.05484828842946756,Low,Sure Thing
8337-MSSXB,14,86.3,Month-to-month,Fiber optic,1,2,1,-0.1482423371795192,0.6337005987825157,High,Lost Cause
4312-GVYNH,70,49.85,Two year,DSL,0,4,24,-0.0160265647865291,0.5550273133010267,Medium,Lost Cause
8495-LJDFO,64,108.95,Month-to-month,Fiber optic,0,5,1,0.0684077673382492,0.2511553495384542,Low,Sure Thing
0839-JTCUD,66,89.9,Two year,DSL,0,6,24,-0.1328892896999479,0.7963247874042816,High,Lost Cause
5494-WOZRZ,71,82.0,Two year,DSL,0,5,24,-0.0753079971339067,0.005160841142919962,Low,Sleeping Dog
1302-UHBDD,20,89.95,Month-to-month,Fiber optic,0,2,1,-0.1495900298800166,0.1718300607235664,Low,Sleeping Dog
2234-EOFPT,72,79.35,Two year,DSL,0,5,24,-0.0797759988082112,0.8432143028187161,High,Lost Cause
8619-IJNDK,71,64.05,Two year,DSL,0,4,24,-0.0019232938436765,0.14835151224004836,Low,Sleeping Dog
8378-LKJAF,38,101.15,Month-to-month,Fiber optic,0,3,1,-0.151671804207969,0.7253791602046616,High,Lost Cause
8182-BJDSI,28,89.95,Month-to-month,Fiber optic,1,2,1,-0.174327303056771,0.006829072890180637,Low,Sleeping Dog
2528-HFYZX,17,76.45,Month-to-month,Fiber optic,1,1,1,-0.1835252186563282,0.2902796984311082,Low,Sleeping Dog
1153-GNOLC,33,39.1,One year,DSL,0,2,12,-0.0982252299922637,0.09513208478714691,Low,Sleeping Dog
3298-QEICA,23,34.6,Two year,DSL,0,2,24,-0.1184376750058911,0.1914579353502528,Low,Sleeping Dog
0788-DXBFY,58,19.55,One year,No,0,0,12,0.2874015447877719,0.01015235511133406,Low,Sure Thing
3597-YASZG,70,104.45,Two year,Fiber optic,0,4,24,-0.0689526963128819,0.005073599136101332,Low,Sleeping Dog
3496-LFSZU,4,70.5,Month-to-month,Fiber optic,0,0,1,-0.1622869366709649,0.10298146717895,Low,Sleeping Dog
5242-UOWHD,45,20.35,Two year,No,0,0,24,0.3248477833408759,0.4143918733174307,Medium,Persuadable
2482-CZGBB,10,70.0,Month-to-month,Fiber optic,1,0,1,-0.1626230392418849,0.7558998253085498,High,Lost Cause
6479-SZPLM,36,19.45,Two year,No,0,0,24,0.3107736621735916,0.03908649592286655,Low,Sure Thing
8097-VBQTZ,54,69.9,Month-to-month,DSL,0,4,1,-0.1099575384156574,0.08937413505655467,Low,Sleeping Dog
4500-HKANN,23,59.7,Two year,DSL,0,2,24,-0.0355468546682681,0.014897104900533883,Low,Sleeping Dog
9917-KWRBE,41,78.35,One year,DSL,0,4,12,-0.155834453108037,0.031352370067250133,Low,Sleeping Dog
3420-ZDBMA,5,71.45,Month-to-month,Fiber optic,0,0,1,-0.1622869366709649,0.16173024257249105,Low,Sleeping Dog
2212-LYASK,27,45.85,One year,DSL,0,3,12,-0.1015243042298903,0.018364633638442863,Low,Sleeping Dog
1393-IMKZG,1,95.85,Month-to-month,Fiber optic,0,3,1,-0.3992066641864981,0.9078985823763709,High,Lost Cause
8069-RHUXK,67,35.7,Two year,DSL,0,2,24,-0.1127596123466988,0.02561476468926836,Low,Sleeping Dog
3398-GCPMU,72,89.55,Two year,DSL,0,6,24,-0.0769937985073515,0.49443519634368477,Medium,Lost Cause
2908-WGAXL,56,24.95,Two year,No,0,0,24,0.3014756659550562,0.06379277670326178,Low,Sure Thing
3378-AJRAO,44,24.85,One year,No,0,0,12,0.3248477833408759,0.6891545768210579,High,Persuadable
1013-QCWAM,66,100.8,Month-to-month,Fiber optic,0,3,1,-0.1245142898210268,0.4759689473372442,Medium,Lost Cause
0866-QLSIR,34,64.4,One year,DSL,1,3,12,-0.0187313713028554,0.4085190995183292,Medium,Lost Cause
6050-FFXES,69,105.35,Two year,Fiber optic,0,4,24,-0.1209061080141463,0.08718312244592245,Low,Sleeping Dog
7181-BQYBV,1,102.45,Month-to-month,Fiber optic,1,4,1,-0.4971349712348611,0.48356154487962105,Medium,Lost Cause
0362-RAOQO,40,19.65,Two year,No,0,0,24,0.3107736621735916,0.05027195885897893,Low,Sure Thing
9554-DFKIC,30,54.45,Month-to-month,DSL,0,1,1,-0.0657294065981742,0.04760457384176805,Low,Sleeping Dog
5527-ACHSO,11,70.5,Month-to-month,DSL,0,3,1,-0.156218419364147,0.056566019358535974,Low,Sleeping Dog
0829-DDVLK,15,20.1,One year,No,0,0,12,0.2940007085510896,0.023463449036598766,Low,Sure Thing
1399-UBQIU,11,69.35,Month-to-month,DSL,0,3,1,-0.1435298108351631,0.027462311742797476,Low,Sleeping Dog
1813-JLKWR,64,19.8,One year,No,0,0,12,0.2879774309652697,0.9033974820322469,High,Persuadable
0336-PIKEI,72,74.4,Two year,DSL,0,5,24,-0.0661108730197077,0.6407593449571948,High,Lost Cause
7322-OCWHC,72,93.05,Two year,Fiber optic,0,4,24,-0.0769937985073515,0.45143910882828314,Medium,Lost Cause
9537-VHDTA,1,51.2,Month-to-month,DSL,0,1,1,0.0599551303353236,0.008686630134096178,Low,Sure Thing
4957-TIALW,15,65.6,One year,DSL,0,4,12,-0.0464221368511466,0.019103047332447734,Low,Sleeping Dog
2054-PJOCK,60,80.55,One year,DSL,0,4,12,-0.1392562601674915,0.013845751977445859,Low,Sleeping Dog
9150-HEPMB,56,52.7,One year,DSL,0,2,12,-0.0358899569397253,0.6950430315826154,High,Lost Cause
9030-QGZNL,8,20.85,Two year,No,0,0,24,0.2995482244176907,0.7923280905900122,High,Persuadable
6204-IEUXJ,3,80.1,Month-to-month,Fiber optic,1,2,1,-0.0579096011047543,0.6061064309349229,High,Lost Cause
3126-WQMGH,49,52.15,Month-to-month,DSL,0,0,1,-0.0358899569397253,0.024249403600044888,Low,Sleeping Dog
4529-CKBCL,2,80.2,Month-to-month,Fiber optic,1,1,1,-0.0242949976125432,0.005443581409416534,Low,Sleeping Dog
2506-CLAKW,6,98.15,Month-to-month,Fiber optic,1,5,1,-0.1135576551542658,0.21963511778557665,Low,Sleeping Dog
7176-WRTNX,70,114.95,Two year,Fiber optic,0,6,24,-0.2389415814402401,0.9055769572424813,High,Lost Cause
1583-IHQZE,12,112.95,Month-to-month,Fiber optic,1,5,1,-0.5141052803780944,0.10205488892122926,Low,Sleeping Dog
5732-IKGQH,52,104.45,One year,Fiber optic,0,5,12,-0.1644309306904084,0.691728120947098,High,Lost Cause
9239-GZHZE,72,113.65,Two year,Fiber optic,0,6,24,-0.2892103849460567,0.6688307913465946,High,Lost Cause
7205-BAIAD,40,20.6,Two year,No,0,0,24,0.3248477833408759,0.09800649188788307,Low,Sure Thing
0151-ONTOV,1,70.9,Month-to-month,Fiber optic,1,0,1,-0.5765863015622662,0.33353236046159135,Medium,Lost Cause
4140-MUHUG,3,86.85,Month-to-month,Fiber optic,1,2,1,0.1060076745138915,0.6256914897782501,High,Persuadable
0093-EXYQL,40,91.55,Month-to-month,Fiber optic,0,2,1,-0.1724720328848779,0.005542464570353823,Low,Sleeping Dog
8064-RAVOH,1,49.85,Month-to-month,DSL,0,1,1,0.0003955187389117,0.04054557139563106,Low,Sure Thing
0219-QAERP,30,19.8,One year,No,0,0,12,0.2658239439832097,0.029972829099311562,Low,Sure Thing
0320-JDNQG,23,99.85,Month-to-month,Fiber optic,1,4,1,-0.1485748768216122,0.9537985312663695,High,Lost Cause
7180-PISOG,1,74.5,Month-to-month,Fiber optic,1,0,1,-1.013743571944793,0.6841710127394465,High,Lost Cause
9168-INPSZ,44,104.15,Month-to-month,Fiber optic,0,4,1,-0.1644309306904084,0.44374444031090654,Medium,Lost Cause
3571-RFHAR,65,109.15,Month-to-month,Fiber optic,1,5,1,0.0377385481177483,0.059669442060672095,Low,Sure Thing
0015-UOCOJ,7,48.2,Month-to-month,DSL,0,1,1,-0.0787174189653582,0.05358042366158452,Low,Sleeping Dog
5334-AFQJB,72,25.1,Two year,No,0,0,24,0.3006528447605652,0.5367262955984141,Medium,Persuadable
2754-SDJRD,8,100.15,Month-to-month,Fiber optic,0,3,1,-1.2535074016455732,0.027846531093121674,Low,Sleeping Dog
9578-VRMNM,16,65.2,Month-to-month,DSL,1,2,1,-0.0464221368511466,0.04497492425145224,Low,Sleeping Dog
1587-FKLZB,66,99.5,Month-to-month,Fiber optic,1,3,1,-0.1012049174210426,0.8303377384318167,High,Lost Cause
6140-QNRQQ,1,71.55,Month-to-month,Fiber optic,1,0,1,-0.5765863015622662,0.09241752102912443,Low,Sleeping Dog
8963-JLGJT,3,55.9,Month-to-month,DSL,0,2,1,-0.0712380671221021,0.012731992440831563,Low,Sleeping Dog
4307-KTUMW,53,93.9,Month-to-month,Fiber optic,1,3,1,-0.1444878533983221,0.5057319440491794,Medium,Lost Cause
1465-LNTLJ,8,64.4,Month-to-month,DSL,0,3,1,-0.0517920161544944,0.3744656843711453,Medium,Lost Cause
5440-FLBQG,69,108.4,Two year,Fiber optic,1,5,24,0.1511481843491607,0.9332674199772247,High,Persuadable
2135-DQWAQ,5,85.3,Month-to-month,Fiber optic,0,2,1,0.0238256376179386,0.08689572544939017,Low,Sure Thing
4056-QHXHZ,72,107.45,Two year,Fiber optic,0,5,24,0.0266049899643003,0.21848584839937757,Low,Sure Thing
7470-MCQTK,13,48.75,Month-to-month,DSL,1,3,1,-0.0733475396620104,0.062288658226190986,Low,Sleeping Dog
7488-MXJIV,4,85.65,Month-to-month,Fiber optic,1,1,1,0.0238256376179386,0.682338124496571,High,Persuadable
7401-JIXNM,54,91.3,Two year,DSL,0,6,24,-0.1444878533983221,0.028146365015850026,Low,Sleeping Dog
9339-FIIJL,72,85.95,Two year,DSL,0,5,24,-0.0710328253569911,0.04963210150977148,Low,Sleeping Dog
2027-FECZV,12,106.7,Month-to-month,Fiber optic,1,4,1,-0.1993167471548022,0.21303260955369885,Low,Sleeping Dog
2672-DZUOY,1,25.15,Month-to-month,DSL,1,0,1,0.2921349411193263,0.7895595717988112,High,Persuadable
4706-DGAHW,1,45.2,Month-to-month,DSL,0,0,1,-0.1340528840520785,0.047365573554278506,Low,Sleeping Dog
3870-MQAMG,54,110.35,One year,Fiber optic,1,5,12,0.1368724384201467,0.015674585769768334,Low,Sure Thing
6670-MFRPK,69,79.2,Two year,Fiber optic,0,1,24,-0.0797759988082112,0.01942106766067263,Low,Sleeping Dog
6177-PEVRA,48,55.5,Two year,DSL,0,2,24,-0.0358899569397253,0.569070335135294,Medium,Lost Cause
4800-CZMPC,48,103.25,One year,Fiber optic,1,4,12,-0.2235060519926404,0.06393494546578804,Low,Sleeping Dog
4813-HQMGZ,8,90.25,Month-to-month,Fiber optic,0,2,1,-0.1947171429797015,0.7234186104382309,High,Lost Cause
7579-KKLOE,71,91.25,Two year,DSL,0,6,24,-0.068941026666363,0.10812287526174086,Low,Sleeping Dog
7377-DMMRI,2,47.8,Month-to-month,DSL,1,1,1,-0.0847859362721762,0.005339610177499179,Low,Sleeping Dog
8402-EIVQS,67,100.9,One year,Fiber optic,0,4,12,-0.1551835090415277,0.8834301765148947,High,Lost Cause
4947-DSMXK,34,97.7,Month-to-month,Fiber optic,0,3,1,-0.1368767362146653,0.7161391045254347,High,Lost Cause
7245-NIIWQ,3,69.85,Month-to-month,Fiber optic,0,0,1,-0.0896779329829589,0.01049919633216425,Low,Sleeping Dog
0002-ORFBO,9,65.6,One year,DSL,0,3,12,-0.0517920161544944,0.009229087911361573,Low,Sleeping Dog
3324-OIRTO,71,104.65,One year,Fiber optic,0,5,12,-0.0608999244718934,0.010641640955387272,Low,Sleeping Dog
5414-OFQCB,57,90.45,Two year,Fiber optic,0,2,24,-0.1444878533983221,0.03355489243240542,Low,Sleeping Dog
4967-WPNCF,72,63.7,Two year,DSL,0,6,24,-0.0019232938436765,0.6587009747903244,High,Lost Cause
8552-OBVRU,48,104.5,Month-to-month,Fiber optic,0,5,1,-0.1644309306904084,0.06276739275552597,Low,Sleeping Dog
8499-BRXTD,18,20.1,One year,No,0,0,12,0.2940007085510896,0.07056194000217494,Low,Sure Thing
9154-QDGTH,43,104.3,One year,Fiber optic,0,4,12,-0.1213364826719196,0.12020357389094101,Low,Sleeping Dog
8197-BFWVU,72,93.25,Two year,DSL,0,6,24,-0.068941026666363,0.6293422414175834,High,Lost Cause
2577-GVSIL,35,73.45,One year,DSL,0,3,12,-0.1336858831392554,0.003768289032056116,Low,Sleeping Dog
9367-OIUXP,4,20.7,Month-to-month,No,0,0,1,0.2934797071108728,0.07071662407555067,Low,Sure Thing
6770-UAYGJ,49,25.25,Two year,No,0,0,24,0.3014756659550562,0.005982940415045053,Low,Sure Thing
6463-HHXJR,71,100.5,Two year,Fiber optic,0,4,24,0.0933131160133102,0.7431033520369589,High,Persuadable
7928-VJYAB,11,90.6,Month-to-month,Fiber optic,0,2,1,-0.1515204177922389,0.01407992960587857,Low,Sleeping Dog
1187-WILMM,63,89.4,Two year,DSL,0,6,24,-0.1328892896999479,0.008869993468185419,Low,Sleeping Dog
9776-OJUZI,65,95.45,Month-to-month,Fiber optic,0,3,1,-0.109719221827723,0.3216265824328049,Medium,Lost Cause
1306-RPWXZ,49,20.45,Two year,No,0,0,24,0.3014756659550562,0.8659552058040888,High,Persuadable
8949-JTMAY,29,98.6,Month-to-month,Fiber optic,1,3,1,-0.087757271631063,0.13660087544589808,Low,Sleeping Dog
2774-LVQUS,15,83.05,Month-to-month,Fiber optic,1,2,1,-0.1159390684454193,0.0005584012413748859,Low,Sleeping Dog
3097-PYWXL,4,19.95,Month-to-month,No,0,0,1,0.2794055859435885,0.0038948239480578674,Low,Sure Thing
2266-SJNAT,72,109.15,One year,Fiber optic,0,5,12,0.1592009561901492,0.09724937372844937,Low,Sure Thing
0869-PAPRP,26,85.7,Month-to-month,Fiber optic,0,2,1,-0.1764191017473991,0.404119118203947,Medium,Lost Cause
4238-JSSWH,35,102.05,Month-to-month,Fiber optic,0,3,1,-0.1947662522264578,0.22317913368471906,Low,Sleeping Dog
2972-YDYUW,57,94.7,One year,Fiber optic,0,3,12,-0.1444878533983221,0.024975721378709126,Low,Sleeping Dog
1104-FEJAM,28,64.4,Month-to-month,DSL,0,2,1,-0.0636810894932372,0.014044186330019068,Low,Sleeping Dog
2809-ILCYT,25,26.8,One year,No,0,0,12,0.3758197265370546,0.23327061997958723,Low,Sure Thing
5499-ECUTN,47,66.05,One year,DSL,0,3,12,-0.0187313713028554,0.20665961225433904,Low,Sleeping Dog
4981-FLTMF,57,65.2,Month-to-month,DSL,0,3,1,-0.0338416398347883,0.5839531240091417,Medium,Lost Cause
9121-PHQSR,16,85.05,Month-to-month,Fiber optic,0,1,1,-0.1559663975924406,0.002727920526630121,Low,Sleeping Dog
3113-IWHLC,5,55.8,Month-to-month,DSL,0,2,1,-0.0712380671221021,0.7098925631470436,High,Lost Cause
3211-ILJTT,17,70.4,Month-to-month,Fiber optic,1,0,1,-0.1577902184957547,0.09054192193889415,Low,Sleeping Dog
4612-THJBS,56,104.75,One year,Fiber optic,1,4,12,-0.1479086853437892,0.0081303933953204,Low,Sleeping Dog
4277-BWBML,72,19.95,Two year,No,0,0,24,0.2946314954342693,0.16384843112834316,Low,Sure Thing
4094-NSEDU,21,94.25,Month-to-month,Fiber optic,1,2,1,-0.1495900298800166,0.3056463219356276,Medium,Lost Cause
0234-TEVTT,48,45.0,One year,DSL,0,3,12,-0.0716848545714414,0.0041385527577508475,Low,Sleeping Dog
4304-TSPVK,68,114.9,Two year,Fiber optic,0,6,24,-0.2724145558571237,0.4219017247024243,Medium,Lost Cause
1552-AAGRX,30,106.4,Month-to-month,Fiber optic,0,4,1,-0.2913876242929505,0.14077290515339944,Low,Sleeping Dog
2637-FKFSY,3,46.1,Month-to-month,DSL,0,0,1,-0.0847859362721762,0.576217821230449,Medium,Lost Cause
9796-MVYXX,14,39.7,Two year,DSL,0,3,24,-0.1149981836147657,0.0032104868241489503,Low,Sleeping Dog
7874-ECPQJ,4,20.05,Month-to-month,No,0,0,1,0.2794055859435885,0.005857737346795468,Low,Sure Thing
0020-INWCK,71,95.75,Two year,Fiber optic,0,3,24,-0.0764401780146391,0.8300903066840178,High,Lost Cause
7089-RKVSZ,8,24.4,One year,No,0,0,12,0.2995482244176907,0.007893425752091144,Low,Sure Thing
2683-JXWQQ,61,33.6,Month-to-month,DSL,0,2,1,-0.1127596123466988,0.007343691068717508,Low,Sleeping Dog
9548-ZMVTX,72,90.45,Two year,Fiber optic,0,3,24,-0.068941026666363,0.01178404032039341,Low,Sleeping Dog
8739-XNIKG,5,84.0,Month-to-month,Fiber optic,0,1,1,-0.0906814667368234,0.0011635398547962033,Low,Sleeping Dog
9755-JHNMN,49,67.4,Two year,DSL,0,4,24,-0.0338416398347883,0.10274244401180876,Low,Sleeping Dog
3981-QSVQI,8,19.7,Month-to-month,No,0,0,1,0.2854741032504064,0.802956043122164,High,Persuadable
2789-HQBOU,3,80.35,Month-to-month,Fiber optic,0,1,1,-0.0579096011047543,0.016863168225762424,Low,Sleeping Dog
9424-CMPOG,9,19.6,Two year,No,0,0,24,0.2854741032504064,0.13953224882999074,Low,Sure Thing
5067-WJEUN,67,54.2,Two year,DSL,0,2,24,-0.0353140707622275,0.01883211442085483,Low,Sleeping Dog
3450-WXOAT,46,45.2,Month-to-month,DSL,0,0,1,-0.0565745860395085,0.9173602563310154,High,Lost Cause
9251-WNSOD,67,75.1,One year,DSL,0,4,12,-0.143724261841796,0.0036050538395014163,Low,Sleeping Dog
6974-DAFLI,55,19.7,One year,No,0,0,12,0.2874015447877719,0.5253500119524491,Medium,Persuadable
2616-UUTFK,33,72.75,Month-to-month,DSL,0,4,1,-0.1913903675042347,0.19877730401495422,Low,Sleeping Dog
7064-JHXCE,62,20.05,Two year,No,0,0,24,0.2879774309652697,0.19636751196859933,Low,Sure Thing
5103-MHMHY,1,45.95,Month-to-month,DSL,1,0,1,-0.1340528840520785,0.8912934877324581,High,Lost Cause
7989-AWGEH,49,39.2,Month-to-month,DSL,0,2,1,-0.1133354985241966,0.0449158656377892,Low,Sleeping Dog
4373-VVHQL,1,44.75,Month-to-month,DSL,0,0,1,-0.1340528840520785,0.31336266109880634,Medium,Lost Cause
4559-UWIHT,14,82.65,Month-to-month,Fiber optic,0,2,1,-0.1790572169820237,0.40695296739503206,Medium,Lost Cause
7268-IGMFD,18,93.9,Month-to-month,Fiber optic,0,3,1,-0.1461505384888911,0.000915889036219873,Low,Sleeping Dog
1846-XWOQN,1,70.15,Month-to-month,Fiber optic,1,0,1,-0.1412857583173641,0.7814175703690421,High,Lost Cause
0235-KGSLC,1,85.55,Month-to-month,Fiber optic,1,2,1,-0.168097513254862,0.0011174573217468267,Low,Sleeping Dog
6650-BWFRT,72,117.15,Two year,Fiber optic,0,6,24,-0.2389415814402401,0.5602222721436225,Medium,Lost Cause
9570-KYEUA,64,99.25,Two year,Fiber optic,0,4,24,-0.1318741366415435,0.3129221025227547,Medium,Lost Cause
6993-YGFJV,69,112.55,Two year,Fiber optic,0,6,24,0.5269611581986259,0.6771026268263642,High,Persuadable
2712-SYWAY,1,25.7,Month-to-month,No,0,0,1,0.2921349411193263,0.02987115273218656,Low,Sure Thing
0730-BGQGF,71,90.3,Two year,DSL,0,6,24,-0.068941026666363,0.003978070983170055,Low,Sleeping Dog
5498-IBWPI,66,49.4,One year,DSL,0,1,12,-0.047369024600143,0.46040950840895367,Medium,Lost Cause
9101-NTIXF,2,19.4,Month-to-month,No,0,0,1,0.2794055859435885,0.7164861841261262,High,Persuadable
0013-SMEOE,71,109.7,Two year,Fiber optic,0,6,24,0.1447181982699941,0.031373181554484944,Low,Sure Thing
9314-QDMDW,11,61.25,One year,DSL,0,2,12,0.0190972952403437,0.6185704911371709,High,Persuadable
9308-ANMVE,47,55.3,Month-to-month,DSL,0,2,1,-0.0207796884077924,0.6084694761617013,High,Lost Cause
2884-GBPFB,35,70.3,Month-to-month,Fiber optic,1,0,1,-0.3494944140697048,0.08462554635074034,Low,Sleeping Dog
3757-NJYBX,32,106.35,Month-to-month,Fiber optic,1,4,1,-0.2403556411419733,0.7406363206107879,High,Lost Cause
3413-DHLPB,60,103.75,Month-to-month,Fiber optic,0,4,1,-0.2119074882942662,0.10195331145363777,Low,Sleeping Dog
7649-PHJVR,11,19.5,One year,No,0,0,12,0.2854741032504064,0.02923756277693475,Low,Sure Thing
6114-TCFID,29,39.5,One year,DSL,0,3,12,-0.1431749481826455,0.03646913481933014,Low,Sleeping Dog
3787-TRIAL,21,26.05,Month-to-month,DSL,0,0,1,0.3046353383272485,0.06785250771388,Low,Sure Thing
2573-GYRUU,48,91.05,Month-to-month,Fiber optic,0,2,1,-0.1724720328848779,0.07899939431681162,Low,Sleeping Dog
5156-UMKOW,3,29.65,Month-to-month,DSL,0,1,1,0.1190156775806143,0.7363504590231497,High,Persuadable
1247-QBVSH,43,50.2,Month-to-month,DSL,0,1,1,-0.0328346422457079,0.42039089580004846,Medium,Lost Cause
6734-GMPVK,5,105.3,Month-to-month,Fiber optic,0,4,1,0.0564055868899939,0.03191578171704907,Low,Sure Thing
9822-OAOVB,1,55.45,Month-to-month,DSL,0,1,1,0.0599551303353236,0.05764779531482117,Low,Sure Thing
6161-ERDGD,71,85.45,One year,DSL,0,5,12,-0.0710328253569911,0.5105952921889126,Medium,Lost Cause
1226-JZNKR,8,19.8,One year,No,0,0,12,0.2854741032504064,0.44265055967095096,Medium,Persuadable
7318-EIVKO,8,59.25,Month-to-month,DSL,0,1,1,-0.0374772425804905,0.0014699835644702078,Low,Sleeping Dog
3771-PZOBW,20,90.7,Month-to-month,Fiber optic,0,2,1,-0.1495900298800166,0.03858886439802108,Low,Sleeping Dog
5136-KCKGI,33,103.7,One year,Fiber optic,1,4,12,-0.2083957834607075,0.03818708306352434,Low,Sleeping Dog
8231-BSWXX,71,79.05,One year,Fiber optic,0,1,12,-0.0797759988082112,0.007492764904412662,Low,Sleeping Dog
6486-LHTMA,31,90.7,One year,Fiber optic,0,2,12,-0.1127618983361428,0.07294166630283384,Low,Sleeping Dog
4083-BFNYK,38,95.0,One year,Fiber optic,0,3,12,-0.1724720328848779,0.011429208644801745,Low,Sleeping Dog
3722-WPXTK,1,88.35,Month-to-month,Fiber optic,1,2,1,0.0088364583770823,0.39238803514959825,Medium,Persuadable
7389-KBFIT,2,30.25,Month-to-month,DSL,0,1,1,-0.2680450701565244,0.03404406999695051,Low,Sleeping Dog
7176-WIONM,12,49.85,Month-to-month,DSL,0,3,1,-0.0433381220753116,0.7414140065183764,High,Lost Cause
5141-ZUVBH,9,93.0,Month-to-month,Fiber optic,0,4,1,-0.1947171429797015,0.7674347765234025,High,Lost Cause
1089-HDMKP,11,54.55,Month-to-month,DSL,0,2,1,-0.0429225213336422,0.03240966514215766,Low,Sleeping Dog
7623-HKYRK,6,19.7,Month-to-month,No,0,0,1,0.2854741032504064,0.6290294844953827,High,Persuadable
0310-SUCIN,71,84.8,One year,DSL,0,6,12,-0.0787568857699125,0.3343436211616233,Medium,Lost Cause
5197-PYEPU,42,94.45,One year,Fiber optic,0,3,12,-0.1293775848663892,0.008562531418463993,Low,Sleeping Dog
2929-ERCFZ,8,94.2,Month-to-month,Fiber optic,1,3,1,-0.1947171429797015,0.0020745729234659294,Low,Sleeping Dog
7548-SEPYI,5,96.25,Month-to-month,Fiber optic,1,3,1,0.0229154979075771,0.553646853034296,Medium,Persuadable
8835-VSDSE,2,70.7,Month-to-month,Fiber optic,1,0,1,-0.1023665415119428,0.5519990504023781,Medium,Lost Cause
6619-RPLQZ,45,20.85,Two year,No,0,0,24,0.3248477833408759,0.009347473736293766,Low,Sure Thing
3275-RHRNE,28,60.0,One year,DSL,0,5,12,-0.0327667894988193,0.02061789533009063,Low,Sleeping Dog
3503-TYDAY,43,80.45,Month-to-month,Fiber optic,0,1,1,-0.1513664514337325,0.10949946000637016,Low,Sleeping Dog
6901-GOGZG,60,84.95,Two year,DSL,0,5,24,-0.1427051488034974,0.04877794310595516,Low,Sleeping Dog
1623-NLDOT,42,33.55,One year,DSL,1,2,12,-0.0982252299922637,0.0039361641455438,Low,Sleeping Dog
7021-XSNYE,7,49.65,Two year,DSL,0,4,24,-0.0549774751715577,0.5358086054406656,Medium,Lost Cause
9621-OUPYD,25,20.2,One year,No,0,0,12,0.2658239439832097,0.0015018444673274732,Low,Sure Thing
9898-KZQDZ,40,94.55,Month-to-month,Fiber optic,1,2,1,-0.1724720328848779,0.06406572844985187,Low,Sleeping Dog
8982-NHAVY,27,100.5,One year,Fiber optic,0,3,12,-0.0120731603770977,0.07357820510854281,Low,Sleeping Dog
4307-KWMXE,10,35.75,Month-to-month,DSL,0,2,1,-0.1203680629181135,0.7137704380565056,High,Lost Cause
0141-YEAYS,27,86.45,Month-to-month,Fiber optic,0,2,1,-0.1764191017473991,0.09514618549472853,Low,Sleeping Dog
2450-ZKEED,11,53.8,One year,DSL,0,2,12,-0.0429225213336422,0.519704447424934,Medium,Lost Cause
3694-DELSO,4,38.55,Month-to-month,DSL,0,2,1,-0.1264365802249314,0.7756753542461284,High,Lost Cause
3893-JRNFS,68,39.9,Month-to-month,DSL,0,2,1,-0.0814171525330848,0.4890540328604247,Medium,Lost Cause
9603-OAIHC,1,70.05,Month-to-month,Fiber optic,0,0,1,-0.4219430731459002,0.04210196704377122,Low,Sleeping Dog
1133-KXCGE,18,20.1,One year,No,0,0,12,0.2940007085510896,0.22073293213192877,Low,Sure Thing
5236-PERKL,57,112.95,Two year,Fiber optic,1,5,24,-20.510872354004945,0.09271562245814857,Low,Sleeping Dog
0142-GVYSN,26,20.3,Month-to-month,No,0,0,1,0.2658239439832097,0.009873660996057345,Low,Sure Thing
1049-FYSYG,17,35.65,Month-to-month,DSL,0,2,1,-0.1149981836147657,0.08716657125096121,Low,Sleeping Dog
7854-FOKSF,1,35.9,Month-to-month,DSL,1,1,1,-0.3322638787828313,0.0016901395415461521,Low,Sleeping Dog
2519-FAKOD,38,99.25,Month-to-month,Fiber optic,1,3,1,-0.1283624318079849,0.008130466616462906,Low,Sleeping Dog
8406-LNMHF,59,82.95,One year,Fiber optic,0,3,12,-0.1573182340024813,0.6817573128071226,High,Lost Cause
1821-BUCWY,30,55.65,Two year,DSL,0,2,24,-0.0879764350798162,0.12690765006178525,Low,Sleeping Dog
8263-JQAIK,2,24.45,Month-to-month,DSL,1,0,1,0.2934797071108728,0.08560077230325729,Low,Sure Thing
0023-UYUPN,50,25.2,One year,No,0,0,12,0.2734914864685003,0.9097000800327225,High,Persuadable
8314-DPQHL,9,50.8,One year,DSL,0,4,12,-0.0429225213336422,0.05815876544425136,Low,Sleeping Dog
1465-WCZVT,3,19.65,Month-to-month,No,0,0,1,0.2794055859435885,0.11516841592176037,Low,Sure Thing
9481-SFCQY,14,59.8,Month-to-month,DSL,0,2,1,0.0244671745436915,0.04480493103418415,Low,Sure Thing
6360-SVNWV,31,73.55,Month-to-month,Fiber optic,0,1,1,-0.117070196609009,0.12654699943084638,Low,Sleeping Dog
0567-GGCAC,7,61.4,Month-to-month,DSL,0,3,1,0.0190972952403437,0.3460925312058289,Medium,Persuadable
7089-IVVAZ,8,103.35,Month-to-month,Fiber optic,1,4,1,-0.6243790527044396,0.07424615705865927,Low,Sleeping Dog
8884-MRNSU,17,19.9,One year,No,0,0,12,0.2940007085510896,0.8331191978249334,High,Persuadable
2171-UDMFD,32,19.45,Month-to-month,No,0,0,1,0.3107736621735916,0.007077797632900355,Low,Sure Thing
9050-IKDZA,2,81.5,Month-to-month,Fiber optic,0,1,1,-0.0242949976125432,0.001955906145781837,Low,Sleeping Dog
2205-YMZZJ,7,84.8,Month-to-month,Fiber optic,1,1,1,-0.1613362768957884,0.009831597736782828,Low,Sleeping Dog
9802-CAQUT,72,109.55,Two year,Fiber optic,0,5,24,0.1592009561901492,0.0897025626836979,Low,Sure Thing
1254-IZEYF,31,99.95,Month-to-month,Fiber optic,1,3,1,-0.1117467452777384,0.22227258061445013,Low,Sleeping Dog
0187-WZNAB,27,74.4,Month-to-month,Fiber optic,0,1,1,-0.1790662736689268,0.45889116304248107,Medium,Lost Cause
9492-TOKRI,18,90.0,Month-to-month,Fiber optic,1,2,1,-0.1461505384888911,0.0017808090354927135,Low,Sleeping Dog
1475-VWVDO,7,74.9,Month-to-month,Fiber optic,0,1,1,-0.188895097959676,0.08978437413438488,Low,Sleeping Dog
9221-OTIVJ,14,104.85,Month-to-month,Fiber optic,1,4,1,0.0144981667540832,0.028258001323394413,Low,Sure Thing
1357-MVDOZ,11,59.65,Month-to-month,DSL,0,2,1,-0.0374772425804905,0.6821424159021329,High,Lost Cause
7602-MVRMB,72,110.45,Two year,Fiber optic,0,5,24,0.1527709701109826,0.25159545416657275,Low,Sure Thing
3325-FUYCG,28,106.1,One year,Fiber optic,1,4,12,-0.2913876242929505,0.5307344964113192,Medium,Lost Cause
5908-QMGOE,15,74.2,Month-to-month,Fiber optic,1,0,1,-0.1618073210268361,0.1974839093441948,Low,Sleeping Dog
1197-BVMVG,4,74.45,Month-to-month,Fiber optic,0,0,1,-0.1062415704531526,0.0011361666062470073,Low,Sleeping Dog
5406-KGRMX,71,24.55,Two year,No,0,0,24,0.3200147580072676,0.8852051781565443,High,Persuadable
8481-YYXWG,5,89.35,Month-to-month,Fiber optic,1,3,1,-0.0582439899178585,0.49621481553751073,Medium,Lost Cause
5968-HYJRZ,47,24.55,Two year,No,0,0,24,0.3248477833408759,0.008298438500594947,Low,Sure Thing
5198-EFNBM,57,90.65,One year,Fiber optic,0,3,12,-0.1724720328848779,0.753891990467972,High,Lost Cause
7516-GMHUV,50,105.05,Two year,Fiber optic,0,4,24,-0.1479086853437892,0.010891861397122228,Low,Sleeping Dog
7140-ADSMJ,8,20.45,Month-to-month,No,0,0,1,0.2995482244176907,0.4105062265697786,Medium,Persuadable
2230-XTUWL,48,19.55,Two year,No,0,0,24,0.2874015447877719,0.13738196571881778,Low,Sure Thing
7706-YLMQA,70,19.7,One year,No,0,0,12,0.3059406368399833,0.008733695096659286,Low,Sure Thing
2585-KTFRE,1,70.45,Month-to-month,DSL,0,4,1,-0.6669346471035523,0.000970567387649326,Low,Sleeping Dog
7994-UYIVZ,8,85.65,Month-to-month,Fiber optic,0,1,1,-0.1968089416703295,0.8588784908493077,High,Lost Cause
2609-IAICY,1,77.15,Month-to-month,Fiber optic,1,0,1,-0.3364827905478125,0.4391869984051822,Medium,Lost Cause
1740-CSDJP,1,35.25,Month-to-month,DSL,1,1,1,-0.3322638787828313,0.005003474866838863,Low,Sleeping Dog
7717-BICXI,60,20.55,Two year,No,0,0,24,0.3020515521325539,0.034159034479328665,Low,Sure Thing
6559-RAKOZ,49,97.95,One year,Fiber optic,0,3,12,-0.1519870047465982,0.04403202965594168,Low,Sleeping Dog
2636-OHFMN,4,48.55,Month-to-month,DSL,1,3,1,-0.0847859362721762,0.9237287974128582,High,Lost Cause
4716-MRVEN,29,20.0,One year,No,0,0,12,0.2658239439832097,0.005334341470806391,Low,Sure Thing
2143-LJULT,67,25.25,Two year,No,0,0,24,0.3020515521325539,0.012670509853093216,Low,Sure Thing
1323-OOEPC,53,98.4,Month-to-month,Fiber optic,1,3,1,-0.1519870047465982,0.6696795769379519,High,Lost Cause
3200-MNQTF,67,70.9,Two year,DSL,0,4,24,-0.111047583246267,0.6433859938086757,High,Lost Cause
6164-HXUGH,6,19.85,Month-to-month,No,0,0,1,0.2854741032504064,0.0008276941174361089,Low,Sure Thing
5630-IXDXV,47,106.35,Month-to-month,Fiber optic,0,4,1,-0.1380979043388044,0.2050577836074611,Low,Sleeping Dog
0320-DWVTU,53,99.5,Two year,Fiber optic,0,5,24,-0.1434727003399177,0.2943195896211956,Low,Sleeping Dog
9135-MGVPY,69,84.7,Two year,DSL,0,6,24,-0.0787568857699125,0.5698683869905812,Medium,Lost Cause
1212-GLHMD,3,86.05,Month-to-month,Fiber optic,0,2,1,0.1060076745138915,0.04161780587475722,Low,Sure Thing
7878-JGDKK,4,44.55,Month-to-month,DSL,0,0,1,-0.0847859362721762,0.21915908352050517,Low,Sleeping Dog
1088-AUUZZ,56,75.85,Two year,DSL,0,4,24,-0.1553228255401703,0.9210059090527055,High,Lost Cause
0397-GZBBC,59,93.85,Month-to-month,Fiber optic,1,2,1,-0.1509512635349377,0.01803436210603634,Low,Sleeping Dog
6614-YWYSC,61,25.0,Two year,No,0,0,24,0.3327207713530549,0.7923241502326418,High,Persuadable
9588-OZDMQ,2,45.0,Month-to-month,DSL,0,0,1,-0.0847859362721762,0.026585945795266724,Low,Sleeping Dog
7641-EUYET,46,100.7,Month-to-month,Fiber optic,1,4,1,-0.1947662522264578,0.2872694074824201,Low,Sleeping Dog
6476-EPYZR,12,20.5,Month-to-month,No,0,0,1,0.3111875775139368,0.8932467149450343,High,Persuadable
9921-ZVRHG,14,80.45,Month-to-month,Fiber optic,1,1,1,-0.1790572169820237,0.41871022145102277,Medium,Lost Cause
1174-FGIFN,28,90.45,One year,Fiber optic,0,2,12,-0.174327303056771,0.009797072194094434,Low,Sleeping Dog
6620-HVDUJ,24,60.45,Month-to-month,DSL,0,3,1,-0.0327667894988193,0.039858246985599796,Low,Sleeping Dog
4701-MLJPN,31,55.25,Month-to-month,DSL,1,2,1,0.0277881055414534,0.004407227606484865,Low,Sure Thing
1032-MAELW,68,78.45,One year,DSL,0,5,12,-0.0797759988082112,0.011747623262362795,Low,Sleeping Dog
7641-TQFHN,39,100.55,Two year,Fiber optic,0,3,24,0.0328765578132841,0.757573959999058,High,Persuadable
1552-TKMXS,42,20.35,Month-to-month,No,0,0,1,0.3248477833408759,0.0025789038833526528,Low,Sure Thing
9206-GVPEQ,13,54.45,Month-to-month,DSL,1,4,1,-0.0375526420302944,0.033592026990427654,Low,Sleeping Dog
8622-ZLFKO,6,90.75,Month-to-month,Fiber optic,0,2,1,-0.1947171429797015,0.015794172329719147,Low,Sleeping Dog
1596-BBVTG,35,75.35,Month-to-month,Fiber optic,1,0,1,-0.155834453108037,0.08218812703654153,Low,Sleeping Dog
6188-UXBBR,38,20.25,One year,No,0,0,12,0.3107736621735916,0.018057634477930674,Low,Sure Thing
2333-KWEWW,18,20.05,Two year,No,0,0,24,0.2940007085510896,0.02413040526397021,Low,Sure Thing
5702-SKUOB,4,19.6,Month-to-month,No,0,0,1,0.2794055859435885,0.005710636125616709,Low,Sure Thing
1134-YWTYF,27,53.8,Month-to-month,DSL,0,2,1,-0.0657294065981742,0.0075570981596011595,Low,Sleeping Dog
6061-GWWAV,41,70.2,One year,DSL,0,4,12,-0.0724971744948527,0.24262403446552594,Low,Sleeping Dog
0679-TDGAK,50,75.5,One year,DSL,0,4,12,-0.1709447216399699,0.0824204104022201,Low,Sleeping Dog
6585-WCEWR,72,20.35,Two year,No,0,0,24,0.3087056166015536,0.9327413238033535,High,Persuadable
9067-YGSCA,70,26.05,One year,No,0,0,12,0.3200147580072676,0.6316035934975824,High,Persuadable
9067-SQTNS,44,20.6,One year,No,0,0,12,0.3248477833408759,0.18117648301665792,Low,Sure Thing
8433-WXGNA,2,75.7,Month-to-month,Fiber optic,1,1,1,-0.0287629992868477,0.020842296639834224,Low,Sleeping Dog
1776-SPBWV,34,20.1,One year,No,0,0,12,0.3107736621735916,0.02100672031910838,Low,Sure Thing
8735-SDUFN,72,24.3,Two year,No,0,0,24,0.3006528447605652,0.9413763546881011,High,Persuadable
9668-PUGNU,71,24.5,Two year,No,0,0,24,0.3200147580072676,0.009011265414605807,Low,Sure Thing
9405-GPBBG,64,110.5,Two year,Fiber optic,0,5,24,0.0855227635941145,0.07063521540877896,Low,Sure Thing
1926-QUZNN,72,25.25,Two year,No,0,0,24,0.3087056166015536,0.43573263488641606,Medium,Persuadable
3707-GNWHM,1,74.25,Month-to-month,Fiber optic,1,0,1,-1.0589780680955478,0.49072167889496826,Medium,Lost Cause
7016-NVRIC,29,90.1,One year,Fiber optic,0,3,12,-0.174327303056771,0.260267772100666,Low,Sleeping Dog
5829-NVSQN,23,68.75,One year,DSL,0,4,12,-0.1306816109971515,0.42101004267824543,Medium,Lost Cause
9565-AXSMR,52,19.2,Two year,No,0,0,24,0.3040797047256611,0.12118893653302736,Low,Sure Thing
8922-LIEGH,25,89.7,Month-to-month,Fiber optic,1,2,1,-0.174327303056771,0.03949592961494347,Low,Sleeping Dog
8869-LIHMK,64,115.1,Two year,Fiber optic,0,6,24,-0.4577904419467113,0.024706846926271415,Low,Sleeping Dog
8245-UMPYT,16,96.4,Month-to-month,Fiber optic,1,2,1,-0.1536496898371672,0.07259629816630718,Low,Sleeping Dog
5186-SAMNZ,1,69.5,Month-to-month,Fiber optic,1,0,1,-0.4028498447391783,0.789713297497087,High,Lost Cause
0447-RXSGD,24,99.65,Month-to-month,Fiber optic,0,3,1,-0.1733121499983667,0.4481272577880549,Medium,Lost Cause
4927-WWOOZ,2,91.45,Month-to-month,Fiber optic,0,2,1,0.0848424886548552,0.38505745811851283,Medium,Persuadable
5788-YPOEG,34,84.75,Two year,DSL,0,6,24,-0.1391934439699387,0.010644341278971736,Low,Sleeping Dog
5373-SFODM,36,85.25,Month-to-month,Fiber optic,1,1,1,-0.1822878919884275,0.636695987939147,High,Lost Cause
0661-KBKPA,53,78.75,One year,DSL,0,4,12,-0.1553228255401703,0.0071506497264036155,Low,Sleeping Dog
9081-WWXKP,47,20.25,Two year,No,0,0,24,0.3107736621735916,0.0466145726449233,Low,Sure Thing
0784-ZQJZX,72,19.9,Two year,No,0,0,24,0.2946314954342693,0.008099936796758179,Low,Sure Thing
3133-PZNSR,72,97.75,Two year,Fiber optic,0,4,24,-0.0764401780146391,0.055563021651752774,Low,Sleeping Dog
5766-ZJYBB,1,19.4,Month-to-month,No,1,0,1,0.278060819952042,0.08122999013733127,Low,Sure Thing
8931-GJJIQ,9,83.3,Month-to-month,Fiber optic,1,1,1,-0.2457327621220735,0.809008592143481,High,Lost Cause
4277-PVRAN,8,80.1,Month-to-month,Fiber optic,1,1,1,-0.1844270962853715,0.003736437044627543,Low,Sleeping Dog
0022-TCJCI,45,62.7,One year,DSL,1,3,12,-0.0508753442569757,0.07863557983593715,Low,Sleeping Dog
0722-SVSFK,7,100.4,Month-to-month,Fiber optic,0,4,1,-0.239701118356419,0.1369215569052168,Low,Sleeping Dog
3612-YVGSJ,71,24.45,Two year,No,0,0,24,0.3200147580072676,0.006066925421508148,Low,Sure Thing
9825-YCXWZ,41,101.1,One year,Fiber optic,0,4,12,-0.1947662522264578,0.02382647373499498,Low,Sleeping Dog
5397-NSKQG,67,50.9,Two year,DSL,0,3,24,-0.0353140707622275,0.013026976409866844,Low,Sleeping Dog
8565-HBFNN,69,107.2,One year,Fiber optic,0,5,12,0.0266049899643003,0.19613116143102646,Low,Sure Thing
2000-DHJUY,70,92.2,Two year,DSL,0,6,24,-0.0769937985073515,0.12956498138549702,Low,Sleeping Dog
0203-HHYIJ,25,25.3,One year,No,1,0,12,0.279898065150494,0.21753055141319008,Low,Sure Thing
8670-ERCJH,72,113.4,Two year,Fiber optic,0,6,24,-0.2550007604677709,0.6424527027758442,High,Lost Cause
7758-UJWYS,34,40.55,Two year,DSL,0,2,24,-0.0982252299922637,0.006255836867542896,Low,Sleeping Dog
2050-ONYDQ,65,26.0,Two year,No,0,0,24,0.3020515521325539,0.004385456166122736,Low,Sure Thing
7055-JCGNI,70,111.95,Two year,Fiber optic,0,6,24,0.1205544698415365,0.7333084594803346,High,Persuadable
0739-UUAJR,72,53.8,Two year,DSL,0,4,24,-0.0039716109486135,0.1722663726164213,Low,Sleeping Dog
4826-DXMUP,35,72.1,One year,DSL,0,3,12,-0.1231577745125081,0.04945800301103537,Low,Sleeping Dog
0952-KMEEH,13,98.15,Month-to-month,Fiber optic,1,3,1,-0.1536496898371672,0.010122204400756112,Low,Sleeping Dog
7285-KLOTR,12,78.85,One year,DSL,0,4,12,-0.1772557448634298,0.3207885408692405,Medium,Lost Cause
0654-PQKDW,62,70.75,One year,DSL,0,4,12,-0.111047583246267,0.010322026348217848,Low,Sleeping Dog
7175-NTIXE,25,76.15,Month-to-month,DSL,0,4,1,-0.2007841712984188,0.3080785754434145,Medium,Lost Cause
7963-SHNDT,52,39.1,Two year,DSL,0,3,24,-0.1133354985241966,0.7855775988790801,High,Lost Cause
9796-BPKIW,8,69.95,Month-to-month,Fiber optic,0,0,1,-0.1435298108351631,0.8755214467261384,High,Lost Cause
0188-GWFLE,2,20.05,Month-to-month,No,0,0,1,0.2794055859435885,0.11543784167131232,Low,Sure Thing
8129-GMVGI,56,20.05,Two year,No,0,0,24,0.2874015447877719,0.0030233251971503957,Low,Sure Thing
2882-DDZPG,12,19.45,Month-to-month,No,0,0,1,0.2971134563466525,0.008077081142485905,Low,Sure Thing
3547-LQRIK,47,26.9,One year,No,0,0,12,0.4207694447274365,0.06728858840440678,Low,Sure Thing
9137-NOQKA,2,19.2,Month-to-month,No,0,0,1,0.2960837458814777,0.042996849095860656,Low,Sure Thing
5843-TTHGI,18,50.0,Month-to-month,DSL,0,1,1,-0.0496075958682099,0.8905956884323635,High,Lost Cause
1849-RJYIG,8,60.0,Month-to-month,DSL,0,2,1,0.0190972952403437,0.7210358015964831,High,Persuadable
8868-GAGIO,45,84.55,Month-to-month,Fiber optic,0,2,1,-0.1391934439699387,0.8902446602283357,High,Lost Cause
4061-UKJWL,3,45.45,Month-to-month,DSL,0,0,1,-0.0847859362721762,0.00807959788542169,Low,Sleeping Dog
5380-XPJNZ,38,20.05,One year,No,0,0,12,0.3107736621735916,0.007753390103326212,Low,Sure Thing
8263-QMNTJ,72,115.55,Two year,Fiber optic,0,6,24,-0.2389415814402401,0.7880215625368631,High,Lost Cause
8178-EYZUO,46,93.7,Month-to-month,Fiber optic,1,3,1,-0.1293775848663892,0.08884491102175114,Low,Sleeping Dog
3230-JCNZS,71,99.0,Two year,Fiber optic,0,4,24,-0.0682599683181122,0.45371769483492885,Medium,Lost Cause
0277-ORXQS,66,50.55,Two year,DSL,0,3,24,-0.047369024600143,0.09927737293965516,Low,Sleeping Dog
5130-IEKQT,25,105.95,Month-to-month,Fiber optic,1,4,1,-0.2913876242929505,0.34004644366536224,Medium,Lost Cause
3230-WYKIR,18,82.0,One year,DSL,1,4,12,-0.1681394050562344,0.35239589035637814,Medium,Lost Cause
7996-BPXHY,13,25.0,Two year,No,0,0,24,0.3080748297183739,0.06816686497219436,Low,Sure Thing
3227-WLKLI,65,91.55,Two year,DSL,0,6,24,-0.1328892896999479,0.6215450838699805,High,Lost Cause
0407-BDJKB,60,95.75,Month-to-month,Fiber optic,1,3,1,-0.1403884410482239,0.006085412312096594,Low,Sleeping Dog
2266-FUBDZ,15,19.35,Two year,No,0,0,24,0.2940007085510896,0.6598583752194306,High,Persuadable
8237-ULIXL,72,24.85,Two year,No,0,0,24,0.3087056166015536,0.029367606812246122,Low,Sure Thing
9600-UDOPK,30,94.05,Month-to-month,Fiber optic,1,2,1,-0.174327303056771,0.006324834280640848,Low,Sleeping Dog
8216-AZUUZ,42,100.4,Two year,Fiber optic,0,4,24,-0.1283624318079849,0.2682686120592599,Low,Sleeping Dog
9153-BTBVV,71,25.0,Two year,No,0,0,24,0.3200147580072676,0.034398264542657424,Low,Sure Thing
4074-SJFFA,1,54.75,Month-to-month,DSL,1,1,1,0.0599551303353236,0.23208074743539728,Low,Sure Thing
3269-ATYWD,39,95.65,Month-to-month,Fiber optic,1,2,1,-0.179971184233154,0.10043494515057731,Low,Sleeping Dog
5186-PEIZU,35,19.25,Month-to-month,No,0,0,1,0.3107736621735916,0.2775137270649409,Low,Sure Thing
1074-AMIOH,53,108.25,Month-to-month,Fiber optic,0,5,1,0.0217497378886498,0.05880664000583272,Low,Sure Thing
4910-GMJOT,1,94.6,Month-to-month,Fiber optic,1,2,1,-0.2228773026061093,0.4023878123164178,Medium,Lost Cause
0354-WYROK,31,98.9,Month-to-month,Fiber optic,1,4,1,-0.0261918669104347,0.02810048199460691,Low,Sleeping Dog
4361-FEBGN,48,20.15,Two year,No,0,0,24,0.2874015447877719,0.020529482502793416,Low,Sure Thing
7748-UMTRK,30,101.3,Month-to-month,Fiber optic,0,3,1,-0.1966215223983509,0.6633543833138416,High,Lost Cause
0380-ZCSBI,10,20.0,Month-to-month,No,0,0,1,0.2854741032504064,0.22799312301111607,Low,Sure Thing
7145-FEJWU,12,105.3,Month-to-month,Fiber optic,0,4,1,0.0794912191907847,0.003694230488964532,Low,Sure Thing
6463-MVYRY,57,69.85,Two year,DSL,0,4,24,-0.1379417179022133,0.004204204940417491,Low,Sleeping Dog
3969-JQABI,58,65.25,Month-to-month,DSL,0,3,1,-0.0338416398347883,0.0014976025371617342,Low,Sleeping Dog
9624-EGDEQ,37,19.8,Two year,No,0,0,24,0.3107736621735916,0.03646550553933459,Low,Sure Thing
1051-EQPZR,44,19.6,Month-to-month,No,0,0,1,0.3107736621735916,0.33880148781416103,Medium,Persuadable
5849-ASHZJ,27,20.05,One year,No,0,0,12,0.2658239439832097,0.09582358507349718,Low,Sure Thing
5780-INQIK,8,49.4,Month-to-month,DSL,0,1,1,-0.0549774751715577,0.1765911407249291,Low,Sleeping Dog
7576-OYWBN,3,76.05,Month-to-month,Fiber optic,1,0,1,-0.0623776027790588,0.813983990769149,High,Lost Cause
4526-ZJJTM,25,88.4,Month-to-month,Fiber optic,0,3,1,-0.174327303056771,0.10430909365413306,Low,Sleeping Dog
8384-FZBJK,57,100.6,Month-to-month,Fiber optic,0,3,1,0.0177662892813512,0.0053660884302433,Low,Sure Thing
3750-RNQKR,12,19.45,Month-to-month,No,0,0,1,0.2971134563466525,0.5384891736509241,Medium,Persuadable
0962-CQPWQ,62,20.3,Two year,No,0,0,24,0.2879774309652697,0.0073794693794042845,Low,Sure Thing
3096-YXENJ,65,107.65,Two year,Fiber optic,0,5,24,0.0377385481177483,0.706230982982701,High,Persuadable
1265-BCFEO,71,80.45,Two year,DSL,0,4,24,-0.0753079971339067,0.3437660891456537,Medium,Lost Cause
5837-LXSDN,21,58.85,One year,DSL,0,2,12,-0.0355468546682681,0.6407720942880425,High,Lost Cause
5945-AZYHT,71,109.6,One year,Fiber optic,0,5,12,0.1592009561901492,0.005053320302841446,Low,Sure Thing
8325-QRPZR,7,75.15,Month-to-month,Fiber optic,0,1,1,-0.188895097959676,0.012587501007236747,Low,Sleeping Dog
6384-VMJHP,72,73.0,Two year,DSL,0,5,24,-0.0576274288394297,0.02525956646049846,Low,Sleeping Dog
2262-SLNVK,1,70.1,Month-to-month,Fiber optic,0,0,1,-0.4219430731459002,0.04018088094257997,Low,Sleeping Dog
7730-CLDSV,72,98.65,Two year,Fiber optic,0,4,24,-0.0682599683181122,0.03059109392268368,Low,Sleeping Dog
1135-HIORI,64,111.45,One year,Fiber optic,0,5,12,-0.2559536700040597,0.21309325261937506,Low,Sleeping Dog
0164-APGRB,72,114.9,Two year,Fiber optic,0,6,24,-0.2724145558571237,0.019707944616650337,Low,Sleeping Dog
6481-ESCNL,29,100.55,Month-to-month,Fiber optic,0,3,1,-0.0120731603770977,0.9392553573968009,High,Lost Cause
1790-NESIO,13,20.4,Two year,No,0,0,24,0.3080748297183739,0.3146074173644973,Medium,Persuadable
1550-EENBN,31,104.35,Month-to-month,Fiber optic,0,4,1,0.0217871282615691,0.6483812823929885,High,Persuadable
5539-TMZLF,1,69.75,Month-to-month,Fiber optic,1,0,1,-0.4028498447391783,0.5602768803765155,Medium,Lost Cause
4323-SADQS,7,34.5,Month-to-month,DSL,1,2,1,-0.1203680629181135,0.004326550639270221,Low,Sleeping Dog
4446-BZKHU,61,105.55,Month-to-month,Fiber optic,1,4,1,-0.1083259421588591,0.24119614727144886,Low,Sleeping Dog
5202-IVJNU,39,30.1,Month-to-month,DSL,1,1,1,-0.2366769939265213,0.19620989728658753,Low,Sleeping Dog
5976-JCJRH,10,70.3,Month-to-month,Fiber optic,1,0,1,-0.3825550589213438,0.05935700261649732,Low,Sleeping Dog
8198-RKSZG,14,80.45,Month-to-month,DSL,0,4,1,-0.1790572169820237,0.06765249231255993,Low,Sleeping Dog
0137-OCGAB,1,80.2,Month-to-month,Fiber optic,1,1,1,-0.332014788873508,0.7145207952982037,High,Lost Cause
3351-NQLDI,67,94.35,One year,Fiber optic,1,3,12,-0.1328892896999479,0.07905487473818737,Low,Sleeping Dog
9297-EONCV,72,91.35,Two year,DSL,0,6,24,-0.068941026666363,0.009375905838969136,Low,Sleeping Dog
7593-JNWRU,6,44.6,Month-to-month,DSL,1,0,1,-0.0787174189653582,0.09716347002388563,Low,Sleeping Dog
4588-YBNIB,1,19.6,Month-to-month,No,1,0,1,0.278060819952042,0.17370216315978135,Low,Sure Thing
1069-QJOEE,25,19.9,One year,No,0,0,12,0.2658239439832097,0.8342622276669319,High,Persuadable
3336-JORSO,33,110.45,Month-to-month,Fiber optic,1,5,1,0.1088882589335908,0.8009972985490705,High,Persuadable
7799-DSEWS,18,68.35,Month-to-month,DSL,0,4,1,-0.1272421196060261,0.6966681660255847,High,Lost Cause
8766-PAFNE,71,79.1,Two year,DSL,0,5,24,-0.0797759988082112,0.011793228622206825,Low,Sleeping Dog
5315-CKEQK,28,51.0,One year,DSL,0,0,12,-0.0657294065981742,0.1278062269041684,Low,Sleeping Dog
3130-ICDUP,2,80.55,Month-to-month,Fiber optic,0,1,1,-0.0242949976125432,0.009823834694302204,Low,Sleeping Dog
0820-FNRNX,17,66.7,Month-to-month,DSL,0,3,1,-0.0464221368511466,0.05220033661028741,Low,Sleeping Dog
0880-FVFWF,56,86.4,Month-to-month,Fiber optic,0,2,1,-0.1465796520889501,0.32813510841772126,Medium,Lost Cause
4611-ANLQC,60,50.05,One year,DSL,0,4,12,-0.047369024600143,0.6205906464781138,High,Lost Cause
4213-HKBJO,33,25.7,Two year,No,0,0,24,0.3248477833408759,0.00332548939672557,Low,Sure Thing
2792-LSHWX,1,83.4,Month-to-month,Fiber optic,0,3,1,-1.136131852842606,0.32482253393520066,Medium,Lost Cause
5028-GZLDO,2,70.7,Month-to-month,Fiber optic,1,0,1,-0.1023665415119428,0.1486071152345556,Low,Sleeping Dog
0014-BMAQU,63,84.65,Two year,Fiber optic,0,2,24,-0.1427051488034974,0.15676096128401085,Low,Sleeping Dog
6861-XWTWQ,7,99.25,Month-to-month,Fiber optic,1,3,1,-0.1241052458807,0.9095073162298156,High,Lost Cause
9018-PCIOK,55,64.75,Two year,DSL,0,3,24,-0.0338416398347883,0.5643081715808403,Medium,Lost Cause
4837-QUSFT,65,100.15,One year,Fiber optic,0,4,12,-0.1318741366415435,0.22322189243464283,Low,Sleeping Dog
6877-TJMBR,1,84.8,Month-to-month,Fiber optic,1,2,1,-0.2826046176096241,0.45036747964602825,Medium,Lost Cause
9953-ZMKSM,63,25.25,Two year,No,0,0,24,0.3020515521325539,0.6378932142092552,High,Persuadable
0907-HQNTS,70,113.0,Two year,Fiber optic,0,6,24,-1.0367165670783387,0.08974075731440272,Low,Sleeping Dog
7665-NKLAV,36,40.65,Two year,DSL,0,3,24,-0.0982252299922637,0.10297981058661358,Low,Sleeping Dog
6769-DCQLI,52,105.0,One year,Fiber optic,1,5,12,-0.1199245058572334,0.7457045044776733,High,Lost Cause
2433-KMEAS,22,54.45,Month-to-month,DSL,1,1,1,-0.0409921334214198,0.00610943472924038,Low,Sleeping Dog
4391-LNRXK,22,94.95,Month-to-month,Fiber optic,0,4,1,-0.1495900298800166,0.0057285072357600815,Low,Sleeping Dog
8250-ZNGGW,5,59.9,Month-to-month,DSL,0,3,1,0.0130287779335258,0.3898267922955005,Medium,Persuadable
2195-ZRVAX,47,85.3,Month-to-month,Fiber optic,1,2,1,-0.1314693835570173,0.21223381542122777,Low,Sleeping Dog
3550-SAHFP,33,83.35,Month-to-month,Fiber optic,1,1,1,-0.2126721172704345,0.0037712385839642503,Low,Sleeping Dog
2011-TRQYE,18,33.5,Month-to-month,DSL,1,2,1,-0.1149981836147657,0.8161458152665477,High,Lost Cause
8562-GHPPI,1,19.8,Month-to-month,No,0,0,1,0.278060819952042,0.1473295008620743,Low,Sure Thing
5893-PYOLZ,56,81.8,Two year,DSL,0,5,24,-0.1508548238658658,0.08491959510089335,Low,Sleeping Dog
4986-MXSFP,2,20.0,Month-to-month,No,0,0,1,0.2794055859435885,0.6623072456013503,High,Persuadable
6131-FOYAS,35,59.6,Month-to-month,DSL,0,2,1,-0.0153344096546407,0.009475858071576651,Low,Sleeping Dog
3027-YNWZU,64,25.0,Two year,No,0,0,24,0.3020515521325539,0.06549666649501247,Low,Sure Thing
5609-IMCGG,15,84.35,Month-to-month,Fiber optic,0,2,1,-0.1559663975924406,0.37136266497622855,Medium,Lost Cause
4873-ILOLJ,24,90.35,Month-to-month,Fiber optic,1,2,1,-0.174327303056771,0.02725028372653861,Low,Sleeping Dog
4727-MCYZG,1,55.55,Month-to-month,DSL,0,1,1,0.0599551303353236,0.733051089124344,High,Persuadable
9481-WHGWY,70,75.35,Two year,DSL,0,4,24,-0.0797759988082112,0.08969068814293574,Low,Sleeping Dog
2725-KXXWT,1,90.75,Month-to-month,Fiber optic,1,2,1,-0.2228773026061093,0.6073764101927933,High,Lost Cause
9565-DJPIB,4,89.6,Month-to-month,Fiber optic,1,2,1,-0.0582439899178585,0.09724626225483195,Low,Sleeping Dog
4328-VUFWD,39,59.3,One year,DSL,0,2,12,-0.0153344096546407,0.747332976544843,High,Lost Cause
3301-LSLWQ,29,66.1,Month-to-month,DSL,0,2,1,-0.0636810894932372,0.046611166023631134,Low,Sleeping Dog
7473-ZBDSN,14,18.8,Two year,No,0,0,24,0.3106788684889788,0.7787660973144871,High,Persuadable
3166-PNEOF,61,86.45,Two year,DSL,0,5,24,-0.1349810883905759,0.005962836159437265,Low,Sleeping Dog
5639-NTUPK,13,52.1,Month-to-month,DSL,0,1,1,-0.0375526420302944,0.0075974441783290166,Low,Sleeping Dog
8780-YRMTT,66,47.4,Two year,DSL,0,4,24,-0.0711089683939436,0.004213046842964872,Low,Sleeping Dog
8348-HFYIV,2,49.25,Month-to-month,DSL,1,3,1,-0.0610459924783757,0.0036491243454650837,Low,Sleeping Dog
5140-FOMCQ,59,109.15,One year,Fiber optic,0,5,12,-0.0073793911919514,0.5131198071036343,Medium,Lost Cause
6242-SGYTS,62,94.95,One year,Fiber optic,0,3,12,-0.1328892896999479,0.6389415460505736,High,Lost Cause
8166-ORCHU,33,93.55,One year,Fiber optic,0,4,12,-0.1724720328848779,0.6485388829154214,High,Lost Cause
8414-OOEEL,66,79.5,Two year,DSL,0,5,24,-0.1392562601674915,0.5853301790508622,Medium,Lost Cause
8454-AATJP,72,115.05,Two year,Fiber optic,0,6,24,-0.2389415814402401,0.1276971970476897,Low,Sleeping Dog
6849-WLEYG,1,19.75,Month-to-month,No,1,0,1,0.278060819952042,0.8630804099857348,High,Persuadable
4659-NZRUF,19,95.15,Month-to-month,Fiber optic,1,3,1,-0.1536496898371672,0.1276228404078803,Low,Sleeping Dog
4531-AUZNK,51,95.15,One year,Fiber optic,0,3,12,-0.1519870047465982,0.42039089580004846,Medium,Lost Cause
4191-XOVOM,63,105.4,Month-to-month,Fiber optic,0,4,1,-0.1083259421588591,0.006447448003702917,Low,Sleeping Dog
2150-OEGBV,27,20.1,One year,No,0,0,12,0.2658239439832097,0.0037553729181934122,Low,Sure Thing
8429-XIBUM,22,101.35,Month-to-month,Fiber optic,1,3,1,-0.1718842492215964,0.08126996808446857,Low,Sleeping Dog
1855-CFULU,4,20.05,Month-to-month,No,0,0,1,0.2794055859435885,0.5895439642711612,Medium,Persuadable
4878-BUNFV,42,20.7,Two year,No,0,0,24,0.3248477833408759,0.6597645113575231,High,Persuadable
1872-EBWSC,29,20.35,One year,No,0,0,12,0.279898065150494,0.2959693275117649,Low,Sure Thing
2608-BHKFN,4,70.05,Month-to-month,Fiber optic,1,0,1,-0.1686915565487029,0.24773790174475052,Low,Sleeping Dog
7026-YMSBE,30,19.7,One year,No,0,0,12,0.2658239439832097,0.2012138240554617,Low,Sure Thing
7341-LXCAF,4,74.65,Month-to-month,Fiber optic,1,0,1,0.1584903319969375,0.007378943095713154,Low,Sure Thing
6997-UVGOX,71,85.45,Two year,DSL,0,6,24,-0.0710328253569911,0.08088334074323072,Low,Sleeping Dog
9674-EHPPG,46,40.4,Two year,DSL,0,3,24,-0.0982252299922637,0.09141364007053493,Low,Sleeping Dog
9462-MJUAW,4,50.4,Month-to-month,DSL,1,0,1,-0.0610459924783757,0.01989454987400395,Low,Sleeping Dog
8128-YVJRG,7,79.65,Month-to-month,Fiber optic,1,1,1,-0.1844270962853715,0.010156351335957015,Low,Sleeping Dog
5440-VHLUL,69,105.2,One year,Fiber optic,0,4,12,-0.1209061080141463,0.8264513521403799,High,Lost Cause
5781-BKHOP,72,100.65,Two year,Fiber optic,0,4,24,-0.0912352460079429,0.05978286419196832,Low,Sleeping Dog
4283-FUTGF,19,79.85,Month-to-month,Fiber optic,1,1,1,-0.1681394050562344,0.9097629668312343,High,Lost Cause
5213-TWWJU,28,91.0,Month-to-month,Fiber optic,0,3,1,-0.174327303056771,0.17028321600991303,Low,Sleeping Dog
1569-TTNYJ,5,78.75,Month-to-month,Fiber optic,1,1,1,-0.1445596396750117,0.6600542662086429,High,Lost Cause
8628-MFKAX,72,116.75,Two year,Fiber optic,0,6,24,-0.2405737044192714,0.09165073186078064,Low,Sleeping Dog
2397-BRLOM,8,80.45,Month-to-month,Fiber optic,1,1,1,-0.1844270962853715,0.024907660418386133,Low,Sleeping Dog
7629-WIXZF,7,59.1,One year,DSL,0,2,12,-0.0374772425804905,0.047630334234216094,Low,Sleeping Dog
5445-GLVOT,22,49.8,Month-to-month,DSL,0,1,1,-0.0530470872593353,0.02430227731360446,Low,Sleeping Dog
3976-HXHCE,72,19.3,Two year,No,0,0,24,0.2543004633347139,0.9491480321556455,High,Persuadable
2466-NEJOJ,8,19.65,Month-to-month,No,0,0,1,0.2854741032504064,0.08360115020231489,Low,Sure Thing
0254-KCJGT,52,81.4,One year,DSL,0,5,12,-0.1508548238658658,0.004244764312693934,Low,Sleeping Dog
5472-CVMDX,68,38.9,Two year,DSL,0,3,24,-0.0814171525330848,0.0027046255881911334,Low,Sleeping Dog
6461-SZMCV,71,87.95,Two year,DSL,0,6,24,-0.0710328253569911,0.08628797063373662,Low,Sleeping Dog
8150-QUDFX,2,19.85,Month-to-month,No,0,0,1,0.2794055859435885,0.06278615158857362,Low,Sure Thing
9508-ILZDG,34,96.35,Month-to-month,Fiber optic,0,3,1,-0.179971184233154,0.017216366637314656,Low,Sleeping Dog
2346-DJQTB,35,24.15,Month-to-month,DSL,0,0,1,0.3248477833408759,0.01239285987254588,Low,Sure Thing
1697-LYYYX,61,19.1,One year,No,0,0,12,0.3046555909031589,0.6992598571259632,High,Persuadable
1942-OQFRW,1,44.0,Month-to-month,DSL,0,0,1,-0.0952479271784788,0.30361342994399737,Medium,Lost Cause
4749-VFKVB,1,50.1,Month-to-month,DSL,1,0,1,0.0003955187389117,0.010968651549990731,Low,Sure Thing
9640-ZSLDC,53,60.6,One year,DSL,0,2,12,-0.0029273398403703,0.0014906509643032781,Low,Sleeping Dog
4231-LZUYM,72,25.65,Two year,No,0,0,24,0.3087056166015536,0.006125130247343622,Low,Sure Thing
7598-UAASY,2,76.4,Month-to-month,Fiber optic,1,1,1,-0.0287629992868477,0.003657831273352133,Low,Sleeping Dog
7938-OUHIO,3,98.7,Month-to-month,Fiber optic,1,4,1,0.1991667175775141,0.2677012246357257,Low,Sure Thing
8510-AWCXC,13,100.8,Month-to-month,Fiber optic,1,3,1,-0.3744090786825209,0.1512191995045262,Low,Sleeping Dog
6128-AQBMT,41,53.95,Month-to-month,DSL,0,4,1,-0.0638741364262811,0.003615017806568208,Low,Sleeping Dog
3594-BDSOA,24,20.4,One year,No,0,0,12,0.279898065150494,0.10388841053854496,Low,Sure Thing
0431-APWVY,28,90.1,One year,Fiber optic,1,2,12,-0.174327303056771,0.02094146329857206,Low,Sleeping Dog
5133-VRSAB,8,29.35,Month-to-month,DSL,0,1,1,-0.0726712688079196,0.42252199103357646,Medium,Lost Cause
5996-DAOQL,1,20.45,Month-to-month,No,0,0,1,0.2921349411193263,0.6410988455327907,High,Persuadable
6838-YAUVY,54,95.1,Two year,Fiber optic,0,3,24,-0.0881314512504211,0.0714555847972403,Low,Sleeping Dog
0484-JPBRU,41,25.25,Month-to-month,No,0,0,1,0.3248477833408759,0.01766374397427685,Low,Sure Thing
7883-ROJOC,19,44.9,Month-to-month,DSL,0,0,1,-0.0733475396620104,0.795874523754224,High,Lost Cause
0244-LGNFY,72,92.65,Two year,DSL,0,6,24,-0.068941026666363,0.16071026822321263,Low,Sleeping Dog
7274-CGTOD,62,43.7,Two year,DSL,0,4,24,-0.0323040115203438,0.6640316531787653,High,Lost Cause
4295-YURET,56,72.6,Two year,DSL,0,4,24,-0.2188629194229238,0.004775428919636515,Low,Sleeping Dog
3426-NIYYL,15,51.55,Month-to-month,DSL,1,0,1,-0.0375526420302944,0.07733470165389865,Low,Sleeping Dog
8225-BTJAU,10,79.25,Month-to-month,Fiber optic,1,1,1,-0.188895097959676,0.07235135683619691,Low,Sleeping Dog
4635-EJYPD,32,18.95,Two year,No,0,0,24,0.3274518221114808,0.9570733698844989,High,Persuadable
1866-ZSLJM,21,20.5,Month-to-month,No,0,0,1,0.3046353383272485,0.1504318167673174,Low,Sure Thing
4636-TVXVG,62,19.95,One year,No,0,0,12,0.2879774309652697,0.10741756240485582,Low,Sure Thing
4236-UJPWO,2,24.5,Month-to-month,DSL,0,0,1,0.2934797071108728,0.0085321360939222,Low,Sure Thing
9392-XBGTD,27,20.6,Two year,No,0,0,24,0.279898065150494,0.3605198927581433,Medium,Persuadable
3387-VATUS,5,94.85,Month-to-month,Fiber optic,1,2,1,-0.0582439899178585,0.057112579485333215,Low,Sleeping Dog
6402-SSEJG,25,61.05,One year,DSL,0,5,12,-0.0327667894988193,0.1649510043013264,Low,Sleeping Dog
1143-NMNQJ,2,85.7,Month-to-month,Fiber optic,1,1,1,0.1396222780061026,0.5410030533509246,Medium,Persuadable
1169-SAOCL,49,106.65,One year,Fiber optic,0,4,12,-0.166649467447231,0.011345432072055786,Low,Sleeping Dog
1110-KYLGQ,63,108.25,Month-to-month,Fiber optic,0,5,1,0.0377385481177483,0.002744056688757407,Low,Sure Thing
9929-PLVPA,4,20.4,Month-to-month,No,0,0,1,0.2934797071108728,0.6376746837623762,High,Persuadable
3518-PZXZQ,1,55.3,Month-to-month,DSL,0,1,1,0.0599551303353236,0.0032290833093827445,Low,Sure Thing
2371-JUNGC,11,20.25,Month-to-month,No,0,0,1,0.2854741032504064,0.029074097272676677,Low,Sure Thing
7693-QPEFS,52,72.95,Month-to-month,Fiber optic,0,0,1,-0.1094017794289715,0.014922621233362134,Low,Sleeping Dog
0924-BJCRC,60,89.45,Month-to-month,Fiber optic,0,2,1,-0.1022200704794469,0.0018102100137040238,Low,Sleeping Dog
5074-FBGHB,64,104.65,One year,Fiber optic,0,4,12,-0.1248481875054783,0.008322340755160876,Low,Sleeping Dog
2351-BKRZW,43,75.2,Two year,DSL,0,4,24,-0.155834453108037,0.0650093986167294,Low,Sleeping Dog
4455-BFSPD,61,101.15,One year,Fiber optic,0,3,12,-0.1551835090415277,0.0007937243484914995,Low,Sleeping Dog
0415-MOSGF,1,44.4,Month-to-month,DSL,1,0,1,-0.1340528840520785,0.8877917995719588,High,Lost Cause
1724-BQUHA,5,89.5,Month-to-month,Fiber optic,1,2,1,-0.0582439899178585,0.5143376670783742,Medium,Lost Cause
3948-KXDUF,66,68.75,Two year,DSL,0,4,24,-0.0983589747172831,0.7123921620465227,High,Lost Cause
2323-ARSVR,67,111.05,Two year,Fiber optic,0,6,24,0.1283838630914809,0.7459019791546505,High,Persuadable
0815-MFZGM,42,99.0,Two year,Fiber optic,0,4,24,-0.1286965265181384,0.08778711117647796,Low,Sleeping Dog
4826-XTSOH,1,86.05,Month-to-month,Fiber optic,1,1,1,-0.168097513254862,0.32790045966965503,Medium,Lost Cause
5480-XTFFL,31,21.0,Two year,No,0,0,24,0.3734155772901217,0.010318387829787388,Low,Sure Thing
8295-FHIVV,7,19.4,Month-to-month,No,0,0,1,0.2854741032504064,0.5892860878132792,Medium,Persuadable
2495-INZWQ,4,44.55,Month-to-month,DSL,1,2,1,-0.0847859362721762,0.1646104513333041,Low,Sleeping Dog
9086-YJYXS,34,77.2,One year,DSL,0,3,12,-0.155834453108037,0.3933380477870474,Medium,Lost Cause
1179-INLAT,3,19.45,One year,No,0,0,12,0.2794055859435885,0.001001586868896021,Low,Sure Thing
7909-FIOIY,19,24.85,Month-to-month,DSL,0,0,1,0.3080748297183739,0.007423872940068167,Low,Sure Thing
4139-SUGLD,31,35.4,Month-to-month,DSL,1,2,1,-0.0496574360430178,0.8306873806732654,High,Lost Cause
6857-VWJDT,1,95.65,Month-to-month,Fiber optic,1,2,1,-0.3992066641864981,0.8358695888406937,High,Lost Cause
6351-SCJKT,3,41.35,Month-to-month,DSL,0,3,1,-0.1789434787530606,0.07261736895552247,Low,Sleeping Dog
5468-BPMMO,46,19.6,Month-to-month,No,0,0,1,0.3107736621735916,0.03463196299052854,Low,Sure Thing
5624-BQSSA,1,20.95,Month-to-month,No,1,0,1,0.2921349411193263,0.7893246168430247,High,Persuadable
0197-PNKNK,69,84.45,One year,Fiber optic,0,2,12,-0.0787568857699125,0.7487073800032533,High,Lost Cause
2439-QKJUL,5,20.25,Month-to-month,No,0,0,1,0.2794055859435885,0.17004923856308132,Low,Sure Thing
1194-SPVSP,1,19.65,Month-to-month,No,0,0,1,0.278060819952042,0.4547852684317863,Medium,Persuadable
9534-NSXEM,26,20.65,One year,No,0,0,12,0.279898065150494,0.6284629361575617,High,Persuadable
2408-WITXK,10,34.7,Month-to-month,DSL,1,1,1,-0.1203680629181135,0.22805603659003426,Low,Sleeping Dog
8929-KSWIH,25,99.3,Two year,Fiber optic,0,4,24,-0.1733121499983667,0.04712805451410392,Low,Sleeping Dog
2250-IVBWA,64,81.05,Month-to-month,Fiber optic,0,2,1,-0.1392562601674915,0.0776896001577117,Low,Sleeping Dog
1810-MVMAI,30,67.6,Month-to-month,DSL,0,4,1,-0.0636810894932372,0.029698199919820808,Low,Sleeping Dog
9506-UXUSK,13,70.15,Month-to-month,Fiber optic,0,0,1,-0.1001879400431439,0.3682782969592939,Medium,Lost Cause
1229-RCALF,64,115.0,One year,Fiber optic,0,6,12,-0.4577904419467113,0.09039191335424357,Low,Sleeping Dog
3572-UOLYZ,46,84.8,Month-to-month,Fiber optic,0,2,1,-0.1391934439699387,0.8572146756661501,High,Lost Cause
1429-UYJSV,12,19.7,One year,No,0,0,12,0.2971134563466525,0.7837848100416681,High,Persuadable
5577-OTWWW,15,19.75,Month-to-month,No,1,0,1,0.2940007085510896,0.08940921387058398,Low,Sure Thing
6100-QQHEB,17,92.55,Month-to-month,Fiber optic,1,2,1,-0.1461505384888911,0.02724586186805533,Low,Sleeping Dog
6366-XIVKZ,13,63.15,Month-to-month,DSL,0,3,1,-0.0064144623121471,0.004521819499966037,Low,Sleeping Dog
3470-OBUET,67,74.0,Two year,DSL,0,4,24,-0.1534528140378776,0.2873195397044472,Low,Sleeping Dog
2770-NSVDG,24,29.1,Month-to-month,DSL,0,1,1,-0.1447958972635008,0.4707285396771797,Medium,Lost Cause
9375-MHRRS,6,50.05,Month-to-month,DSL,0,1,1,-0.0549774751715577,0.6338558632474789,High,Lost Cause
2634-HCZGT,53,60.05,One year,DSL,1,2,12,-0.0309115193269262,0.006722759171057434,Low,Sleeping Dog
7503-QQRVF,16,74.3,Month-to-month,Fiber optic,1,1,1,-0.1618073210268361,0.8251442970582171,High,Lost Cause
4860-YZGZM,10,20.0,Month-to-month,No,0,0,1,0.2854741032504064,0.3898487775645416,Medium,Persuadable
6599-GZWCM,13,74.65,One year,Fiber optic,0,1,12,-0.0585302331130075,0.5913363520648902,Medium,Lost Cause
2691-NZETQ,9,85.35,Month-to-month,Fiber optic,1,1,1,-0.1968089416703295,0.026466288301143906,Low,Sleeping Dog
4404-HIBDJ,25,74.3,One year,DSL,1,5,12,-0.1790662736689268,0.09049041185209195,Low,Sleeping Dog
5533-NHFRF,7,44.4,Month-to-month,DSL,0,3,1,-0.0787174189653582,0.00199239842361752,Low,Sleeping Dog
7037-MTYVW,38,85.4,Two year,DSL,0,5,24,-0.1314693835570173,0.0027107909555803395,Low,Sleeping Dog
4760-THGOT,43,94.1,Month-to-month,Fiber optic,0,3,1,-0.1293775848663892,0.313119555206873,Medium,Lost Cause
7295-JOMMD,4,98.1,Month-to-month,Fiber optic,1,4,1,0.0229154979075771,0.00428451428954704,Low,Sure Thing
4016-BJKTZ,25,108.9,Two year,Fiber optic,0,5,24,0.0061346780571601,0.7292528512125164,High,Persuadable
6584-VQMYT,27,56.2,One year,DSL,0,2,12,-0.0879764350798162,0.3165130035100421,Medium,Lost Cause
9838-BFCQT,72,26.1,Two year,No,0,0,24,0.3087056166015536,0.75638500858279,High,Persuadable
2790-XUYMV,71,85.45,One year,Fiber optic,0,2,12,-0.0710328253569911,0.07424162513569343,Low,Sleeping Dog
0581-MDMPW,24,88.95,Month-to-month,Fiber optic,0,2,1,-0.174327303056771,0.6467236997674469,High,Lost Cause
5013-SBUIH,50,109.65,Two year,Fiber optic,1,5,24,0.0217497378886498,0.016271053350012343,Low,Sure Thing
1023-BQXZE,57,74.35,Two year,DSL,0,4,24,-0.1336049279106783,0.09323743028246549,Low,Sleeping Dog
9163-GHAYE,15,48.85,Month-to-month,DSL,0,1,1,-0.0733475396620104,0.013578562202275555,Low,Sleeping Dog
3904-UKFRE,4,80.1,Month-to-month,Fiber optic,0,1,1,-0.1400916380007072,0.5012374084235978,Medium,Lost Cause
5353-WILCI,28,56.05,Month-to-month,DSL,0,2,1,-0.0879764350798162,0.6281341867648379,High,Lost Cause
0709-TVGUR,9,74.55,Month-to-month,Fiber optic,1,0,1,-0.1219427041794293,0.021818000653324034,Low,Sleeping Dog
0058-EVZWM,55,89.8,Month-to-month,Fiber optic,0,2,1,-0.1444878533983221,0.09815303301572735,Low,Sleeping Dog
6023-YEBUP,3,100.95,Month-to-month,Fiber optic,1,3,1,-0.2503196216506573,0.2988586131967809,Low,Sleeping Dog
7209-JCUDS,10,94.9,Month-to-month,Fiber optic,1,3,1,-0.1515204177922389,0.4442144335031439,Medium,Lost Cause
7009-PCARS,55,19.1,One year,No,0,0,12,0.3040797047256611,0.059808732667354376,Low,Sure Thing
0519-DRGTI,20,20.35,Month-to-month,No,0,0,1,0.3046353383272485,0.1613875524822131,Low,Sure Thing
1017-FBQMM,62,106.05,One year,Fiber optic,0,4,12,-0.141609609172363,0.014817666568915982,Low,Sleeping Dog
3001-CBHLQ,32,104.9,Month-to-month,Fiber optic,1,4,1,-0.1479086853437892,0.004857194560621865,Low,Sleeping Dog
1985-MBRYP,43,19.65,Two year,No,0,0,24,0.3107736621735916,0.010668257311789622,Low,Sure Thing
6158-DWPZT,9,24.1,One year,DSL,1,0,12,0.2995482244176907,0.5389094203245821,Medium,Persuadable
9372-TXXPS,60,59.85,Two year,DSL,0,3,24,-0.0297304680122547,0.49954692578472276,Medium,Lost Cause
3259-QMXUN,58,86.1,Two year,DSL,0,5,24,-0.1465796520889501,0.006860509367625241,Low,Sleeping Dog
1015-JPFYW,7,19.45,One year,No,0,0,12,0.2854741032504064,0.512705509017803,Medium,Persuadable
6645-MXQJT,2,97.1,Month-to-month,Fiber optic,0,3,1,0.1660019764802909,0.3903399599842443,Medium,Persuadable
4360-QRAVE,37,36.65,Month-to-month,DSL,0,2,1,-0.1413196780107524,0.03833537502469186,Low,Sleeping Dog
8433-WPJTV,65,103.9,One year,Fiber optic,0,4,12,-0.1812382690737652,0.6539064311867895,High,Lost Cause
5804-JMYIO,39,19.75,Two year,No,0,0,24,0.3107736621735916,0.007551466883075081,Low,Sure Thing
3763-GCZHZ,66,104.05,One year,Fiber optic,1,4,12,0.0425420587534881,0.7171195081580946,High,Persuadable
6484-LATFU,68,24.55,Two year,No,0,0,24,0.3200147580072676,0.15426585164505066,Low,Sure Thing
7599-NTMDP,62,48.7,Two year,DSL,0,4,24,-0.0711089683939436,0.5773052520052763,Medium,Lost Cause
0772-GYEQQ,3,88.35,Month-to-month,Fiber optic,1,3,1,0.2829416461458359,0.7580000171324853,High,Persuadable
0536-ACXIP,72,109.55,Two year,Fiber optic,0,5,24,0.1592009561901492,0.23287052316899684,Low,Sure Thing
0936-NQLJU,41,20.65,Two year,No,0,0,24,0.3248477833408759,0.5512681411674122,Medium,Persuadable
4831-EOBFE,29,94.65,Month-to-month,Fiber optic,1,3,1,-0.174327303056771,0.1143647470498542,Low,Sleeping Dog
1575-KRZZE,4,55.2,Month-to-month,DSL,0,2,1,-0.0489910386404601,0.16334199436973038,Low,Sleeping Dog
3251-YMVWZ,53,24.05,One year,No,0,0,12,0.3014756659550562,0.004615422104402575,Low,Sure Thing
4102-OQUPX,1,74.4,Month-to-month,Fiber optic,1,0,1,-1.0589780680955478,0.0007714673669810724,Low,Sleeping Dog
9170-GYZJC,41,79.9,Month-to-month,DSL,1,5,1,-0.1513664514337325,0.00850607135846532,Low,Sleeping Dog
4884-LEVMQ,39,20.45,Two year,No,0,0,24,0.3248477833408759,0.020447615023010273,Low,Sure Thing
8857-CUPFQ,63,19.25,Two year,No,0,0,24,0.2879774309652697,0.11393404554126567,Low,Sure Thing
7610-TVOPG,15,26.35,Month-to-month,No,0,0,1,0.4039964911049346,0.06911134416530175,Low,Sure Thing
3638-DIMPH,13,43.8,One year,DSL,0,0,12,-0.0345425827884107,0.0075226641376645925,Low,Sleeping Dog
1845-ZLLIG,1,50.15,Month-to-month,DSL,0,1,1,0.0003955187389117,0.790254882667835,High,Persuadable
8559-WNQZS,1,20.45,Two year,No,0,0,24,0.2921349411193263,0.052303425512050424,Low,Sure Thing
3999-QGRJH,8,69.7,Month-to-month,Fiber optic,1,0,1,-0.1435298108351631,0.1706262650885608,Low,Sleeping Dog
1699-UOTXU,60,61.4,Two year,DSL,0,3,24,-0.0297304680122547,0.26478887982000376,Low,Sleeping Dog
2454-RPBRZ,12,98.1,Month-to-month,Fiber optic,1,3,1,-0.0886566374004657,0.5564338810257006,Medium,Lost Cause
0635-WKOLD,40,70.75,One year,DSL,0,3,12,-0.1231577745125081,0.0016036962138760659,Low,Sleeping Dog
5993-JSUWV,66,61.15,Two year,DSL,0,3,24,-0.0297304680122547,0.0019492021433012265,Low,Sleeping Dog
4518-FZBSX,42,20.25,One year,No,0,0,12,0.3107736621735916,0.6844960749163036,High,Persuadable
5387-ASZNZ,66,63.85,One year,DSL,0,3,12,-0.0025965344367896,0.04122287078311746,Low,Sleeping Dog
6988-CJEYV,49,98.7,Month-to-month,Fiber optic,0,3,1,-0.1438067950500712,0.004262280564346423,Low,Sleeping Dog
2002-MZHWP,1,20.5,Month-to-month,No,1,0,1,0.2921349411193263,0.009891329087809894,Low,Sure Thing
3097-FQTVJ,41,20.0,Two year,No,0,0,24,0.3107736621735916,0.003568093615487305,Low,Sure Thing
5465-BUBFA,41,19.3,Two year,No,0,0,24,0.3107736621735916,0.295236838556501,Low,Sure Thing
7299-GNVPL,23,84.4,Month-to-month,Fiber optic,0,3,1,-0.159405888983566,0.014631120267155013,Low,Sleeping Dog
9743-DQKQW,3,25.1,Month-to-month,DSL,0,0,1,0.2934797071108728,0.003455000695346804,Low,Sure Thing
1215-VFYVK,4,48.25,Month-to-month,DSL,0,4,1,-0.0847859362721762,0.20020083892777166,Low,Sleeping Dog
9371-BITHB,52,19.85,Two year,No,0,0,24,0.2874015447877719,0.006444983252719569,Low,Sure Thing
2265-CYWIV,4,99.6,Month-to-month,Fiber optic,1,3,1,0.0123679071811429,0.3639208472268772,Medium,Persuadable
9093-FPDLG,11,94.2,Month-to-month,Fiber optic,0,4,1,-0.1515204177922389,0.48663683347358133,Medium,Lost Cause
0541-FITGH,2,62.15,Month-to-month,DSL,0,2,1,0.0130287779335258,0.006086778933637907,Low,Sure Thing
6985-HAYWX,26,79.3,Month-to-month,Fiber optic,0,1,1,-0.2007841712984188,0.07245088648656954,Low,Sleeping Dog
7508-KBIMB,24,56.25,One year,DSL,0,2,12,-0.0879764350798162,0.09382457036469478,Low,Sleeping Dog
6838-HVLXG,12,20.3,Month-to-month,No,0,0,1,0.2971134563466525,0.04193483425998814,Low,Sure Thing
2277-DJJDL,60,99.0,Month-to-month,Fiber optic,0,3,1,-0.1015390121311961,0.07956774689160798,Low,Sleeping Dog
1897-OKVMW,64,90.6,Two year,DSL,0,6,24,-0.1328892896999479,0.9074357226754907,High,Lost Cause
5485-ITNPC,66,85.9,Two year,DSL,0,6,24,-0.1349810883905759,0.5348276315706378,Medium,Lost Cause
0233-FTHAV,60,79.2,One year,Fiber optic,0,1,12,-0.143724261841796,0.06392675160285222,Low,Sleeping Dog
4644-PIZRT,17,70.35,One year,DSL,0,3,12,-0.1577902184957547,0.6413313364780023,High,Lost Cause
8922-NPKBJ,42,19.35,Two year,No,0,0,24,0.3107736621735916,0.149734833205988,Low,Sure Thing
2740-TVLFN,1,50.15,Month-to-month,DSL,0,0,1,0.0003955187389117,0.6922468848434883,High,Persuadable
7771-CFQRQ,47,63.8,Two year,DSL,0,3,24,-0.0187313713028554,0.005302280627925443,Low,Sleeping Dog
9512-PHSMG,10,20.55,Month-to-month,No,0,0,1,0.2995482244176907,0.6592423302952947,High,Persuadable
6963-EZQEE,70,88.55,Two year,DSL,0,6,24,-0.0769937985073515,0.6013481095854307,High,Lost Cause
2452-KDRRH,67,101.4,Month-to-month,Fiber optic,0,3,1,-0.1420772648941968,0.6310117512894979,High,Lost Cause
2004-OCQXK,1,81.95,Month-to-month,Fiber optic,1,1,1,-0.332014788873508,0.04617583601890304,Low,Sleeping Dog
5027-QPKTE,7,69.35,Month-to-month,Fiber optic,1,0,1,-0.1435298108351631,0.06297451340034414,Low,Sleeping Dog
4146-SVFUD,1,44.6,Month-to-month,DSL,0,0,1,-0.1340528840520785,0.5868337076531674,Medium,Lost Cause
1564-HJUVY,4,63.75,Month-to-month,DSL,0,3,1,-0.0578605334613123,0.0025152158588599496,Low,Sleeping Dog
3617-XLSGQ,66,109.25,Two year,Fiber optic,0,5,24,0.0377385481177483,0.024977712354985197,Low,Sure Thing
7517-LDMPS,12,84.6,Month-to-month,Fiber optic,0,2,1,-0.0909733451557391,0.6314937788691477,High,Lost Cause
7244-KXYZN,24,20.45,One year,No,0,0,12,0.279898065150494,0.7059999345957367,High,Persuadable
5226-NOZFC,26,85.75,Month-to-month,Fiber optic,0,2,1,-0.1764191017473991,0.8240463729378561,High,Lost Cause
2672-HUYVI,6,91.1,Month-to-month,Fiber optic,1,2,1,-0.1947171429797015,0.30552803784257415,Medium,Lost Cause
1400-WIVLL,57,107.95,Two year,Fiber optic,0,4,24,-0.8742588289301151,0.011786022987271364,Low,Sleeping Dog
7508-MYBOG,14,86.1,Month-to-month,Fiber optic,1,1,1,-0.1482423371795192,0.09410664865761781,Low,Sleeping Dog
8148-NLEGT,42,22.95,Two year,No,0,0,24,0.3248477833408759,0.007790234283965104,Low,Sure Thing
0148-DCDOS,25,94.7,Month-to-month,Fiber optic,1,2,1,-0.174327303056771,0.0026880743054756386,Low,Sleeping Dog
8347-GDTMP,64,19.45,Two year,No,0,0,24,0.2879774309652697,0.03803301722169053,Low,Sure Thing
9992-RRAMN,22,85.1,Month-to-month,Fiber optic,1,1,1,-0.159405888983566,0.21495161286490486,Low,Sleeping Dog
6746-WAUWT,19,19.7,One year,No,0,0,12,0.2940007085510896,0.562480755799024,Medium,Persuadable
0310-MVLET,61,99.15,Month-to-month,Fiber optic,1,3,1,-0.1318741366415435,0.4940478568190793,Medium,Lost Cause
0428-IKYCP,22,87.0,Month-to-month,Fiber optic,0,2,1,-0.1516818285706446,0.009544542171632354,Low,Sleeping Dog
4550-VBOFE,70,102.95,Month-to-month,Fiber optic,1,4,1,-0.3011119839342406,0.0467042922701601,Low,Sleeping Dog
2187-PKZAY,12,79.95,Month-to-month,Fiber optic,0,1,1,-0.1140641645453221,0.006522989163382058,Low,Sleeping Dog
4003-OCTMP,31,64.0,One year,DSL,0,3,12,0.0298364226463904,0.011035147681419789,Low,Sure Thing
6652-YFFJO,11,64.9,Month-to-month,DSL,0,2,1,-0.0517920161544944,0.14924901428372464,Low,Sleeping Dog
7225-IILWY,68,25.75,Two year,No,0,0,24,0.3200147580072676,0.15417904796060367,Low,Sure Thing
5248-RPYWW,72,90.15,Two year,DSL,0,6,24,-0.0769937985073515,0.00540157270818904,Low,Sleeping Dog
7923-IYJWY,67,116.1,Two year,Fiber optic,0,6,24,-0.4382635489374233,0.004347605822720344,Low,Sleeping Dog
3170-GWYKC,60,104.95,Month-to-month,Fiber optic,0,5,1,-0.1083259421588591,0.7127064017804975,High,Lost Cause
5696-QURRL,1,45.05,Month-to-month,DSL,1,0,1,-0.1340528840520785,0.009269869620601156,Low,Sleeping Dog
7409-KIUTL,1,71.0,Month-to-month,Fiber optic,1,0,1,-0.5765863015622662,0.5869319688246052,Medium,Lost Cause
9830-ECLEN,58,50.0,One year,DSL,0,4,12,-0.0479449107776408,0.019474657219691115,Low,Sleeping Dog
1732-VHUBQ,47,70.55,Month-to-month,Fiber optic,1,0,1,-0.1662522225309967,0.5623557178169939,Medium,Lost Cause
0495-RVCBF,1,79.7,Month-to-month,Fiber optic,1,1,1,-0.332014788873508,0.06586339410427157,Low,Sleeping Dog
2668-TZSPS,1,20.45,Month-to-month,No,0,0,1,0.2921349411193263,0.07920736477632026,Low,Sure Thing
7854-EDSSA,22,59.0,Month-to-month,DSL,1,2,1,-0.0355468546682681,0.039584083143893965,Low,Sleeping Dog
8869-TORSS,48,60.35,One year,DSL,1,3,12,-0.0029273398403703,0.08117171190547724,Low,Sleeping Dog
7446-SFAOA,37,19.85,One year,No,0,0,12,0.3107736621735916,0.007129494726479855,Low,Sure Thing
9522-ZSINC,13,19.95,One year,No,0,0,12,0.2940007085510896,0.045085210923433594,Low,Sure Thing
8234-GSZYK,43,26.45,Two year,No,0,0,24,0.4207694447274365,0.08533269012345135,Low,Sure Thing
6505-OZNPG,6,63.4,Two year,DSL,0,6,24,-0.0517920161544944,0.6498008600668612,High,Lost Cause
6164-HAQTX,71,53.95,Two year,DSL,0,5,24,-0.0039716109486135,0.04243761436462293,Low,Sleeping Dog
0679-IDSTG,1,69.25,Month-to-month,Fiber optic,1,0,1,-0.4028498447391783,0.304325622308834,Medium,Lost Cause
7765-LWVVH,72,95.1,Two year,Fiber optic,0,3,24,-0.012584624518462,0.7135764970398982,High,Lost Cause
1658-TJVOA,6,74.1,Month-to-month,Fiber optic,0,1,1,-0.1671772003301839,0.006646872397077668,Low,Sleeping Dog
0953-LGOVU,12,35.5,Month-to-month,DSL,0,2,1,-0.1087287098218674,0.05772520515768664,Low,Sleeping Dog
2115-BFTIW,25,70.95,Month-to-month,Fiber optic,1,0,1,-0.1681074927028898,0.5706949909705575,Medium,Lost Cause
4692-NNQRU,21,79.2,One year,Fiber optic,0,2,12,-0.1760468981216644,0.011188514178177358,Low,Sleeping Dog
7742-MYPGI,6,48.8,Month-to-month,DSL,0,1,1,-0.0787174189653582,0.0982540273050981,Low,Sleeping Dog
0611-DFXKO,20,89.0,Month-to-month,Fiber optic,1,2,1,-0.1495900298800166,0.03696925664912,Low,Sleeping Dog
7780-OTDSO,18,99.4,Month-to-month,Fiber optic,1,3,1,-0.1451353854304868,0.5732912425183203,Medium,Lost Cause
9619-GSATL,43,55.45,One year,DSL,0,2,12,-0.0207796884077924,0.13843495712421225,Low,Sleeping Dog
5622-UEJFI,35,25.4,Two year,No,0,0,24,0.3248477833408759,0.06138396560355545,Low,Sure Thing
9747-DDZOS,1,73.5,Month-to-month,Fiber optic,1,1,1,-0.9278426556689646,0.008591083462808444,Low,Sleeping Dog
0674-DGMAQ,32,93.5,Month-to-month,Fiber optic,0,3,1,-0.1724720328848779,0.0007992245264982928,Low,Sleeping Dog
6203-HBZPA,52,63.9,Two year,DSL,0,6,24,-0.0338416398347883,0.1580960938507076,Low,Sleeping Dog
0484-FFVBJ,32,64.85,One year,DSL,0,2,12,-0.0187313713028554,0.049872244725015134,Low,Sleeping Dog
0301-FIDRB,72,63.8,Two year,DSL,0,6,24,-0.0019232938436765,0.20109529800186476,Low,Sleeping Dog
4139-JPIAM,51,44.45,Month-to-month,DSL,0,3,1,-0.0716848545714414,0.04520909369722229,Low,Sleeping Dog
2181-TIDSV,68,19.95,Two year,No,0,0,24,0.3059406368399833,0.18227435891549384,Low,Sure Thing
2761-XECQW,8,43.35,Month-to-month,DSL,0,3,1,0.2153517260380559,0.5142968146774188,Medium,Persuadable
1936-CZAKF,49,49.65,Two year,DSL,0,3,24,-0.0479449107776408,0.8749447051486284,High,Lost Cause
9453-PATOS,72,85.1,Two year,DSL,0,6,24,-0.0787568857699125,0.007847427885960247,Low,Sleeping Dog
0564-JJHGS,9,95.5,Month-to-month,Fiber optic,1,2,1,-0.2022162943279775,0.022604051084120436,Low,Sleeping Dog
3348-CFRNX,28,92.35,Month-to-month,Fiber optic,1,3,1,-0.174327303056771,0.08759890763560825,Low,Sleeping Dog
4402-FTBXC,54,89.8,Month-to-month,Fiber optic,0,3,1,-0.1444878533983221,0.6055478992054549,High,Lost Cause
1428-GTBJJ,11,74.55,Month-to-month,Fiber optic,1,1,1,-0.1219427041794293,0.16526118714403104,Low,Sleeping Dog
2931-XIQBR,50,103.05,One year,Fiber optic,0,4,12,-0.2235060519926404,0.4315588880996917,Medium,Lost Cause
0106-UGRDO,69,116.0,Two year,Fiber optic,0,6,24,-0.2389415814402401,0.5292913263504605,Medium,Lost Cause
5542-TBBWB,1,69.9,Month-to-month,Fiber optic,0,0,1,-0.4028498447391783,0.04877769704938201,Low,Sleeping Dog
1930-QPBVZ,68,95.1,Two year,Fiber optic,0,4,24,-0.012584624518462,0.014551027052031198,Low,Sleeping Dog
2606-PKWJB,40,40.25,One year,DSL,0,3,12,-0.0982252299922637,0.6767326054706747,High,Lost Cause
5322-ZSMZY,31,25.75,Two year,No,0,0,24,0.3734155772901217,0.06998971409783682,Low,Sure Thing
8059-UDZFY,33,105.35,Month-to-month,Fiber optic,0,4,1,-0.1479086853437892,0.6539290901838207,High,Lost Cause
7740-BTPUX,55,113.6,Two year,Fiber optic,0,5,24,-0.4804830349964324,0.012834432812142449,Low,Sleeping Dog
5220-AGAAX,68,24.0,Two year,No,0,0,24,0.3200147580072676,0.7276521243722516,High,Persuadable
0208-BPQEJ,12,19.4,Month-to-month,No,0,0,1,0.2971134563466525,0.09630265979519219,Low,Sure Thing
9435-JMLSX,71,86.1,Two year,DSL,0,6,24,-0.0710328253569911,0.11525494638818012,Low,Sleeping Dog
3352-ALMCK,40,102.65,Month-to-month,Fiber optic,0,4,1,0.0780384411840555,0.7749889302633571,High,Persuadable
5312-IRCFR,64,92.85,One year,Fiber optic,0,3,12,-0.1328892896999479,0.9523990495505265,High,Lost Cause
5294-IMHHT,53,97.75,One year,Fiber optic,0,3,12,-0.1519870047465982,0.04537686216553649,Low,Sleeping Dog
8802-UNOJF,12,83.8,Month-to-month,Fiber optic,1,3,1,0.8728907700174515,0.027454925529638224,Low,Sure Thing
6313-GIDIT,53,54.45,Month-to-month,DSL,1,4,1,-0.0638741364262811,0.054116433599060564,Low,Sleeping Dog
6176-YJWAS,72,97.95,Two year,Fiber optic,0,4,24,-0.0764401780146391,0.8778309090563262,High,Lost Cause
5310-NOOVA,46,19.95,Two year,No,0,0,24,0.3107736621735916,0.053198879531593246,Low,Sure Thing
4526-EXKKN,40,24.6,Two year,No,0,0,24,0.3248477833408759,0.004471912964753432,Low,Sure Thing
5311-IHLEI,12,50.95,Month-to-month,DSL,0,4,1,-0.031283168237396,0.2314154707304494,Low,Sleeping Dog
3987-KQDDU,9,75.6,Month-to-month,Fiber optic,0,1,1,-0.188895097959676,0.48667498683193094,Medium,Lost Cause
3404-JNXAX,51,80.75,Month-to-month,Fiber optic,0,1,1,-0.1664767199656654,0.002029467338059716,Low,Sleeping Dog
5131-PONJI,49,90.4,Month-to-month,Fiber optic,0,3,1,-0.1444878533983221,0.13567366171419434,Low,Sleeping Dog
2845-AFFTX,41,99.8,Month-to-month,Fiber optic,1,3,1,-0.1714568798264736,0.06887144069587588,Low,Sleeping Dog
3489-VSFRD,56,60.25,One year,DSL,0,3,12,-0.0303063541897525,0.9474037586195125,High,Lost Cause
3345-JHUEO,4,20.2,Month-to-month,No,0,0,1,0.2794055859435885,0.004922621701434681,Low,Sure Thing
5815-HGGHV,20,64.15,One year,DSL,0,3,12,-0.0389438163164828,0.01682678009304836,Low,Sleeping Dog
5260-UMPWX,26,20.25,Month-to-month,No,0,0,1,0.2658239439832097,0.4063120309644151,Medium,Persuadable
2249-YPRNG,20,105.85,Month-to-month,Fiber optic,1,4,1,-0.266650351116196,0.2897259327834803,Low,Sleeping Dog
7410-YTJIK,7,75.45,Month-to-month,Fiber optic,1,0,1,-0.188895097959676,0.7668573477840338,High,Lost Cause
4626-GYCZP,7,93.85,Month-to-month,Fiber optic,1,2,1,-0.1947171429797015,0.7508020182631098,High,Lost Cause
5649-RXQTV,51,99.0,Month-to-month,Fiber optic,0,4,1,-0.1438067950500712,0.20005340911094208,Low,Sleeping Dog
2674-MIAHT,4,80.3,Month-to-month,Fiber optic,0,1,1,-0.1400916380007072,0.13728133312005802,Low,Sleeping Dog
2576-HXMPA,1,19.55,Month-to-month,No,0,0,1,0.278060819952042,0.0013694755700880065,Low,Sure Thing
7587-AOVVU,27,100.75,Month-to-month,Fiber optic,0,4,1,-0.1966215223983509,0.20704545471801403,Low,Sleeping Dog
5590-BYNII,22,100.75,Month-to-month,Fiber optic,1,3,1,-0.1718842492215964,0.10165358577057675,Low,Sleeping Dog
6898-MDLZW,12,53.75,Month-to-month,DSL,0,2,1,-0.031283168237396,0.5143154471273829,Medium,Lost Cause
3237-AJGEH,3,31.0,Month-to-month,DSL,1,1,1,0.3775261157444111,0.17022190864511236,Low,Sure Thing
4707-YNOQA,34,25.6,One year,No,0,0,12,0.3248477833408759,0.08209923470382881,Low,Sure Thing
9357-UJRUN,24,58.35,One year,DSL,0,2,12,-0.0602841278450226,0.05396248312690991,Low,Sleeping Dog
1591-NFNLQ,51,80.0,Month-to-month,Fiber optic,1,1,1,-0.1664767199656654,0.5149246852220404,Medium,Lost Cause
8648-PFRMP,14,46.35,Month-to-month,DSL,0,2,1,-0.0733475396620104,0.25711314753772335,Low,Sleeping Dog
7663-CUXZB,59,113.75,Two year,Fiber optic,0,6,24,-2.04468403653764,0.03871754880423078,Low,Sleeping Dog
0258-NOKBL,3,90.4,Month-to-month,Fiber optic,0,3,1,0.0239380469780943,0.005139517310634598,Low,Sure Thing
1163-VIPRI,65,109.3,Two year,Fiber optic,0,5,24,0.0377385481177483,0.0017996273786105655,Low,Sure Thing
2815-CPTUL,5,70.25,Month-to-month,Fiber optic,1,0,1,-0.2167950170345349,0.039748627173263655,Low,Sleeping Dog
9348-ROUAI,59,90.3,Two year,DSL,0,6,24,-0.1444878533983221,0.9693229945032428,High,Lost Cause
9443-JUBUO,72,65.25,Two year,DSL,0,6,24,-0.0019232938436765,0.13696175984971903,Low,Sleeping Dog
0596-BQCEQ,62,100.15,Month-to-month,Fiber optic,1,4,1,-0.1318741366415435,0.21699834077533806,Low,Sleeping Dog
1481-ZUWZA,28,94.5,Month-to-month,Fiber optic,1,3,1,-0.174327303056771,0.5428839022876804,Medium,Lost Cause
3043-TYBNO,3,60.65,Month-to-month,DSL,0,2,1,0.0130287779335258,0.0047987713729928634,Low,Sure Thing
4830-FAXFM,19,24.1,Month-to-month,No,0,0,1,0.3080748297183739,0.010371218909581136,Low,Sure Thing
5906-BFOZT,1,19.5,Month-to-month,No,0,0,1,0.278060819952042,0.811550303532406,High,Persuadable
2960-NKRSO,24,85.95,Month-to-month,Fiber optic,0,3,1,-0.1764191017473991,0.3692190809491964,Medium,Lost Cause
8996-ZROXE,57,53.5,One year,DSL,0,2,12,-0.0638741364262811,0.0027998263163342987,Low,Sleeping Dog
5598-IKHQQ,72,25.45,Two year,No,0,0,24,0.3087056166015536,0.3911158624641504,Medium,Persuadable
0397-ZXWQF,67,20.5,Two year,No,0,0,24,0.3020515521325539,0.47891992071503137,Medium,Persuadable
5266-PFRQK,52,20.85,One year,No,0,0,12,0.3014756659550562,0.06751524195909618,Low,Sure Thing
4674-HGNUA,71,89.9,Two year,DSL,0,6,24,-0.068941026666363,0.016995815812388283,Low,Sleeping Dog
6765-MBQNU,26,26.0,One year,No,0,0,12,0.279898065150494,0.012572613936403658,Low,Sure Thing
9786-IJYDL,35,113.2,Two year,Fiber optic,0,6,24,-3.284673056062553,0.8395668443379067,High,Lost Cause
1303-SRDOK,55,69.05,Two year,Fiber optic,0,0,24,-0.1099575384156574,0.0164245968725374,Low,Sleeping Dog
3769-MHZNV,33,20.1,Two year,No,0,0,24,0.3107736621735916,0.46556119027213083,Medium,Persuadable
6295-OSINB,72,109.65,Two year,Fiber optic,0,5,24,0.1592009561901492,0.010715149116403795,Low,Sure Thing
3308-MHOOC,1,19.2,Month-to-month,No,0,0,1,0.2947389798899313,0.2676934693398471,Low,Sure Thing
2309-OSFEU,10,33.9,Month-to-month,DSL,1,1,1,-0.1203680629181135,0.09401040896130981,Low,Sleeping Dog
2207-QPJED,37,90.0,Month-to-month,Fiber optic,0,3,1,-0.1724720328848779,0.48582018620525663,Medium,Lost Cause
4177-JPDFU,12,34.0,Month-to-month,DSL,0,2,1,-0.1087287098218674,0.016198462849489528,Low,Sleeping Dog
2239-CFOUJ,1,20.4,One year,No,0,0,12,0.2921349411193263,0.3941904601444622,Medium,Persuadable
8046-DNVTL,62,38.6,Two year,DSL,0,3,24,-0.1127596123466988,0.008342939477933591,Low,Sleeping Dog
2209-XADXF,1,25.25,Month-to-month,DSL,0,0,1,0.2921349411193263,0.5432991543344209,Medium,Persuadable
6620-JDYNW,18,60.6,Month-to-month,DSL,0,2,1,-0.0045900249309394,0.03738925003630348,Low,Sleeping Dog
1891-FZYSA,69,89.95,Month-to-month,Fiber optic,1,2,1,-0.0769937985073515,0.4111014793280388,Medium,Lost Cause
4770-UEZOX,2,74.75,Month-to-month,Fiber optic,0,1,1,-0.0287629992868477,0.16998075751705435,Low,Sleeping Dog
1038-RQOST,19,20.6,Month-to-month,No,0,0,1,0.3080748297183739,0.16009482340177758,Low,Sure Thing
7613-LLQFO,12,84.45,Month-to-month,Fiber optic,1,1,1,-0.0909733451557391,0.039161869120938775,Low,Sleeping Dog
4568-TTZRT,9,20.4,Month-to-month,No,0,0,1,0.2995482244176907,0.7016722326986237,High,Persuadable
9513-DXHDA,27,81.7,One year,DSL,0,5,12,-0.1963161696241143,0.020442147979964177,Low,Sleeping Dog
2640-PMGFL,27,79.5,Month-to-month,Fiber optic,1,1,1,-0.1963161696241143,0.005149928839841749,Low,Sleeping Dog
3801-HMYNL,1,89.15,Month-to-month,Fiber optic,1,2,1,-0.2228773026061093,0.8092678340552184,High,Lost Cause
0516-QREYC,24,20.3,Month-to-month,No,0,0,1,0.2658239439832097,0.06634532907419412,Low,Sure Thing
9685-WKZGT,14,74.95,Month-to-month,Fiber optic,1,0,1,-0.1835252186563282,0.10827618992755443,Low,Sleeping Dog
6022-UGGSO,32,74.4,Month-to-month,Fiber optic,1,1,1,-0.1772110034970337,0.013899332692969182,Low,Sleeping Dog
8084-OIVBS,11,20.0,One year,No,0,0,12,0.2854741032504064,0.5583644441441754,Medium,Persuadable
8896-BQTTI,1,25.0,Month-to-month,No,0,0,1,0.2921349411193263,0.7156161257040387,High,Persuadable
3865-QBWSJ,38,80.45,Month-to-month,Fiber optic,0,1,1,-0.1944608994522212,0.010121865175416236,Low,Sleeping Dog
3352-RICWQ,9,19.75,Two year,No,0,0,24,0.2854741032504064,0.0270180998069126,Low,Sure Thing
2160-GPFXD,54,65.65,Two year,DSL,0,3,24,-0.0338416398347883,0.04763323784665638,Low,Sleeping Dog
2065-MMKGR,29,71.0,One year,DSL,0,2,12,-0.1681074927028898,0.7339714842631038,High,Lost Cause
5857-TYBCJ,44,89.2,Month-to-month,Fiber optic,0,2,1,-0.1724720328848779,0.080282302582943,Low,Sleeping Dog
1498-NHTLT,59,86.75,Two year,DSL,0,6,24,-0.1465796520889501,0.24353745213621755,Low,Sleeping Dog
4484-CGXFK,3,55.3,Month-to-month,DSL,1,1,1,-0.0489910386404601,0.9128591584976169,High,Lost Cause
1402-PTHGN,18,61.5,One year,DSL,0,3,12,-0.0045900249309394,0.08652169475345768,Low,Sleeping Dog
4176-RELJR,67,25.1,Two year,No,0,0,24,0.3151577962798849,0.09153789202579449,Low,Sure Thing
6214-EDAKZ,22,55.15,Month-to-month,DSL,1,2,1,-0.0409921334214198,0.3167854929405843,Medium,Lost Cause
5199-FPUSP,33,34.05,One year,DSL,0,2,12,-0.0982252299922637,0.07311166738440972,Low,Sleeping Dog
6377-KSLXC,5,19.95,Month-to-month,No,0,0,1,0.2794055859435885,0.007443710753821722,Low,Sure Thing
1796-JANOW,2,19.95,Month-to-month,No,0,0,1,0.2794055859435885,0.4103722592692023,Medium,Persuadable
0238-WHBIQ,72,89.7,Two year,DSL,0,6,24,-0.068941026666363,0.005425153536066746,Low,Sleeping Dog
8735-NBLWT,9,20.4,Month-to-month,No,0,0,1,0.2995482244176907,0.3191977211843797,Medium,Persuadable
6651-RLGGM,67,26.3,Two year,No,0,0,24,0.3979732135191146,0.014860018558125779,Low,Sure Thing
6127-ISGTU,16,84.95,Month-to-month,Fiber optic,1,1,1,-0.1559663975924406,0.5476489191922025,Medium,Lost Cause
1614-JBEBI,8,20.7,Month-to-month,No,0,0,1,0.2995482244176907,0.03300561876105277,Low,Sure Thing
8740-XLHDR,5,43.25,Month-to-month,DSL,1,4,1,0.2092832087312379,0.0074807895128573354,Low,Sure Thing
1208-DNHLN,23,48.35,One year,DSL,1,0,12,-0.0767870310531359,0.696488012417099,High,Lost Cause
1761-AEZZR,1,79.55,Month-to-month,Fiber optic,1,1,1,-0.332014788873508,0.7231163693322418,High,Lost Cause
3923-CSIHK,50,71.05,Month-to-month,Fiber optic,1,0,1,-0.1662522225309967,0.030310878158221158,Low,Sleeping Dog
5696-EXCYS,17,19.45,Two year,No,0,0,24,0.2940007085510896,0.8852212939221641,High,Persuadable
5795-KTGUD,68,110.8,Two year,Fiber optic,0,5,24,0.1527709701109826,0.049994897589480176,Low,Sure Thing
7120-RFMVS,1,84.5,Month-to-month,Fiber optic,1,1,1,-0.2826046176096241,0.34094506889907805,Medium,Lost Cause
7924-GJZFI,25,69.3,Month-to-month,Fiber optic,0,0,1,-0.155418884173906,0.040975089961556244,Low,Sleeping Dog
4702-HDRKD,67,49.35,One year,DSL,0,4,12,-0.047369024600143,0.6698245003498333,High,Lost Cause
8512-WIWYV,32,20.35,One year,No,0,0,12,0.3248477833408759,0.033911872461986285,Low,Sure Thing
5897-ZYEKH,67,105.6,One year,Fiber optic,0,4,12,-0.0952196980115282,0.32971022439145287,Medium,Lost Cause
5456-ITGIC,72,64.45,Two year,DSL,0,6,24,-0.0099760656846649,0.09113992592770949,Low,Sleeping Dog
7317-GGVPB,71,108.6,Two year,Fiber optic,1,5,24,0.1592009561901492,0.44951739459392187,Medium,Persuadable
1406-PUQVY,1,49.9,Month-to-month,DSL,0,1,1,0.0003955187389117,0.0839543170036519,Low,Sure Thing
1322-AGOQM,46,30.3,Month-to-month,DSL,1,1,1,-0.2398337199238567,0.0078850524810744,Low,Sleeping Dog
3677-IYRBF,2,30.4,Month-to-month,DSL,1,1,1,-0.2680450701565244,0.03953305893167637,Low,Sleeping Dog
5692-FPTAH,1,45.4,Month-to-month,DSL,1,0,1,-0.1340528840520785,0.11086375909643688,Low,Sleeping Dog
9114-AAFQH,48,65.65,One year,DSL,0,3,12,-0.0338416398347883,0.7848714943252433,High,Lost Cause
8715-KKTFG,61,103.3,One year,Fiber optic,0,4,12,-0.2119074882942662,0.4173874108943143,Medium,Lost Cause
1550-LOAHA,32,84.15,Month-to-month,Fiber optic,1,2,1,-0.1391934439699387,0.9463996320416003,High,Lost Cause
1728-BQDMA,2,44.45,Month-to-month,DSL,0,0,1,-0.0847859362721762,0.018344744276685084,Low,Sleeping Dog
0268-QKIWO,3,19.75,Month-to-month,No,1,0,1,0.2794055859435885,0.19428220142984712,Low,Sure Thing
0876-WDUUZ,5,85.4,Month-to-month,Fiber optic,1,2,1,0.0238256376179386,0.049819772956276966,Low,Sure Thing
5117-ZSMHQ,71,89.9,Two year,DSL,0,6,24,-0.068941026666363,0.048728368914648705,Low,Sleeping Dog
5151-HQRDG,37,55.05,Month-to-month,DSL,0,1,1,-0.0207796884077924,0.5631392584473786,Medium,Lost Cause
0960-HUWBM,65,104.1,Two year,Fiber optic,0,4,24,-0.1248481875054783,0.18159896951601373,Low,Sleeping Dog
6465-GSRCL,67,106.6,One year,Fiber optic,0,4,12,-0.026058809118001,0.22498362391046278,Low,Sleeping Dog
0617-FHSGK,49,75.2,Month-to-month,Fiber optic,1,0,1,-0.1709447216399699,0.7403567831907557,High,Lost Cause
0263-FJTQO,50,70.5,Two year,DSL,0,3,24,-0.1382680430444409,0.12039459803127556,Low,Sleeping Dog
7319-ZNRTR,25,19.6,One year,No,0,0,12,0.2658239439832097,0.8934035070269227,High,Persuadable
2858-MOFSQ,17,55.85,One year,DSL,1,1,12,-0.0597996705119363,0.356720581902797,Medium,Lost Cause
7503-EPSZW,64,24.05,Two year,No,0,0,24,0.3020515521325539,0.11934877581726921,Low,Sure Thing
7089-XXAYG,25,38.1,One year,DSL,0,2,12,-0.1431749481826455,0.8514284062495289,High,Lost Cause
8118-LSUEL,23,106.4,Month-to-month,Fiber optic,1,4,1,-0.266650351116196,0.7745398517448469,High,Lost Cause
8070-AAWZP,24,34.25,Month-to-month,DSL,0,2,1,-0.1431749481826455,0.06968637409099525,Low,Sleeping Dog
1666-JXLKU,37,100.05,Month-to-month,Fiber optic,0,3,1,-0.1283624318079849,0.012875322437268466,Low,Sleeping Dog
7855-DIWPO,21,68.65,Month-to-month,Fiber optic,0,0,1,-0.1306816109971515,0.00712192983400707,Low,Sleeping Dog
5133-POWUA,1,45.8,Month-to-month,DSL,0,0,1,-0.1340528840520785,0.02188340329399192,Low,Sleeping Dog
5652-MSDEY,10,75.75,Month-to-month,Fiber optic,0,0,1,-0.188895097959676,0.1129599584716322,Low,Sleeping Dog
7005-CCBKV,6,84.4,Month-to-month,Fiber optic,1,2,1,-0.1613362768957884,0.004550699707224942,Low,Sleeping Dog
1810-BOHSY,51,96.4,One year,Fiber optic,0,3,12,-0.1519870047465982,0.040541926530810055,Low,Sleeping Dog
1784-BXEFA,10,20.55,Month-to-month,No,0,0,1,0.2995482244176907,0.39326666849705805,Medium,Persuadable
7351-MHQVU,6,50.95,Month-to-month,DSL,0,4,1,-0.0429225213336422,0.5825681832019532,Medium,Lost Cause
9224-VTYID,47,90.5,Two year,DSL,0,6,24,-0.1293775848663892,0.005923377223399873,Low,Sleeping Dog
9500-IWPXQ,61,79.4,One year,DSL,0,5,12,-0.1392562601674915,0.014088325536817464,Low,Sleeping Dog
5762-TJXGK,52,58.75,Two year,DSL,0,5,24,-0.0304446781865736,0.8699661318667408,High,Lost Cause
4504-YOULA,35,59.45,Month-to-month,DSL,0,2,1,-0.0153344096546407,0.025890944085912772,Low,Sleeping Dog
5569-IDSEY,71,105.7,One year,Fiber optic,0,4,12,-0.1541897750276502,0.0015554363360513648,Low,Sleeping Dog
4250-FDVOU,6,56.25,Month-to-month,DSL,1,2,1,-0.0651695498152842,0.04967496069469842,Low,Sleeping Dog
7284-ZZLOH,45,53.3,Two year,DSL,0,2,24,-0.0207796884077924,0.2780768100848088,Low,Sleeping Dog
5277-ZLOOR,2,85.55,Month-to-month,Fiber optic,1,1,1,0.1396222780061026,0.040076103516367596,Low,Sure Thing
2141-RRYGO,4,68.65,Month-to-month,DSL,1,3,1,-0.1495983281419811,0.019552892751218836,Low,Sleeping Dog
1777-JYQPJ,2,24.3,Month-to-month,DSL,0,0,1,0.2934797071108728,0.25406680559358596,Low,Sure Thing
6376-GAHQE,4,77.85,Month-to-month,Fiber optic,1,1,1,-0.1445596396750117,0.04590767303644327,Low,Sleeping Dog
3401-URHDA,51,59.9,One year,DSL,0,2,12,-0.0029273398403703,0.33133759680815894,Medium,Lost Cause
1599-EAHXY,60,23.95,One year,No,0,0,12,0.3020515521325539,0.0013847571103394983,Low,Sure Thing
8631-XVRZL,9,20.15,One year,No,0,0,12,0.2854741032504064,0.14212753652343343,Low,Sure Thing
5052-PNLOS,3,105.35,Month-to-month,Fiber optic,1,4,1,0.1385876237859469,0.05260661447261975,Low,Sure Thing
3853-LYGAM,17,95.65,Month-to-month,Fiber optic,0,3,1,-0.1536496898371672,0.1330322358746401,Low,Sleeping Dog
6979-ZNSFF,8,87.05,Month-to-month,Fiber optic,1,1,1,-0.1968089416703295,0.24766975868138327,Low,Sleeping Dog
5751-USDBL,46,81.0,Two year,DSL,0,5,24,-0.1513664514337325,0.31545352065749993,Medium,Lost Cause
5680-LQOGP,68,82.45,Two year,DSL,0,6,24,-0.0753079971339067,0.6522512277409976,High,Lost Cause
2386-LAHRK,1,53.5,Month-to-month,DSL,1,1,1,0.0599551303353236,0.005110325672477375,Low,Sure Thing
8189-DUKMV,4,20.5,One year,No,0,0,12,0.2934797071108728,0.03204426636954596,Low,Sure Thing
6032-IGALN,1,25.1,Month-to-month,DSL,1,0,1,0.2921349411193263,0.006856677407970388,Low,Sure Thing
9931-DCEZH,28,54.4,One year,DSL,0,2,12,-0.0657294065981742,0.689321241593206,High,Lost Cause
1898-JSNDC,39,58.6,One year,DSL,0,2,12,-0.0153344096546407,0.2026991688743731,Low,Sleeping Dog
0315-LVCRK,11,84.8,Month-to-month,Fiber optic,0,2,1,-0.1613362768957884,0.19404617931918003,Low,Sleeping Dog
3911-RSNHI,71,61.4,Two year,DSL,0,5,24,0.0016119918013591,0.0022446935613959075,Low,Sure Thing
2410-CIYFZ,2,20.4,Month-to-month,No,0,0,1,0.2934797071108728,0.020511532414139017,Low,Sure Thing
4248-HCETZ,30,79.65,Month-to-month,Fiber optic,1,2,1,-0.1963161696241143,0.004150683405790262,Low,Sleeping Dog
5505-OVWQW,17,20.15,One year,No,0,0,12,0.2940007085510896,0.5435697406690742,Medium,Persuadable
7271-AJDTL,55,94.45,Month-to-month,Fiber optic,0,3,1,-0.1444878533983221,0.004345800493861111,Low,Sleeping Dog
1867-TJHTS,58,79.8,Month-to-month,Fiber optic,0,1,1,-0.1508548238658658,0.38845547297739275,Medium,Lost Cause
0516-WJVXC,5,54.2,Month-to-month,DSL,1,2,1,-0.0489910386404601,0.0049616757624847485,Low,Sleeping Dog
9174-FKWZE,1,19.45,Month-to-month,No,1,0,1,0.278060819952042,0.003249762904641093,Low,Sure Thing
6860-YRJZP,9,74.05,Month-to-month,Fiber optic,0,0,1,-0.1671772003301839,0.00795184060936929,Low,Sleeping Dog
4429-WYGFR,26,49.15,Month-to-month,DSL,0,1,1,-0.0777843604360898,0.3967234991949849,Medium,Lost Cause
2817-LVCPP,50,19.4,Two year,No,0,0,24,0.2874015447877719,0.9304033809723924,High,Persuadable
5038-ETMLM,72,113.65,Two year,Fiber optic,0,6,24,-0.2892103849460567,0.7197229510827418,High,Lost Cause
5056-FIMPT,43,106.0,One year,Fiber optic,0,5,12,-0.1380979043388044,0.3886330267188011,Medium,Lost Cause
4521-WFJAI,56,25.95,Two year,No,0,0,24,0.3014756659550562,0.17682266511610215,Low,Sure Thing
6569-KTMDU,1,19.1,Month-to-month,No,0,0,1,0.2947389798899313,0.4991698184543658,Medium,Persuadable
8809-RIHDD,72,103.4,Two year,Fiber optic,1,4,24,-0.1479592252606814,0.2685091145889393,Low,Sleeping Dog
8809-XKHMD,72,100.55,Two year,Fiber optic,0,4,24,0.0933131160133102,0.4474624027397825,Medium,Persuadable
0396-YCHWO,36,95.4,Month-to-month,Fiber optic,0,2,1,-0.1368767362146653,0.0059353131076549685,Low,Sleeping Dog
0867-LDTTC,5,75.15,Month-to-month,DSL,0,4,1,-0.1445596396750117,0.7998431445283746,High,Lost Cause
4822-NGOCH,13,84.45,Month-to-month,Fiber optic,1,2,1,-0.1559663975924406,0.004076524975268072,Low,Sleeping Dog
9391-DXGGG,44,89.15,One year,Fiber optic,0,3,12,-0.1724720328848779,0.006862851630690611,Low,Sleeping Dog
9844-FELAJ,70,107.9,One year,Fiber optic,0,5,12,0.145152139488626,0.163119065173342,Low,Sure Thing
2122-SZZZD,44,19.5,One year,No,0,0,12,0.3107736621735916,0.005912957320752498,Low,Sure Thing
5307-DZCVC,32,85.95,Month-to-month,Fiber optic,1,1,1,-0.174563831575506,0.721941368314603,High,Lost Cause
3148-AOIQT,69,24.95,Two year,No,0,0,24,0.3200147580072676,0.6929483948664733,High,Persuadable
8679-JOEVF,16,59.4,Month-to-month,DSL,1,2,1,-0.0321073632771427,0.7159889932537805,High,Lost Cause
8395-ETZKQ,68,19.5,One year,No,0,0,12,0.2978878649989949,0.0011431399334709607,Low,Sure Thing
6692-YQHXC,16,69.95,Month-to-month,Fiber optic,0,0,1,-0.1381599315318153,0.0053766620168665714,Low,Sleeping Dog
3889-VWBID,68,82.85,Two year,DSL,0,5,24,-0.0753079971339067,0.01728077385634513,Low,Sleeping Dog
5222-JCXZT,4,19.0,Month-to-month,No,0,0,1,0.2960837458814777,0.9204378481699503,High,Persuadable
9754-CLVZW,26,38.85,Month-to-month,DSL,0,3,1,-0.1431749481826455,0.029939179820176746,Low,Sleeping Dog
1432-FPAXX,29,30.6,Month-to-month,DSL,1,1,1,-0.8484658086320221,0.9349418792043056,High,Lost Cause
2739-CCZMB,5,20.35,Month-to-month,No,0,0,1,0.2934797071108728,0.22136083828438916,Low,Sure Thing
7080-TNUWP,70,95.0,One year,Fiber optic,0,3,12,-0.068941026666363,0.001090971714725602,Low,Sleeping Dog
0496-AHOOK,24,74.4,One year,DSL,0,4,12,-0.1790662736689268,0.00569545650111307,Low,Sleeping Dog
8336-TAVKX,72,78.45,Two year,DSL,0,5,24,-0.0878287706491996,0.9560322722987609,High,Lost Cause
2468-SJFLM,1,74.3,Month-to-month,Fiber optic,0,1,1,-1.0589780680955478,0.8422305095358616,High,Lost Cause
3181-VTHOE,70,51.05,One year,DSL,0,4,12,-0.0039716109486135,0.42938999378662607,Medium,Lost Cause
7168-HDQHG,36,19.2,Month-to-month,No,0,0,1,0.3274518221114808,0.8573346716807011,High,Persuadable
4803-AXVYP,38,99.55,Month-to-month,Fiber optic,1,3,1,-0.1714568798264736,0.13940865617551942,Low,Sleeping Dog
3884-HCSWG,17,70.0,Month-to-month,Fiber optic,1,0,1,-0.1572531599385372,0.27287182709241303,Low,Sleeping Dog
4567-AKPIA,41,109.1,One year,Fiber optic,0,5,12,0.0368600064205827,0.2750554921853196,Low,Sure Thing
5077-DXTCG,1,45.3,Month-to-month,DSL,1,0,1,-0.1340528840520785,0.11087282342581102,Low,Sleeping Dog
1142-WACZW,2,29.85,Month-to-month,DSL,1,1,1,1.4428638018064863,0.005674975903873228,Low,Sure Thing
7901-HXJVA,14,76.45,Month-to-month,Fiber optic,0,1,1,-0.1835252186563282,0.06950109945666925,Low,Sleeping Dog
5649-ANRML,2,95.1,Month-to-month,Fiber optic,1,4,1,0.1411988908027563,0.6632207285673418,High,Persuadable
4892-VLANZ,1,19.8,Month-to-month,No,1,0,1,0.278060819952042,0.002882513932546829,Low,Sure Thing
5924-IFQTT,13,72.8,Month-to-month,DSL,0,4,1,-0.2190811330525258,0.9006328484202953,High,Lost Cause
7968-QUXNS,6,18.95,Month-to-month,No,0,0,1,0.3021522631882957,0.006288068226510356,Low,Sure Thing
2919-HBCJO,4,76.65,Month-to-month,Fiber optic,1,1,1,-0.1445596396750117,0.018826242483399466,Low,Sleeping Dog
4236-XPXAV,5,99.15,Month-to-month,Fiber optic,1,4,1,0.0123679071811429,0.006329774696713394,Low,Sure Thing
8903-WMRNW,15,101.75,Month-to-month,Fiber optic,0,4,1,-0.168444757830471,0.0491979104052519,Low,Sleeping Dog
2452-SNHFZ,47,75.45,Month-to-month,Fiber optic,0,1,1,-0.155834453108037,0.03633907901405217,Low,Sleeping Dog
3629-WEAAM,8,64.1,Month-to-month,DSL,0,3,1,-0.0517920161544944,0.06706646672141725,Low,Sleeping Dog
6029-CSMJE,17,25.65,Month-to-month,DSL,0,0,1,0.3080748297183739,0.009064234498110085,Low,Sure Thing
7993-NQLJE,15,75.1,Month-to-month,Fiber optic,0,1,1,-0.1835252186563282,0.07855968946633132,Low,Sleeping Dog
9909-DFRJA,26,95.85,One year,Fiber optic,0,4,12,-0.1818264544050471,0.7094953378350048,High,Lost Cause
9099-FTUHS,23,54.4,Month-to-month,DSL,0,1,1,-0.0409921334214198,0.03246181168389475,Low,Sleeping Dog
0581-BXBUB,4,72.75,Month-to-month,Fiber optic,0,1,1,-0.2305195296626916,0.12194813384639709,Low,Sleeping Dog
4962-CHQPW,29,19.85,One year,No,0,0,12,0.2658239439832097,0.4630640574866229,Medium,Persuadable
9467-ROOLM,25,19.05,Month-to-month,No,0,0,1,0.2825021039210989,0.40806414282271025,Medium,Persuadable
3030-YZADT,9,44.95,Month-to-month,DSL,1,0,1,-0.0787174189653582,0.15447113882113472,Low,Sleeping Dog
7410-KTVFV,18,49.55,Month-to-month,DSL,1,1,1,-0.0496075958682099,0.038967585293430515,Low,Sleeping Dog
5150-ITWWB,3,94.85,Month-to-month,Fiber optic,0,2,1,0.0239380469780943,0.2823262164973357,Low,Sure Thing
2253-KPMNB,69,46.25,Two year,DSL,0,4,24,-0.0397665085803296,0.03934021858615747,Low,Sleeping Dog
1345-ZUKID,14,19.35,One year,No,0,0,12,0.2940007085510896,0.0006733410516581863,Low,Sure Thing
6429-SHBCB,19,69.6,Month-to-month,DSL,0,2,1,-0.1272421196060261,0.0932040274226879,Low,Sleeping Dog
9281-OFDMF,39,90.7,Month-to-month,Fiber optic,0,2,1,-0.1724720328848779,0.23644313781965867,Low,Sleeping Dog
2603-HVKCG,31,101.4,Month-to-month,Fiber optic,0,4,1,-0.1031040102587231,0.18305219708273954,Low,Sleeping Dog
1834-WULEG,24,20.25,One year,No,0,0,12,0.2658239439832097,0.16944176225526794,Low,Sure Thing
9097-ZUBYC,14,48.8,Month-to-month,DSL,0,1,1,-0.0733475396620104,0.002373795764281174,Low,Sleeping Dog
5148-ORICT,64,74.35,Two year,DSL,0,5,24,-0.1220063642123039,0.28837393524258165,Low,Sleeping Dog
4893-GYUJU,50,19.35,One year,No,0,0,12,0.2874015447877719,0.01996678797150186,Low,Sure Thing
4578-PHJYZ,52,68.75,One year,DSL,0,4,12,-0.1099575384156574,0.7830656519004594,High,Lost Cause
7272-QDCKA,28,100.2,One year,Fiber optic,0,3,12,-0.1733121499983667,0.16965087774440302,Low,Sleeping Dog
8908-SLFCJ,21,20.85,Two year,No,0,0,24,0.3046353383272485,0.1675048575747264,Low,Sure Thing
8393-DLHGA,25,95.9,Month-to-month,Fiber optic,1,3,1,-0.1818264544050471,0.6402631135636999,High,Lost Cause
9766-HGEDE,17,19.35,One year,No,0,0,12,0.2940007085510896,0.007466826851051228,Low,Sure Thing
6968-MHOMU,58,45.0,One year,DSL,0,2,12,-0.0716848545714414,0.860248377239459,High,Lost Cause
7395-IGJOS,17,81.5,Month-to-month,Fiber optic,1,1,1,-0.1790572169820237,0.01737633179016096,Low,Sleeping Dog
5044-XDPYX,51,25.5,Two year,No,0,0,24,0.3014756659550562,0.13498894809979486,Low,Sure Thing
1814-WFGVS,72,48.9,Two year,DSL,0,4,24,-0.0397665085803296,0.044298312139077166,Low,Sleeping Dog
2834-SPCJV,52,84.1,Month-to-month,Fiber optic,1,2,1,-0.1543037125018716,0.44124188719956375,Medium,Lost Cause
3721-WKIIL,27,19.6,Two year,No,0,0,24,0.2658239439832097,0.0012543897019307289,Low,Sure Thing
6734-CKRSM,3,20.0,Month-to-month,No,0,0,1,0.2794055859435885,0.10212576883111131,Low,Sure Thing
1265-ZFOSD,64,81.3,Two year,DSL,0,5,24,-0.1392562601674915,0.07271057958039263,Low,Sleeping Dog
6568-POCUI,45,95.2,Two year,Fiber optic,0,3,24,-0.1368767362146653,0.0046724226604972574,Low,Sleeping Dog
7890-VYYWG,3,36.45,Month-to-month,DSL,1,1,1,-0.1264365802249314,0.3391037258062923,Medium,Lost Cause
5197-LQXXH,71,83.3,Two year,DSL,0,5,24,-0.1366136629706088,0.016929715161770175,Low,Sleeping Dog
9907-SWKKF,1,25.05,Month-to-month,DSL,1,0,1,0.2921349411193263,0.7615479380860725,High,Persuadable
3457-PQBYH,58,20.3,Two year,No,0,0,24,0.2874015447877719,0.10740109213561609,Low,Sure Thing
7682-AZNDK,34,89.85,Month-to-month,Fiber optic,0,3,1,-0.1293775848663892,0.14733585451102096,Low,Sleeping Dog
0587-DMGBH,8,49.85,Month-to-month,DSL,1,1,1,-0.0549774751715577,0.769341278297286,High,Lost Cause
5384-ZTTWP,15,19.8,Month-to-month,No,0,0,1,0.2940007085510896,0.11210268949011777,Low,Sure Thing
3745-HRPHI,66,54.65,Two year,DSL,0,4,24,-0.0353140707622275,0.0067962794091095445,Low,Sleeping Dog
7636-OWBPG,12,29.35,Month-to-month,DSL,0,1,1,-0.0610319157116735,0.05657092249722375,Low,Sleeping Dog
1231-YNDEK,58,19.15,Two year,No,0,0,24,0.3040797047256611,0.19306589579121267,Low,Sure Thing
1407-DIGZV,3,19.1,Two year,No,0,0,24,0.2960837458814777,0.7136995398213228,High,Persuadable
6397-JNZZG,43,55.55,Month-to-month,DSL,1,4,1,-0.0638741364262811,0.1548745557434438,Low,Sleeping Dog
0570-BFQHT,9,80.55,Month-to-month,Fiber optic,0,2,1,-0.1844270962853715,0.03143223001622807,Low,Sleeping Dog
4393-OBCRR,3,20.25,One year,No,0,0,12,0.2794055859435885,0.7674347765234025,High,Persuadable
3523-QRQLL,22,69.5,One year,DSL,1,3,12,-0.1306816109971515,0.030728106608161682,Low,Sleeping Dog
8564-LDKFL,40,106.0,One year,Fiber optic,0,4,12,-0.1380979043388044,0.9155175964426787,High,Lost Cause
3696-DFHHB,68,25.5,Two year,No,0,0,24,0.3200147580072676,0.04364104141614208,Low,Sure Thing
0895-DQHEW,54,104.3,Month-to-month,Fiber optic,1,4,1,-0.1364467512038525,0.613957437755624,High,Lost Cause
4717-GHADL,50,79.6,Two year,DSL,0,4,24,-0.1664767199656654,0.46275018831938075,Medium,Lost Cause
5501-TVMGM,1,55.25,Month-to-month,DSL,0,1,1,0.0599551303353236,0.014144497751563697,Low,Sure Thing
5879-HMFFH,72,88.05,Two year,DSL,0,6,24,-0.0710328253569911,0.2663207050315444,Low,Sleeping Dog
6772-WFQRD,40,20.4,One year,No,0,0,12,0.3248477833408759,0.3263277250835077,Medium,Persuadable
3810-DVDQQ,72,117.6,Two year,Fiber optic,0,6,24,-0.2389415814402401,0.0071811628919407145,Low,Sleeping Dog
6972-SNKKW,6,20.0,Month-to-month,No,0,0,1,0.2854741032504064,0.29045985642029554,Low,Sure Thing
3694-GLTJM,5,19.65,Month-to-month,No,0,0,1,0.2794055859435885,0.1128077556848488,Low,Sure Thing
8550-XSXUQ,48,70.55,One year,DSL,0,3,12,-0.1382680430444409,0.2942604238377248,Low,Sleeping Dog
8149-RSOUN,1,93.85,Month-to-month,Fiber optic,1,2,1,-0.2228773026061093,0.2886762080103206,Low,Sleeping Dog
9055-MOJJJ,64,65.8,One year,DSL,0,3,12,-0.0332657536572905,0.002903411297543274,Low,Sleeping Dog
4359-INNWN,17,20.05,One year,No,0,0,12,0.2940007085510896,0.14139765832930956,Low,Sure Thing
0585-EGDDA,40,80.0,Month-to-month,Fiber optic,0,2,1,-0.1513664514337325,0.048803901096443704,Low,Sleeping Dog
4032-RMHCI,41,35.4,One year,DSL,0,2,12,-0.0982252299922637,0.3908458376137572,Medium,Lost Cause
0549-CYCQN,51,79.6,One year,Fiber optic,0,1,12,-0.1944608994522212,0.06792870163794135,Low,Sleeping Dog
3481-JHUZH,41,80.25,Month-to-month,Fiber optic,0,1,1,-0.1513664514337325,0.12002798955331524,Low,Sleeping Dog
7250-EQKIY,1,50.45,Month-to-month,DSL,1,1,1,0.0003955187389117,0.49419045108113546,Medium,Persuadable
3594-IVHJZ,2,20.45,Month-to-month,No,0,0,1,0.2934797071108728,0.09840354975379872,Low,Sure Thing
6869-FGJJC,68,79.6,One year,Fiber optic,0,2,12,-0.0753079971339067,0.16016639547687628,Low,Sleeping Dog
3896-ZVNET,24,24.7,Two year,No,0,0,24,0.279898065150494,0.010766997678984666,Low,Sure Thing
8205-VSLRB,70,77.3,Two year,DSL,0,4,24,-0.0797759988082112,0.5269553561401717,Medium,Lost Cause
5960-MVTUK,3,29.75,Month-to-month,DSL,0,1,1,0.1190156775806143,0.024158540275750724,Low,Sure Thing
6817-WTYHE,2,44.9,Month-to-month,DSL,0,0,1,-0.0847859362721762,0.5969483787119251,Medium,Lost Cause
3082-VQXNH,3,29.8,Month-to-month,DSL,0,1,1,0.1190156775806143,0.17973747745438706,Low,Sure Thing
4013-UBXWQ,7,74.65,Month-to-month,DSL,1,3,1,0.1427891982706607,0.26693148047490817,Low,Sure Thing
4931-TRZWN,13,71.95,Month-to-month,DSL,0,3,1,-0.1508485400607992,0.014446217415128316,Low,Sleeping Dog
0750-EKNGL,7,20.75,Month-to-month,No,0,0,1,0.2995482244176907,0.02939875405862706,Low,Sure Thing
7669-LCRSD,12,56.3,Month-to-month,DSL,0,1,1,-0.0535301967190381,0.5179845922411127,Medium,Lost Cause
3567-PQTSO,53,105.25,One year,Fiber optic,0,4,12,-0.1199245058572334,0.001878810840839723,Low,Sleeping Dog
5519-NPHVG,12,94.2,Month-to-month,Fiber optic,1,2,1,-0.0811574860521896,0.8802214956413342,High,Lost Cause
8043-PNYSD,63,19.55,Two year,No,0,0,24,0.2879774309652697,0.02895433060635613,Low,Sure Thing
9938-EKRGF,15,84.45,Month-to-month,DSL,0,6,1,-0.1559663975924406,0.015435467379774739,Low,Sleeping Dog
2703-AMTUL,36,53.65,One year,DSL,0,2,12,-0.0207796884077924,0.905708873652431,High,Lost Cause
0928-JMXNP,4,29.9,Month-to-month,DSL,0,1,1,-0.1606671470949813,0.818953123357752,High,Lost Cause
8173-RXAYP,24,19.7,Two year,No,0,0,24,0.2658239439832097,0.07497051775482666,Low,Sure Thing
4825-XJGDM,61,43.7,One year,DSL,0,4,12,-0.0323040115203438,0.30712670245007767,Medium,Lost Cause
5402-HTOTQ,16,55.3,Month-to-month,DSL,0,1,1,-0.0375526420302944,0.03132343273584536,Low,Sleeping Dog
6734-JDTTV,65,19.85,Two year,No,0,0,24,0.2879774309652697,0.7901466634226008,High,Persuadable
7850-THJMU,26,19.65,Two year,No,0,0,24,0.2658239439832097,0.11112859974550271,Low,Sure Thing
3890-RTCMS,16,49.45,Month-to-month,DSL,0,1,1,-0.0496075958682099,0.20322700823163442,Low,Sleeping Dog
8849-GYOKR,54,106.55,One year,Fiber optic,1,4,12,-0.1532081728707372,0.030551270364459936,Low,Sleeping Dog
3148-BLQJT,1,20.1,Month-to-month,No,1,0,1,0.278060819952042,0.3663753054600949,Medium,Persuadable
3717-FDJFU,5,20.45,Two year,No,0,0,24,0.2934797071108728,0.29828840334296186,Low,Sure Thing
3665-JATSN,19,39.7,Month-to-month,DSL,0,2,1,-0.1149981836147657,0.011809666166652716,Low,Sleeping Dog
7966-YOTQW,10,54.5,Month-to-month,DSL,0,1,1,-0.0429225213336422,0.7811451712687774,High,Lost Cause
0461-CVKMU,23,83.8,Month-to-month,Fiber optic,1,3,1,0.8044582261896245,0.5900130124033502,Medium,Persuadable
8806-EAGWC,3,55.15,Month-to-month,DSL,1,1,1,-0.0489910386404601,0.03405197879342123,Low,Sleeping Dog
8853-TZDGH,72,111.6,Two year,Fiber optic,0,5,24,0.1205544698415365,0.0026474784665392478,Low,Sure Thing
7779-LGOVN,10,86.65,Month-to-month,Fiber optic,1,1,1,-0.153612216482867,0.001566361892467783,Low,Sleeping Dog
4324-BZCKL,10,55.55,Month-to-month,DSL,0,2,1,-0.0429225213336422,0.4894078378534175,Medium,Lost Cause
6924-TDGMT,11,20.55,One year,No,0,0,12,0.2995482244176907,0.28218412086451605,Low,Sure Thing
9710-ZUSHQ,37,106.75,Month-to-month,Fiber optic,1,4,1,-0.2537969357184672,0.44278503205464803,Medium,Lost Cause
1536-YHDOE,17,62.1,One year,DSL,0,2,12,-0.0045900249309394,0.0607345598684634,Low,Sleeping Dog
8123-QBNAZ,36,104.5,Month-to-month,Fiber optic,0,4,1,-0.1213364826719196,0.15810395345764106,Low,Sleeping Dog
3629-ZNKXA,17,101.8,Month-to-month,Fiber optic,0,4,1,-0.168444757830471,0.0401080934496251,Low,Sleeping Dog
4827-LTQRJ,66,110.6,One year,Fiber optic,0,5,12,0.1161919828146154,0.24267530079876587,Low,Sure Thing
7711-YIJWC,61,84.9,One year,DSL,0,6,12,-0.1427051488034974,0.07979041200776382,Low,Sleeping Dog
5482-VXSXJ,22,93.2,Month-to-month,Fiber optic,0,3,1,-0.1495900298800166,0.5865714981674767,Medium,Lost Cause
7365-BVCJH,1,24.4,Month-to-month,DSL,0,0,1,0.2921349411193263,0.0033004606106733316,Low,Sure Thing
9620-ENEJV,6,70.55,Month-to-month,Fiber optic,0,0,1,-0.156218419364147,0.09462630397921923,Low,Sleeping Dog
4183-WCSEP,31,78.45,Month-to-month,Fiber optic,1,2,1,-0.1072666591587911,0.6752389616814822,High,Lost Cause
2378-YIZKA,68,85.0,Two year,DSL,0,6,24,-0.0787568857699125,0.46245448591704186,Medium,Lost Cause
5498-TXHLF,34,87.45,Month-to-month,Fiber optic,1,2,1,-0.1314693835570173,0.6847226976329607,High,Lost Cause
0689-DSXGL,52,85.8,Month-to-month,Fiber optic,0,3,1,-0.1465796520889501,0.725868066027468,High,Lost Cause
6818-DJXAA,10,91.1,Month-to-month,Fiber optic,0,3,1,-0.1515204177922389,0.005268724069390832,Low,Sleeping Dog
9722-UJOJR,29,70.75,Month-to-month,Fiber optic,1,0,1,-0.1681074927028898,0.029039022165377796,Low,Sleeping Dog
0464-WJTKO,72,20.1,Two year,No,0,0,24,0.2946314954342693,0.19309064150405464,Low,Sure Thing
8902-ZEOVF,47,20.05,One year,No,0,0,12,0.3107736621735916,0.2815068459801827,Low,Sure Thing
6778-EICRF,24,74.8,One year,DSL,0,3,12,-0.2007841712984188,0.39724383395609,Medium,Lost Cause
2662-NNTDK,65,24.8,One year,No,0,0,12,0.3020515521325539,0.14598318535331178,Low,Sure Thing
4132-KALRO,4,100.85,Month-to-month,Fiber optic,0,3,1,-0.3325016585466102,0.5675036270689755,Medium,Lost Cause
3902-FOIGH,12,101.35,Month-to-month,Fiber optic,1,3,1,-0.3094160262458194,0.04210880735748548,Low,Sleeping Dog
6772-KSATR,1,81.7,Month-to-month,Fiber optic,1,1,1,-0.332014788873508,0.2876771263201254,Low,Sleeping Dog
7112-OPOTK,33,68.25,Month-to-month,Fiber optic,1,0,1,-0.1104691659835242,0.20658697321462016,Low,Sleeping Dog
2874-YXVVA,34,105.1,Month-to-month,Fiber optic,0,5,1,-0.1048142373253005,0.018620904935389534,Low,Sleeping Dog
1245-HARPS,14,20.4,Two year,No,0,0,24,0.3080748297183739,0.17681037672597347,Low,Sure Thing
4210-QFJMF,4,79.15,Month-to-month,Fiber optic,1,1,1,-0.1445596396750117,0.007647338702462175,Low,Sleeping Dog
4323-ELYYB,13,20.0,One year,No,0,0,12,0.2940007085510896,0.053781415003289756,Low,Sure Thing
4293-ETKAP,65,79.4,Two year,DSL,0,4,24,-0.1392562601674915,0.9463768072806928,High,Lost Cause
6064-PUPMC,23,57.2,One year,DSL,0,2,12,-0.0355468546682681,0.004292002655469169,Low,Sleeping Dog
6504-VBLFL,55,58.6,Two year,DSL,0,3,24,-0.0304446781865736,0.0036369740985074694,Low,Sleeping Dog
6322-PJJDJ,49,94.8,Two year,Fiber optic,0,3,24,-0.1444878533983221,0.3120124661372487,Medium,Lost Cause
0330-BGYZE,60,102.5,One year,Fiber optic,0,4,12,-0.1551835090415277,0.0285154196302968,Low,Sleeping Dog
1085-LDWAM,69,20.35,One year,No,0,0,12,0.3200147580072676,0.043376539620080916,Low,Sure Thing
7586-ZATGZ,40,84.9,Month-to-month,Fiber optic,0,1,1,-0.1391934439699387,0.2211807607943214,Low,Sleeping Dog
7197-VOJMM,67,69.2,Two year,DSL,0,4,24,-0.0983589747172831,0.6307234590338237,High,Lost Cause
3318-OSATS,35,95.45,Month-to-month,Fiber optic,1,2,1,-0.179971184233154,0.007075288603381327,Low,Sleeping Dog
5828-AVIPD,19,100.95,One year,Fiber optic,1,3,12,-0.168444757830471,0.22530354557898993,Low,Sleeping Dog
1843-TLSGD,13,20.85,Two year,No,0,0,24,0.3080748297183739,0.05760135084094254,Low,Sure Thing
9626-VFRGG,41,88.5,Month-to-month,Fiber optic,0,2,1,-0.1293775848663892,0.04328136983591046,Low,Sleeping Dog
7075-BNDVQ,4,35.0,Month-to-month,DSL,0,2,1,-0.1264365802249314,0.3491563044750324,Medium,Lost Cause
9143-CANJF,24,55.15,Month-to-month,DSL,0,2,1,-0.0657294065981742,0.9269767679722362,High,Lost Cause
7284-BUYEC,5,50.95,Month-to-month,DSL,0,3,1,-0.0489910386404601,0.004267971668130859,Low,Sleeping Dog
2041-JIJCI,5,64.0,Month-to-month,DSL,0,2,1,-0.0578605334613123,0.10532484649410156,Low,Sleeping Dog
1086-LXKFY,1,69.1,Month-to-month,Fiber optic,1,0,1,-0.4028498447391783,0.02268990733886674,Low,Sleeping Dog
4900-MSOMT,72,80.2,Two year,DSL,0,5,24,-0.0753079971339067,0.38698274696013607,Medium,Lost Cause
2229-VWQJH,24,49.3,Month-to-month,DSL,0,1,1,-0.0777843604360898,0.09482629047776185,Low,Sleeping Dog
9194-GFVOI,42,84.35,Two year,DSL,0,5,24,-0.1391934439699387,0.22683162292264689,Low,Sleeping Dog
1336-EZFZY,4,20.05,Month-to-month,No,0,0,1,0.2794055859435885,0.028528648215177047,Low,Sure Thing
4282-MSACW,68,117.2,One year,Fiber optic,0,6,12,-0.2389415814402401,0.008795215334199453,Low,Sleeping Dog
1403-LKLIK,33,20.1,One year,No,0,0,12,0.3107736621735916,0.41557705157962593,Medium,Persuadable
2636-ALXXZ,1,69.6,Month-to-month,Fiber optic,1,0,1,-0.4028498447391783,0.06071265548566873,Low,Sleeping Dog
7774-OJSXI,31,103.45,One year,Fiber optic,1,4,12,-0.1598279895114616,0.03401956865369297,Low,Sleeping Dog
7786-WBJYI,4,77.95,Month-to-month,Fiber optic,1,1,1,-0.1445596396750117,0.03285912796618711,Low,Sleeping Dog
0136-IFMYD,69,109.95,Two year,Fiber optic,0,5,24,0.1447181982699941,0.05228783596404063,Low,Sure Thing
5144-TVGLP,38,94.75,Month-to-month,Fiber optic,0,2,1,-0.1724720328848779,0.0020811099942865314,Low,Sleeping Dog
9643-AVVWI,3,80.0,Month-to-month,Fiber optic,0,2,1,-0.0579096011047543,0.0030556743994188634,Low,Sleeping Dog
0253-ZTEOB,48,79.65,Two year,DSL,0,4,24,-0.1664767199656654,0.00428574632573103,Low,Sleeping Dog
2706-QZIHY,15,25.2,Two year,No,0,0,24,0.3080748297183739,0.022217388127126005,Low,Sure Thing
6061-PQHMK,25,19.9,One year,No,0,0,12,0.2658239439832097,0.470401855223667,Medium,Persuadable
9885-CSMWE,1,78.45,Month-to-month,Fiber optic,1,1,1,-0.3364827905478125,0.09824508864682475,Low,Sleeping Dog
6137-MFAJN,48,44.8,Month-to-month,DSL,0,3,1,-0.0716848545714414,0.2181299930589271,Low,Sleeping Dog
9122-UMROB,1,20.3,Month-to-month,No,0,0,1,0.278060819952042,0.3325470626233447,Medium,Persuadable
4232-JGKIY,1,19.2,Month-to-month,No,0,0,1,0.2947389798899313,0.03449725481126608,Low,Sure Thing
2402-TAIRZ,37,80.05,One year,Fiber optic,0,2,12,-0.1513664514337325,0.1339793675201292,Low,Sleeping Dog
9659-ZTWSM,66,107.35,One year,Fiber optic,0,5,12,-0.0908623089170304,0.08183561529148277,Low,Sleeping Dog
9139-TWBAS,26,47.85,One year,DSL,0,4,12,-0.1015243042298903,0.09151928252171222,Low,Sleeping Dog
6685-GBWJZ,63,70.8,One year,DSL,0,4,12,-0.111047583246267,0.6200406692580803,High,Lost Cause
5016-ETTFF,10,29.5,Month-to-month,DSL,1,1,1,-0.0726712688079196,0.0037983916907410042,Low,Sleeping Dog
3866-MDTUB,2,70.75,Month-to-month,DSL,1,3,1,-0.1023665415119428,0.09260424011571244,Low,Sleeping Dog
2195-VVRJF,18,59.1,Month-to-month,DSL,0,2,1,-0.0321073632771427,0.007781591878959192,Low,Sleeping Dog
3913-RDSJZ,64,25.55,Two year,No,0,0,24,0.3020515521325539,0.020323270692607726,Low,Sure Thing
8058-JMEQO,9,84.45,Month-to-month,Fiber optic,1,1,1,-0.1613362768957884,0.5825288817822977,Medium,Lost Cause
4203-QGNZA,28,20.25,Month-to-month,No,0,0,1,0.2658239439832097,0.2576356628774779,Low,Sure Thing
5043-TRZWM,1,75.55,Month-to-month,Fiber optic,0,1,1,-0.3364827905478125,0.3500419011157252,Medium,Lost Cause
0697-ZMSWS,4,85.65,Month-to-month,Fiber optic,1,1,1,0.0238256376179386,0.42144439920194704,Medium,Persuadable
7657-DYEPJ,38,70.15,One year,DSL,1,4,12,0.1080004724198012,0.83427587277005,High,Persuadable
9494-BDNNC,66,95.3,One year,Fiber optic,0,3,12,-0.1403884410482239,0.3523734642962102,Medium,Lost Cause
1640-PLFMP,1,70.25,Month-to-month,Fiber optic,0,0,1,-0.4961164124977361,0.015666688068093206,Low,Sleeping Dog
5366-OBVMR,18,50.3,Month-to-month,DSL,0,1,1,-0.0496075958682099,0.9480456578627154,High,Lost Cause
8276-MQBYC,51,97.8,Month-to-month,Fiber optic,1,3,1,-0.179971184233154,0.6678619470610693,High,Lost Cause
7644-OMVMY,0,19.85,Two year,No,0,0,24,0.278060819952042,0.6826342950253937,High,Persuadable
7593-XFKDI,1,46.3,Month-to-month,DSL,1,0,1,-0.1340528840520785,0.8762808196060682,High,Lost Cause
4573-JKNAE,12,19.35,Two year,No,0,0,24,0.2971134563466525,0.8738384408497608,High,Persuadable
0337-CNPZE,41,106.3,Month-to-month,Fiber optic,1,4,1,-0.1380979043388044,0.8780292672465455,High,Lost Cause
9817-APLHW,12,25.0,Month-to-month,No,0,0,1,0.3111875775139368,0.5222708958644767,Medium,Persuadable
8380-MQINP,55,20.3,Two year,No,0,0,24,0.2874015447877719,0.5462724917878036,Medium,Persuadable
0840-DFEZH,7,75.35,Month-to-month,Fiber optic,0,0,1,-0.188895097959676,0.002732603388517266,Low,Sleeping Dog
1513-XNPPH,12,89.4,Month-to-month,Fiber optic,1,3,1,-0.0811574860521896,0.060058594230413764,Low,Sleeping Dog
8690-ZVLCL,68,88.0,Two year,DSL,0,6,24,-0.0710328253569911,0.005659322174272071,Low,Sleeping Dog
6015-VVHHE,5,83.15,Month-to-month,Fiber optic,1,1,1,-0.0769734894641028,0.5070104263093304,Medium,Lost Cause
1125-SNVCK,49,43.8,Month-to-month,DSL,0,0,1,-0.0608640771843975,0.5436990894596818,Medium,Lost Cause
0384-LPITE,40,62.05,One year,DSL,0,5,12,0.0121829286915625,0.005185688190195315,Low,Sure Thing
4616-EWBNJ,16,20.1,One year,No,0,0,12,0.2940007085510896,0.9492365707566846,High,Persuadable
6347-DCUIK,10,74.15,Month-to-month,Fiber optic,1,0,1,-0.1671772003301839,0.045630405414655094,Low,Sleeping Dog
1335-HQMKX,72,101.35,One year,Fiber optic,0,4,12,-0.0912352460079429,0.1158514151417274,Low,Sleeping Dog
2545-EBUPK,2,84.05,Month-to-month,Fiber optic,0,1,1,0.0251151736513405,0.0101984520582053,Low,Sure Thing
6923-AQONU,23,20.9,Two year,No,0,0,24,0.3046353383272485,0.001043105241308763,Low,Sure Thing
2172-EJXVF,71,105.9,One year,Fiber optic,0,4,12,-0.1622425468686386,0.011284531873284884,Low,Sleeping Dog
0897-FEGMU,11,99.5,Month-to-month,Fiber optic,1,3,1,-0.0618466255601228,0.8419433823843651,High,Lost Cause
7663-RGWBC,1,44.15,Month-to-month,DSL,1,0,1,-0.1340528840520785,0.8721294481998308,High,Lost Cause
1120-BMWUB,16,53.9,Month-to-month,DSL,1,2,1,-0.0375526420302944,0.010151229738960346,Low,Sleeping Dog
9124-LHCJQ,1,85.45,Month-to-month,Fiber optic,1,1,1,-0.168097513254862,0.001360160683117109,Low,Sleeping Dog
4536-PLEQY,12,85.05,Month-to-month,Fiber optic,0,2,1,-0.0909733451557391,0.005839495825130184,Low,Sleeping Dog
7029-IJEJK,54,44.1,One year,DSL,0,3,12,-0.0716848545714414,0.4176757882438698,Medium,Lost Cause
8871-JLMHM,68,90.2,Two year,Fiber optic,0,3,24,-0.068941026666363,0.030814897139945552,Low,Sleeping Dog
2235-ZGKPT,4,50.85,Month-to-month,DSL,1,0,1,-0.0489910386404601,0.007650554661956593,Low,Sleeping Dog
3891-PUQOD,1,59.2,Month-to-month,DSL,1,2,1,0.0654004090884753,0.08010381980932398,Low,Sure Thing
5447-VYTKW,27,53.45,Month-to-month,DSL,0,2,1,-0.0657294065981742,0.2663958763777202,Low,Sleeping Dog
3623-FQBOX,21,19.95,Month-to-month,No,0,0,1,0.2905612171599642,0.0033344533578381283,Low,Sure Thing
0689-NKYLF,13,83.2,Month-to-month,Fiber optic,1,2,1,-0.1159390684454193,0.0032793819475270317,Low,Sleeping Dog
8659-HDIYE,64,74.65,Month-to-month,DSL,0,4,1,0.0119399429220255,0.002009713762701678,Low,Sure Thing
3658-KIBGF,1,54.9,Month-to-month,DSL,1,2,1,0.0599551303353236,0.1324623771321093,Low,Sure Thing
3474-BAFSJ,57,57.5,Two year,DSL,0,5,24,-0.0304446781865736,0.30139338690021833,Medium,Lost Cause
5519-YLDGW,21,103.9,Month-to-month,Fiber optic,1,4,1,-0.2286082284743349,0.03327306008560204,Low,Sleeping Dog
3865-ZFZIB,19,19.65,Two year,No,0,0,24,0.2940007085510896,0.21448562141671634,Low,Sure Thing
1855-AGAWH,31,93.8,One year,Fiber optic,0,3,12,-0.0808097909171433,0.2523332140631356,Low,Sleeping Dog
7109-CQYUZ,52,89.25,Two year,DSL,0,6,24,-0.1444878533983221,0.021463910145145666,Low,Sleeping Dog
1370-GGAWX,46,94.15,One year,Fiber optic,0,3,12,-0.1293775848663892,0.006510210811409123,Low,Sleeping Dog
4680-KUTAJ,11,55.6,Month-to-month,DSL,0,1,1,-0.0429225213336422,0.18281320682563193,Low,Sleeping Dog
5307-UVGNB,53,48.7,Month-to-month,DSL,0,4,1,-0.0716848545714414,0.017393990707392115,Low,Sleeping Dog
4946-EDSEW,11,19.25,Month-to-month,No,1,0,1,0.2854741032504064,0.05289206177786096,Low,Sure Thing
2883-ILGWO,57,104.9,Month-to-month,Fiber optic,0,4,1,-0.1479086853437892,0.02585696644475673,Low,Sleeping Dog
2516-VQRRV,2,75.45,Month-to-month,Fiber optic,1,0,1,-0.0287629992868477,0.057202670414221106,Low,Sleeping Dog
7580-UGXNC,2,54.85,Month-to-month,DSL,1,2,1,-0.0489910386404601,0.1944745152420424,Low,Sleeping Dog
3642-BYHDO,71,19.9,Two year,No,0,0,24,0.3059406368399833,0.09035313241450375,Low,Sure Thing
9629-NHXFW,1,19.4,Month-to-month,No,0,0,1,0.278060819952042,0.07861669747188423,Low,Sure Thing
2696-RZVZW,68,25.05,Two year,No,0,0,24,0.3200147580072676,0.06280711250560557,Low,Sure Thing
5766-FTRTS,72,84.45,Two year,DSL,0,6,24,-0.0787568857699125,0.354216696144183,Medium,Lost Cause
0396-HUJBP,2,19.3,Month-to-month,No,0,0,1,0.2794055859435885,0.6788681323675437,High,Persuadable
5178-LMXOP,1,95.1,Month-to-month,Fiber optic,1,2,1,-0.1665209004582083,0.05806549916783116,Low,Sleeping Dog
8879-ZKJOF,41,79.85,One year,DSL,0,5,12,-0.1513664514337325,0.04417774805574148,Low,Sleeping Dog
6285-FTQBF,72,25.55,Two year,No,0,0,24,0.3087056166015536,0.003058554654031407,Low,Sure Thing
8185-UPYBR,6,75.5,Month-to-month,Fiber optic,1,0,1,-0.188895097959676,0.7599027493607076,High,Lost Cause
4585-HETAI,4,73.75,Month-to-month,Fiber optic,1,1,1,-0.1571139115714355,0.009289127679145292,Low,Sleeping Dog
7526-BEZQB,12,96.05,Month-to-month,Fiber optic,1,2,1,-0.0886566374004657,0.004385846468324535,Low,Sleeping Dog
1474-JUWSM,58,68.4,One year,DSL,0,3,12,-0.1099575384156574,0.03750425220674009,Low,Sleeping Dog
3530-CRZSB,7,20.65,Month-to-month,No,0,0,1,0.2995482244176907,0.1085930908352758,Low,Sure Thing
8498-XXGWA,65,55.15,Month-to-month,DSL,0,2,1,-0.0353140707622275,0.3160834548571561,Medium,Lost Cause
9617-INGJY,1,70.6,Month-to-month,Fiber optic,0,0,1,-0.5765863015622662,0.06360262413067266,Low,Sleeping Dog
0621-TSSMU,56,19.95,One year,No,0,0,12,0.2874015447877719,0.13802339339534928,Low,Sure Thing
7234-KMNRQ,4,19.0,Month-to-month,No,0,0,1,0.2960837458814777,0.8840668056079201,High,Persuadable
7636-PEPNS,58,44.1,One year,DSL,0,0,12,-0.0716848545714414,0.4297539651210385,Medium,Lost Cause
4683-WYDOU,62,107.6,Two year,Fiber optic,0,4,24,0.0377385481177483,0.052533996653311765,Low,Sure Thing
9052-DHNKM,26,61.55,One year,DSL,0,2,12,-0.0327667894988193,0.07176220875912674,Low,Sleeping Dog
6794-HKIAJ,62,90.7,Month-to-month,Fiber optic,0,3,1,-0.1328892896999479,0.3628454685540529,Medium,Lost Cause
5578-NKCXI,58,99.25,One year,Fiber optic,0,4,12,-0.1434727003399177,0.13633287362780525,Low,Sleeping Dog
1642-HMARX,68,91.7,Two year,DSL,0,6,24,-0.068941026666363,0.290172268828307,Low,Sleeping Dog
3096-WPXBT,61,100.7,One year,Fiber optic,0,4,12,-0.1551835090415277,0.46560969597560115,Medium,Lost Cause
8434-PNQZX,42,78.45,Two year,DSL,0,4,24,-0.155834453108037,0.11094188309129764,Low,Sleeping Dog
5950-AAAGJ,18,84.3,Month-to-month,Fiber optic,0,1,1,-0.1559663975924406,0.16334496785781324,Low,Sleeping Dog
4299-OPXEJ,56,19.55,Two year,No,0,0,24,0.2874015447877719,0.11924551141172157,Low,Sure Thing
4951-UKAAQ,4,88.95,Month-to-month,Fiber optic,1,2,1,-0.0582439899178585,0.02881710192654933,Low,Sleeping Dog
9618-LFJRU,4,20.45,Month-to-month,No,0,0,1,0.2934797071108728,0.7352372741270511,High,Persuadable
6693-DJWTY,35,55.6,One year,DSL,0,2,12,-0.0207796884077924,0.007085673446309342,Low,Sleeping Dog
0744-GKNGE,64,86.8,Month-to-month,Fiber optic,0,2,1,-0.1349810883905759,0.005542500691671122,Low,Sleeping Dog
6447-EGDIV,31,20.95,One year,No,0,0,12,0.3734155772901217,0.007260584539379856,Low,Sure Thing
1167-OYZJF,67,20.05,Two year,No,0,0,24,0.3010836751126006,0.019709122936291647,Low,Sure Thing
2108-YKQTY,4,50.7,Month-to-month,DSL,1,1,1,-0.0610459924783757,0.3004481665524119,Medium,Lost Cause
4806-DXQCE,70,113.65,Two year,Fiber optic,0,6,24,-0.290842507925088,0.036583707660885874,Low,Sleeping Dog
4918-QLLIW,3,53.4,Month-to-month,DSL,1,1,1,-0.0489910386404601,0.024368903811505336,Low,Sleeping Dog
7056-IMHCC,53,101.9,Month-to-month,Fiber optic,1,3,1,-0.1947662522264578,0.5866461105363886,Medium,Lost Cause
4854-SSLTN,2,59.5,Two year,DSL,0,3,24,-0.0435457598873084,0.799799930557119,High,Lost Cause
5294-DMSFH,29,87.8,Month-to-month,Fiber optic,0,2,1,-0.1764191017473991,0.6716783787434709,High,Lost Cause
4837-PZTIC,47,41.9,Two year,DSL,0,3,24,-0.1507321285203929,0.007411046827182452,Low,Sleeping Dog
1625-JAIIY,68,83.0,One year,Fiber optic,1,1,12,-0.0753079971339067,0.048683061451805155,Low,Sleeping Dog
0603-OLQDC,12,69.85,Month-to-month,DSL,0,3,1,-0.131890457738917,0.6288505516297304,High,Lost Cause
3272-VUHPV,8,56.3,Month-to-month,DSL,0,2,1,-0.0651695498152842,0.00330030218275541,Low,Sleeping Dog
4176-FXYBO,54,109.55,Month-to-month,Fiber optic,0,5,1,0.0217497378886498,0.15736211755973561,Low,Sure Thing
1063-DHQJF,69,92.15,Two year,Fiber optic,0,3,24,-0.068941026666363,0.8868633176401044,High,Lost Cause
8663-UPDGF,26,69.5,Month-to-month,DSL,0,3,1,-0.155418884173906,0.01176091751310133,Low,Sleeping Dog
6719-FGEDO,72,97.0,Two year,Fiber optic,0,4,24,-0.0764401780146391,0.07470276750257776,Low,Sleeping Dog
1837-YQUCE,70,58.35,Two year,DSL,0,5,24,0.0014736678045381,0.006070194301223695,Low,Sure Thing
2947-DOMLJ,1,50.6,Month-to-month,DSL,1,1,1,0.0003955187389117,0.005164026450528671,Low,Sure Thing
4112-LUEIZ,10,89.5,Month-to-month,Fiber optic,1,2,1,-0.1515204177922389,0.05163217522445102,Low,Sleeping Dog
0369-ZGOVK,28,70.4,One year,Fiber optic,0,0,12,-0.1750491711378454,0.002273623006571191,Low,Sleeping Dog
4510-HIMLV,1,69.8,Month-to-month,Fiber optic,1,0,1,-0.4028498447391783,0.7514959062306935,High,Lost Cause
9919-KNPOO,21,94.3,Month-to-month,Fiber optic,0,2,1,-0.1495900298800166,0.009334394428804243,Low,Sleeping Dog
8749-JMNKX,51,93.8,Month-to-month,Fiber optic,1,3,1,-0.1724720328848779,0.31514493542385097,Medium,Lost Cause
7872-BAAZR,53,19.55,One year,No,0,0,12,0.2874015447877719,0.005598932754859415,Low,Sure Thing
9391-LMANN,53,95.95,One year,Fiber optic,0,4,12,-0.1519870047465982,0.009277038653370023,Low,Sleeping Dog
2430-USGXP,24,101.05,Month-to-month,Fiber optic,1,3,1,-0.1966215223983509,0.1391776778296743,Low,Sleeping Dog
8174-TBVCF,70,94.8,Two year,DSL,0,6,24,-0.068941026666363,0.6078423706687982,High,Lost Cause
1698-XFZCI,61,107.75,One year,Fiber optic,0,5,12,0.0377385481177483,0.5934889492555739,Medium,Persuadable
1877-HKBQX,11,54.6,One year,DSL,0,2,12,-0.0429225213336422,0.031442001371750815,Low,Sleeping Dog
4450-DLLMH,2,71.3,Month-to-month,Fiber optic,0,0,1,-0.1023665415119428,0.5230674082596746,Medium,Lost Cause
0428-AXXLJ,25,19.5,One year,No,0,0,12,0.2658239439832097,0.0034564244216293166,Low,Sure Thing
2746-DIJLO,41,56.3,One year,DSL,0,1,12,-0.0430267168894344,0.08747672750016383,Low,Sleeping Dog
5955-ERIHD,18,94.7,Month-to-month,Fiber optic,1,2,1,-0.1461505384888911,0.14265930653490397,Low,Sleeping Dog
0917-EZOLA,72,104.15,Two year,Fiber optic,1,4,24,-0.0689526963128819,0.0031974301540461645,Low,Sleeping Dog
3508-VLHCZ,71,90.55,Two year,DSL,0,6,24,-0.068941026666363,0.2129714747962155,Low,Sleeping Dog
4086-ATNFV,34,60.8,One year,DSL,0,3,12,0.0121829286915625,0.0009756666435192683,Low,Sure Thing
0468-YRPXN,29,98.8,Month-to-month,Fiber optic,0,4,1,-0.087757271631063,0.01464919283165861,Low,Sleeping Dog
5996-NRVXR,40,98.15,One year,Fiber optic,0,5,12,-0.179971184233154,0.5173556464457941,Medium,Lost Cause
3739-YBWAB,36,35.35,One year,DSL,0,2,12,-0.0982252299922637,0.08647866251555174,Low,Sleeping Dog
7047-FWEYA,46,103.15,One year,Fiber optic,0,4,12,-0.2083957834607075,0.649312297106397,High,Lost Cause
2000-MPKCA,58,107.75,One year,Fiber optic,0,5,12,-0.0073793911919514,0.04280374235812353,Low,Sleeping Dog
9762-YAQAA,39,81.4,One year,Fiber optic,0,1,12,-0.1513664514337325,0.1077862576296526,Low,Sleeping Dog
5949-EBSQK,4,61.45,Month-to-month,DSL,1,2,1,0.0130287779335258,0.01041447194054851,Low,Sure Thing
5473-KHBPS,52,95.7,One year,Fiber optic,0,3,12,-0.1519870047465982,0.23640647918998248,Low,Sleeping Dog
0100-DUVFC,70,104.8,One year,Fiber optic,0,4,12,-0.0524304509662627,0.05555975033011124,Low,Sleeping Dog
5397-TUPSH,65,70.95,One year,Fiber optic,0,0,12,-0.0803783640257661,0.003090255637223012,Low,Sleeping Dog
8950-MTZNV,1,44.95,Month-to-month,DSL,0,0,1,-0.1340528840520785,0.394612085324008,Medium,Lost Cause
0326-VDYXE,70,97.65,One year,Fiber optic,0,3,12,-0.0764401780146391,0.004510779454765258,Low,Sleeping Dog
6773-LQTVT,29,35.65,Month-to-month,DSL,0,2,1,-0.1431749481826455,0.9146307219694029,High,Lost Cause
7274-RTAPZ,1,90.55,Month-to-month,Fiber optic,1,2,1,-0.2228773026061093,0.1884924363068405,Low,Sleeping Dog
0436-TWFFZ,67,85.25,Two year,DSL,0,5,24,-0.1427051488034974,0.004312186114188373,Low,Sleeping Dog
8566-YPRGL,1,19.5,Month-to-month,No,0,0,1,0.278060819952042,0.018450683123161175,Low,Sure Thing
0311-UNPFF,26,88.8,Month-to-month,Fiber optic,1,2,1,-0.174327303056771,0.48747466840815784,Medium,Lost Cause
6609-MXJHJ,30,25.1,Two year,No,0,0,24,0.279898065150494,0.03212885377883719,Low,Sure Thing
2669-OIDSD,48,100.05,Month-to-month,Fiber optic,0,4,1,-0.1434727003399177,0.04086179637985684,Low,Sleeping Dog
8400-WZICQ,55,55.7,Month-to-month,DSL,0,2,1,-0.0581369854213673,0.006011363932234566,Low,Sleeping Dog
3834-XUIFC,7,85.2,Month-to-month,Fiber optic,1,1,1,-0.1613362768957884,0.5586997749146477,Medium,Lost Cause
9576-SYUHJ,37,91.15,Month-to-month,Fiber optic,0,2,1,-0.1293775848663892,0.39841014623762866,Medium,Lost Cause
0410-IPFTY,31,83.85,Month-to-month,Fiber optic,0,2,1,-0.0906256500206928,0.14506064460948329,Low,Sleeping Dog
2831-EBWRN,4,45.9,Month-to-month,DSL,0,0,1,-0.0847859362721762,0.010619173771152872,Low,Sleeping Dog
9430-NKQLY,72,25.1,Two year,No,0,0,24,0.3087056166015536,0.002566259121439015,Low,Sure Thing
8414-MYSHR,5,91.4,Month-to-month,Fiber optic,1,2,1,-0.0582439899178585,0.12167094340918379,Low,Sleeping Dog
0247-SLUJI,1,19.7,Month-to-month,No,0,0,1,0.278060819952042,0.5189406026882929,Medium,Persuadable
9402-ORRAH,15,91.5,Month-to-month,Fiber optic,0,2,1,-0.1461505384888911,0.028125876718133807,Low,Sleeping Dog
6483-OATDN,8,51.3,Month-to-month,DSL,0,1,1,-0.0429225213336422,0.020286852892606833,Low,Sleeping Dog
1293-HHSHJ,35,21.1,One year,No,0,0,12,0.3248477833408759,0.07981581322186555,Low,Sure Thing
4840-ORQXB,56,104.75,Month-to-month,Fiber optic,0,4,1,-0.1479086853437892,0.010684432769786424,Low,Sleeping Dog
7599-FKVXZ,42,106.15,Month-to-month,Fiber optic,1,4,1,-0.1380979043388044,0.008578429370045751,Low,Sleeping Dog
3982-DQLUS,65,85.75,Month-to-month,Fiber optic,0,2,1,-0.104311869170075,0.011408511689883877,Low,Sleeping Dog
8610-ZIKJJ,2,20.3,One year,No,0,0,12,0.2794055859435885,0.5887970110024706,Medium,Persuadable
3756-VNWDH,65,100.75,One year,Fiber optic,0,3,12,-0.1245142898210268,0.6020255845335422,High,Lost Cause
7801-KICAO,18,74.15,Month-to-month,Fiber optic,0,0,1,-0.1508895091010469,0.061515921860058546,Low,Sleeping Dog
7673-LPRNY,23,78.55,One year,DSL,0,4,12,-0.1760468981216644,0.9021197432701432,High,Lost Cause
8229-TNIQA,4,45.3,Month-to-month,DSL,1,0,1,-0.0847859362721762,0.7108222740462754,High,Lost Cause
6060-QBMGV,70,19.85,Two year,No,0,0,24,0.3059406368399833,0.9110102744669271,High,Persuadable
7339-POGZN,4,50.7,Month-to-month,DSL,0,0,1,-0.0610459924783757,0.4544421685422937,Medium,Lost Cause
2828-SLQPF,19,45.0,Month-to-month,DSL,0,0,1,-0.0733475396620104,0.6508231644830539,High,Lost Cause
4465-VDKIQ,18,77.8,Month-to-month,Fiber optic,0,2,1,-0.1726074067305389,0.8408735293248387,High,Lost Cause
2921-XWDJH,38,83.45,Month-to-month,Fiber optic,0,2,1,-0.2557665652889234,0.03975951823730805,Low,Sleeping Dog
6221-AVQYL,2,73.25,Month-to-month,Fiber optic,1,0,1,-0.0413172711832716,0.2675647114078907,Low,Sleeping Dog
2558-BUOZZ,47,94.8,One year,Fiber optic,0,3,12,-0.1293775848663892,0.04773289237886837,Low,Sleeping Dog
9257-AZMTZ,52,20.1,Two year,No,0,0,24,0.2874015447877719,0.47472591635412736,Medium,Persuadable
0003-MKNFE,9,59.9,Month-to-month,DSL,0,1,1,0.0190972952403437,0.9559335966633311,High,Persuadable
0975-UYDTX,26,90.1,One year,DSL,0,6,12,-0.174327303056771,0.1455649458164501,Low,Sleeping Dog
7743-EXURX,8,51.05,Month-to-month,DSL,1,1,1,-0.0429225213336422,0.05681151524873109,Low,Sleeping Dog
4682-BLBUC,44,70.95,One year,DSL,0,4,12,-0.1231577745125081,0.6435410739656987,High,Lost Cause
0975-VOOVL,3,29.2,Month-to-month,DSL,0,1,1,-0.1312142553031221,0.02313645189381468,Low,Sleeping Dog
5968-VXZLG,2,46.6,Month-to-month,DSL,0,0,1,-0.0847859362721762,0.005035220075700536,Low,Sleeping Dog
5569-KGJHX,9,85.35,Month-to-month,Fiber optic,1,1,1,-0.1968089416703295,0.4066573350517837,Medium,Lost Cause
4988-IQIGL,1,75.35,Month-to-month,Fiber optic,1,0,1,-0.7112487026152903,0.1623995950973649,Low,Sleeping Dog
5201-FRKKS,25,74.3,Month-to-month,Fiber optic,0,1,1,-0.1790662736689268,0.006419195227266315,Low,Sleeping Dog
9799-CAYJJ,2,69.3,Month-to-month,Fiber optic,0,0,1,-0.0896779329829589,0.6225689542472722,High,Lost Cause
7730-IUTDZ,43,75.2,Month-to-month,Fiber optic,1,1,1,-0.155834453108037,0.007972707203699064,Low,Sleeping Dog
0426-TIRNE,1,20.9,Month-to-month,No,1,0,1,0.2921349411193263,0.029942382902157488,Low,Sure Thing
5443-SCMKX,58,94.3,One year,Fiber optic,0,3,12,-0.1444878533983221,0.024314109577946486,Low,Sleeping Dog
8295-KMENE,59,76.45,Two year,DSL,0,4,24,-0.1553228255401703,0.5051016294286602,Medium,Lost Cause
6738-ISCBM,44,54.0,One year,DSL,0,4,12,-0.0207796884077924,0.5026173048619224,Medium,Lost Cause
9821-BESNZ,66,104.25,One year,Fiber optic,0,4,12,-0.1248481875054783,0.002685930579903804,Low,Sleeping Dog
3678-MNGZX,68,19.95,Two year,No,0,0,24,0.3059406368399833,0.04016318460293391,Low,Sure Thing
1335-NTIUC,9,24.95,Month-to-month,DSL,0,0,1,0.2995482244176907,0.4400464047037362,Medium,Persuadable
2916-BQZLN,19,84.75,Month-to-month,Fiber optic,0,2,1,-0.1559663975924406,0.009608424825544146,Low,Sleeping Dog
4558-CGYCZ,4,19.75,Month-to-month,No,0,0,1,0.2794055859435885,0.07827190626973081,Low,Sure Thing
2368-GAKKQ,70,113.65,Two year,Fiber optic,0,6,24,-0.2892103849460567,0.448044248699307,Medium,Lost Cause
8710-YGLWG,1,44.9,Month-to-month,DSL,0,0,1,-0.1340528840520785,0.1810575491078983,Low,Sleeping Dog
3199-XGZCY,8,75.25,Month-to-month,Fiber optic,0,0,1,-0.188895097959676,0.0006285797455848929,Low,Sleeping Dog
3785-KTYSH,53,24.6,Two year,No,0,0,24,0.3014756659550562,0.08826257509631012,Low,Sure Thing
6814-ZPWFQ,51,25.0,One year,No,0,0,12,0.2734914864685003,0.9398843988009054,High,Persuadable
4063-EIKNQ,11,20.95,Month-to-month,No,0,0,1,0.2995482244176907,0.26772402533243717,Low,Sure Thing
6993-YCOBK,60,110.6,Two year,Fiber optic,0,5,24,0.0855227635941145,0.5717227056135036,Medium,Persuadable
5206-HPJKM,17,55.5,Month-to-month,DSL,0,2,1,-0.0375526420302944,0.26715102650966804,Low,Sleeping Dog
7587-RZNME,3,43.3,Month-to-month,DSL,1,0,1,0.2092832087312379,0.18003875889023382,Low,Sure Thing
0748-RDGGM,70,109.5,One year,Fiber optic,1,6,12,0.1592009561901492,0.07892206759318511,Low,Sure Thing
8393-JMVMB,1,19.45,Month-to-month,No,0,0,1,0.278060819952042,0.7162977900563976,High,Persuadable
5019-GQVCR,43,84.85,Month-to-month,Fiber optic,0,1,1,-0.1822878919884275,0.022450184378856614,Low,Sleeping Dog
6036-TTFYU,16,19.6,Month-to-month,No,0,0,1,0.2940007085510896,0.11938343294311367,Low,Sure Thing
2550-AEVRU,57,53.45,One year,DSL,0,2,12,-0.0358899569397253,0.6420075917174972,High,Lost Cause
0969-RGKCU,37,19.8,One year,No,0,0,12,0.3107736621735916,0.014216485182889838,Low,Sure Thing
0378-CJKPV,72,112.1,Two year,Fiber optic,0,6,24,0.1205544698415365,0.0036079164248287413,Low,Sure Thing
4706-AXVKM,11,84.8,Month-to-month,Fiber optic,1,1,1,-0.1613362768957884,0.18975836624275497,Low,Sleeping Dog
5889-JTMUL,50,95.05,Month-to-month,Fiber optic,1,3,1,-0.1161156307369769,0.02126358858672736,Low,Sleeping Dog
9026-RNUJS,5,50.35,Month-to-month,DSL,1,1,1,-0.0610459924783757,0.6776434069403142,High,Lost Cause
3746-EUBYR,1,74.6,Month-to-month,Fiber optic,1,0,1,-0.7490116694947024,0.09583045009639522,Low,Sleeping Dog
2332-EFBJY,16,19.7,Month-to-month,No,1,0,1,0.2940007085510896,0.7302773372060883,High,Persuadable
2880-FPNAE,2,74.2,Month-to-month,Fiber optic,0,1,1,-0.0356794262157432,0.012655606533308205,Low,Sleeping Dog
1703-MGIAB,17,69.0,Month-to-month,DSL,0,3,1,-0.1381599315318153,0.4281654406041775,Medium,Lost Cause
4311-QTTAI,16,19.35,One year,No,0,0,12,0.2940007085510896,0.017589757845355134,Low,Sure Thing
9474-PHLYD,15,59.45,Month-to-month,DSL,1,2,1,-0.0321073632771427,0.31695674615581715,Medium,Lost Cause
4318-RAJVY,10,19.8,One year,No,0,0,12,0.2854741032504064,0.004531156977279136,Low,Sure Thing
2165-VOEGB,46,105.2,One year,Fiber optic,1,5,12,-0.1048142373253005,0.0009503535039988978,Low,Sleeping Dog
3612-YUNGG,64,109.2,Two year,Fiber optic,0,5,24,0.0377385481177483,0.5164803300019946,Medium,Persuadable
2254-DLXRI,1,79.15,Month-to-month,Fiber optic,0,1,1,-0.3364827905478125,0.08960802944766255,Low,Sleeping Dog
5062-CJJKH,25,53.65,One year,DSL,0,2,12,-0.0657294065981742,0.30542889171203713,Medium,Lost Cause
9028-LIHRP,71,100.2,Two year,Fiber optic,0,5,24,-0.0679258736079587,0.5702768687511236,Medium,Lost Cause
2219-MVUSO,8,45.15,Month-to-month,DSL,1,0,1,-0.0787174189653582,0.8819826669265286,High,Lost Cause
1053-MXTTK,72,108.65,Two year,Fiber optic,0,6,24,0.1592009561901492,0.8507387093958053,High,Persuadable
1530-ZTDOZ,49,40.65,Month-to-month,DSL,0,2,1,-0.1133354985241966,0.005584035347797271,Low,Sleeping Dog
1301-LOPVR,29,55.35,One year,DSL,0,5,12,-0.0657294065981742,0.2766419282139406,Low,Sleeping Dog
0853-TWRVK,72,105.6,Two year,Fiber optic,0,5,24,-0.1209061080141463,0.08498790085052327,Low,Sleeping Dog
8914-RBTSB,31,93.8,Month-to-month,Fiber optic,1,3,1,-0.0808097909171433,0.21660346525243135,Low,Sleeping Dog
6212-ATMLK,50,95.7,Month-to-month,Fiber optic,0,2,1,-0.1519870047465982,0.38845547297739275,Medium,Lost Cause
8200-LGKSR,71,83.2,Two year,DSL,0,5,24,-0.0121898485973023,0.9214310802619176,High,Lost Cause
1568-BEKZM,70,90.05,Two year,DSL,0,6,24,-0.0769937985073515,0.22189672474150468,Low,Sleeping Dog
0670-ANMUU,71,97.65,One year,Fiber optic,0,3,12,-0.0764401780146391,0.04115535625596893,Low,Sleeping Dog
6897-RWMUB,61,68.05,Two year,DSL,0,4,24,-0.0666946566301634,0.003681801061146355,Low,Sleeping Dog
0963-ZBDRN,32,96.2,Month-to-month,Fiber optic,1,3,1,-0.1368767362146653,0.28084107195618063,Low,Sleeping Dog
7594-RQHXR,1,79.6,Month-to-month,Fiber optic,1,1,1,-0.332014788873508,0.0007981217896035113,Low,Sleeping Dog
6999-CHVCF,68,102.1,Two year,Fiber optic,0,4,24,-0.0912352460079429,0.11361288933908927,Low,Sleeping Dog
6134-KWTBV,62,23.4,Two year,No,0,0,24,0.3020515521325539,0.03085902027545206,Low,Sure Thing
1077-HUUJM,7,71.05,Month-to-month,Fiber optic,0,0,1,-0.156218419364147,0.028588574175361148,Low,Sleeping Dog
6331-EWIEB,20,85.25,Month-to-month,Fiber optic,1,1,1,-0.159405888983566,0.01652467881796113,Low,Sleeping Dog
0895-LNKRC,6,19.45,One year,No,0,0,12,0.2854741032504064,0.1580960938507076,Low,Sure Thing
2045-BMBTJ,33,59.45,Month-to-month,DSL,0,5,1,-0.0584288576731295,0.18490032900368977,Low,Sleeping Dog
8417-GSODA,28,92.2,One year,Fiber optic,0,2,12,-0.174327303056771,0.3564413013489413,Medium,Lost Cause
5171-EPLKN,27,19.85,Two year,No,0,0,24,0.2658239439832097,0.40761996398034245,Medium,Persuadable
4452-QIIEB,7,43.9,Month-to-month,DSL,0,0,1,-0.0399124620917585,0.002479876062359349,Low,Sleeping Dog
5998-VVEJY,26,80.5,Month-to-month,Fiber optic,1,1,1,-0.1963161696241143,0.009392132000697299,Low,Sleeping Dog
1624-NALOJ,5,89.8,Month-to-month,Fiber optic,1,2,1,-0.0582439899178585,0.37156804438450547,Medium,Lost Cause
6741-EGCBI,30,90.5,Month-to-month,Fiber optic,0,2,1,-0.174327303056771,0.4292018782782309,Medium,Lost Cause
7820-ZYGNY,63,90.45,One year,Fiber optic,0,2,12,-0.1328892896999479,0.010168490350255929,Low,Sleeping Dog
4317-VTEOA,1,50.75,Month-to-month,DSL,1,1,1,0.0003955187389117,0.03289583645698917,Low,Sure Thing
9677-AVKED,53,84.6,One year,DSL,0,5,12,-0.1543037125018716,0.06256874540390174,Low,Sleeping Dog
1670-SVOWZ,14,89.65,Month-to-month,Fiber optic,1,3,1,-0.1461505384888911,0.01384642396920783,Low,Sleeping Dog
2227-JRSJX,21,99.15,Month-to-month,Fiber optic,0,4,1,-0.1485748768216122,0.009762346501322053,Low,Sleeping Dog
9847-HNVGP,17,19.95,One year,No,0,0,12,0.2940007085510896,0.2130081024250139,Low,Sure Thing
6696-YDAYZ,16,20.5,Two year,No,0,0,24,0.3080748297183739,0.3155057611277568,Medium,Persuadable
8980-WQFWL,35,62.1,Month-to-month,DSL,0,2,1,0.0121829286915625,0.007165020687201603,Low,Sure Thing
1730-ZMAME,32,79.5,Month-to-month,Fiber optic,0,1,1,-0.1944608994522212,0.0020345987782980817,Low,Sleeping Dog
6506-EYCNH,28,19.55,Month-to-month,No,0,0,1,0.2658239439832097,0.0020934425035862825,Low,Sure Thing
4634-JLRJT,1,20.35,Month-to-month,No,0,0,1,0.2921349411193263,0.012109893247643116,Low,Sure Thing
9501-UKKNL,59,51.7,Month-to-month,DSL,0,3,1,-0.0358899569397253,0.13098960483169955,Low,Sleeping Dog
2560-QTSBS,72,23.3,One year,No,0,0,12,0.3087056166015536,0.6391413145482,High,Persuadable
7541-YLXCL,36,65.4,One year,DSL,1,3,12,-0.0187313713028554,0.012689146403332721,Low,Sleeping Dog
4795-WRNVT,40,65.1,Month-to-month,DSL,0,3,1,-0.0187313713028554,0.22390459744068036,Low,Sleeping Dog
6080-TCMYC,40,81.2,Month-to-month,Fiber optic,0,1,1,-0.1513664514337325,0.0010047991869068201,Low,Sleeping Dog
0260-ZDLGK,9,72.9,Month-to-month,DSL,1,4,1,0.8235540450928447,0.08389357928449796,Low,Sure Thing
7860-UXCRM,63,74.5,Two year,DSL,0,5,24,-0.0767718680615493,0.0581955011538039,Low,Sleeping Dog
6357-JJPQT,3,80.5,Month-to-month,Fiber optic,0,1,1,-0.0579096011047543,0.6767359110792007,High,Lost Cause
2292-XQWSV,40,60.3,One year,DSL,0,5,12,0.0121829286915625,0.011616998771673917,Low,Sure Thing
9552-TGUZV,8,75.0,Month-to-month,Fiber optic,0,1,1,-0.188895097959676,0.24461758249667043,Low,Sleeping Dog
5913-INRQV,34,90.15,One year,Fiber optic,0,3,12,-0.1724720328848779,0.001734782662548377,Low,Sleeping Dog
8722-NGNBH,5,40.0,Month-to-month,DSL,1,3,1,-0.1264365802249314,0.004004457658246766,Low,Sleeping Dog
6210-KBBPI,9,99.45,Month-to-month,Fiber optic,1,3,1,-0.1241052458807,0.7835422782426372,High,Lost Cause
9643-YBLUR,9,69.05,Month-to-month,DSL,0,3,1,-0.1435298108351631,0.14050754245538655,Low,Sleeping Dog
8734-FNWVH,31,59.7,Month-to-month,DSL,0,1,1,0.0332333842946051,0.05501782215260851,Low,Sure Thing
9447-YPTBX,50,19.85,One year,No,0,0,12,0.2874015447877719,0.5407551928832852,Medium,Persuadable
0133-BMFZO,2,86.25,Month-to-month,Fiber optic,1,3,1,0.1396222780061026,0.002176188817680313,Low,Sure Thing
6128-CZOMY,1,45.65,Month-to-month,DSL,1,0,1,-0.1340528840520785,0.0019949355804889366,Low,Sleeping Dog
9540-JYROE,8,70.1,Month-to-month,Fiber optic,1,0,1,-0.1626230392418849,0.5754747954319316,Medium,Lost Cause
9026-LHEVG,9,40.75,Month-to-month,DSL,0,2,1,-0.1203680629181135,0.01579744453140147,Low,Sleeping Dog
2260-USTRB,2,70.2,Month-to-month,Fiber optic,1,0,1,0.1718861534388553,0.00881032769947917,Low,Sure Thing
3656-TKRVZ,3,55.35,Month-to-month,DSL,1,2,1,-0.0489910386404601,0.43194773898600186,Medium,Lost Cause
7011-CVEUC,25,95.7,Month-to-month,Fiber optic,0,3,1,-0.1818264544050471,0.4864002587435851,Medium,Lost Cause
6185-TASNN,1,46.3,Month-to-month,DSL,0,0,1,-0.1340528840520785,0.004696011743277321,Low,Sleeping Dog
7925-PNRGI,45,81.3,Month-to-month,DSL,0,5,1,-0.1513664514337325,0.02143883681668929,Low,Sleeping Dog
8623-TMRBY,51,84.2,Month-to-month,Fiber optic,1,2,1,-0.1822878919884275,0.8732420217905136,High,Lost Cause
1552-CZCLL,55,20.0,Month-to-month,No,0,0,1,0.2874015447877719,0.1510778088118496,Low,Sure Thing
3038-PQIUY,38,66.15,Month-to-month,DSL,0,3,1,-0.0187313713028554,0.730595207541187,High,Lost Cause
1501-SGHBW,2,45.85,Month-to-month,DSL,1,0,1,-0.0847859362721762,0.3354408383319754,Medium,Lost Cause
9313-CDOGY,38,19.6,Month-to-month,No,0,0,1,0.3107736621735916,0.12376618035320448,Low,Sure Thing
8148-BPLZQ,34,49.8,Month-to-month,DSL,0,1,1,-0.0328346422457079,0.5159828281880164,Medium,Lost Cause
2623-DRYAM,70,101.75,One year,Fiber optic,0,3,12,-0.0912352460079429,0.20972913890709388,Low,Sleeping Dog
9987-LUTYD,13,55.15,One year,DSL,0,2,12,-0.0375526420302944,0.7514892629339114,High,Lost Cause
3208-YPIOE,39,75.25,Month-to-month,Fiber optic,1,0,1,-0.155834453108037,0.13492896240796226,Low,Sleeping Dog
4488-KQFDT,61,103.95,One year,Fiber optic,0,4,12,-0.2119074882942662,0.7877800469066271,High,Lost Cause
2612-RANWT,12,100.15,Month-to-month,Fiber optic,1,3,1,-0.0801423329937853,0.5848927099343202,Medium,Lost Cause
5693-PIPCS,41,99.65,Two year,Fiber optic,0,4,24,-0.1283624318079849,0.00833656179182243,Low,Sleeping Dog
0491-KAPQG,21,73.7,Month-to-month,Fiber optic,0,0,1,-0.1538983281528827,0.0018993531833859847,Low,Sleeping Dog
1925-LFCZZ,55,50.05,One year,DSL,0,3,12,-0.0759290902641967,0.0032141656950322966,Low,Sleeping Dog
8039-EQPIM,69,60.25,Two year,DSL,0,5,24,0.0016119918013591,0.3089618759223434,Medium,Persuadable
6900-PXRMS,26,105.75,Month-to-month,Fiber optic,1,4,1,-0.2913876242929505,0.018022571120509687,Low,Sleeping Dog
8707-RMEZH,69,87.3,One year,Fiber optic,0,3,12,-0.0790855971979795,0.0027047730438035608,Low,Sleeping Dog
3346-BRMIS,18,48.35,Month-to-month,DSL,1,3,1,-0.0733475396620104,0.26890589397625325,Low,Sleeping Dog
3209-ZPKFI,47,54.25,Month-to-month,DSL,0,1,1,-0.0207796884077924,0.09618824351321781,Low,Sleeping Dog
6479-VDGRK,72,85.3,Two year,DSL,0,6,24,-0.0710328253569911,0.654672808608173,High,Lost Cause
9373-WSLOY,33,50.0,Month-to-month,DSL,0,4,1,-0.0759290902641967,0.09389828992487319,Low,Sleeping Dog
2933-FILNV,2,24.4,Month-to-month,DSL,1,0,1,0.2934797071108728,0.011206714776311156,Low,Sure Thing
3569-JFODW,72,90.95,Two year,DSL,0,6,24,-0.068941026666363,0.26238093250164396,Low,Sleeping Dog
9819-FBNSV,37,72.25,Month-to-month,Fiber optic,0,0,1,-0.1662522225309967,0.013429982908630178,Low,Sleeping Dog
9544-PYPSJ,62,96.1,Month-to-month,Fiber optic,0,3,1,-0.109719221827723,0.003743916308305669,Low,Sleeping Dog
1591-XWLGB,71,19.85,Two year,No,0,0,24,0.3059406368399833,0.014936624056373318,Low,Sure Thing
0396-UKGAI,23,55.3,Month-to-month,DSL,0,2,1,-0.0409921334214198,0.7934278466145148,High,Lost Cause
3243-ZHOHY,16,20.1,One year,No,0,0,12,0.2940007085510896,0.006403615409138083,Low,Sure Thing
5186-EJEGL,9,69.5,Month-to-month,DSL,0,4,1,-0.1435298108351631,0.052122682130072956,Low,Sleeping Dog
7527-QNRUS,17,25.15,Two year,No,0,0,24,0.3080748297183739,0.020236691072072977,Low,Sure Thing
9986-BONCE,4,20.95,Month-to-month,No,1,0,1,0.2934797071108728,0.16291080318791296,Low,Sure Thing
2722-JMONI,1,49.55,Month-to-month,DSL,1,1,1,0.0003955187389117,0.0021453164011484976,Low,Sure Thing
2203-GHNWN,24,79.65,Month-to-month,Fiber optic,0,1,1,-0.1963161696241143,0.9482043557873281,High,Lost Cause
3878-AVSOQ,1,71.25,Month-to-month,Fiber optic,0,0,1,-0.5765863015622662,0.35730790819878727,Medium,Lost Cause
3258-SYSWS,72,113.8,Two year,Fiber optic,0,6,24,-0.290842507925088,0.662465362787088,High,Lost Cause
5296-PSYVW,72,24.55,Two year,No,0,0,24,0.3087056166015536,0.05323138119482112,Low,Sure Thing
6319-QSUSR,11,19.7,Month-to-month,No,0,0,1,0.2854741032504064,0.0010062283705009115,Low,Sure Thing
4083-EUGRJ,9,20.25,Month-to-month,No,1,0,1,0.2854741032504064,0.1991067189660045,Low,Sure Thing
7579-OOPEC,2,50.15,Month-to-month,DSL,1,1,1,-0.0610459924783757,0.6299201759841538,High,Lost Cause
0512-FLFDW,60,100.5,One year,Fiber optic,0,3,12,0.0600340722002263,0.422569059861648,Medium,Persuadable
1771-OADNZ,29,95.9,Month-to-month,Fiber optic,1,3,1,-0.1818264544050471,0.006035725422538066,Low,Sleeping Dog
0487-CRLZF,49,74.45,Two year,DSL,0,4,24,-0.1039923278597232,0.003378970785833437,Low,Sleeping Dog
2107-FBPTK,30,104.1,Month-to-month,Fiber optic,0,4,1,-0.1662862008623015,0.18176734260064872,Low,Sleeping Dog
9451-WLYRI,53,19.05,One year,No,0,0,12,0.3040797047256611,0.004192819033565707,Low,Sure Thing
8219-VYBVI,39,25.0,Two year,No,0,0,24,0.3248477833408759,0.8595733665497852,High,Persuadable
1991-VOPLL,9,19.05,Month-to-month,No,0,0,1,0.3021522631882957,0.5363049767382512,Medium,Persuadable
9738-QLWTP,39,81.9,One year,Fiber optic,0,2,12,-0.1513664514337325,0.1716016824216309,Low,Sleeping Dog
1016-DJTSV,8,69.7,Month-to-month,Fiber optic,0,0,1,-0.1435298108351631,0.03866563359345318,Low,Sleeping Dog
9419-IPPBE,51,90.15,One year,Fiber optic,0,2,12,-0.1444878533983221,0.07679655489786881,Low,Sleeping Dog
0174-QRVVY,71,25.35,Two year,No,0,0,24,0.3200147580072676,0.8717821723078459,High,Persuadable
5699-BNCAS,71,24.65,Two year,No,0,0,24,0.3119619861662792,0.07316192892427402,Low,Sure Thing
2900-PHPLN,70,19.55,Two year,No,0,0,24,0.2978878649989949,0.7528242014887833,High,Persuadable
0612-RTZZA,1,25.25,Month-to-month,DSL,1,0,1,0.2921349411193263,0.21186591411287772,Low,Sure Thing
8106-GWQOK,38,60.0,Two year,DSL,0,5,24,0.0121829286915625,0.08545697175174764,Low,Sure Thing
8751-EDEKA,28,89.9,Month-to-month,Fiber optic,0,3,1,-0.174327303056771,0.08592696196546974,Low,Sleeping Dog
6878-GGDWG,32,19.4,Month-to-month,No,0,0,1,0.3107736621735916,0.7744802190207589,High,Persuadable
4039-PIMHX,49,49.8,Two year,DSL,0,1,24,-0.0759290902641967,0.010623765897705978,Low,Sleeping Dog
8450-LUGUK,37,24.1,Two year,No,0,0,24,0.3248477833408759,0.01304509680947233,Low,Sure Thing
3604-WLABM,10,54.25,Month-to-month,DSL,0,2,1,-0.0429225213336422,0.3595166949776141,Medium,Lost Cause
0795-GMVQO,67,109.9,One year,Fiber optic,0,5,12,0.0313085620385817,0.12315818940657054,Low,Sure Thing
2259-OUUSZ,7,35.5,One year,DSL,0,2,12,-0.1203680629181135,0.03225290283926076,Low,Sleeping Dog
1142-IHLOO,51,87.55,One year,Fiber optic,0,2,12,-0.1465796520889501,0.22404355695997055,Low,Sleeping Dog
6410-LEFEN,9,45.15,Month-to-month,DSL,1,0,1,-0.0787174189653582,0.009349571019165179,Low,Sleeping Dog
4633-MKHYU,9,88.4,Month-to-month,Fiber optic,0,2,1,-0.1947171429797015,0.668699795427984,High,Lost Cause
6257-RJOHI,4,50.8,Month-to-month,DSL,0,1,1,-0.0489910386404601,0.018200278667753842,Low,Sleeping Dog
1545-JFUML,71,99.0,Two year,Fiber optic,0,4,24,-0.0682599683181122,0.5179848584583929,Medium,Lost Cause
3194-ORPIK,50,84.4,Month-to-month,Fiber optic,1,1,1,-0.1543037125018716,0.7171532707511977,High,Lost Cause
7826-VVKWT,24,96.55,Two year,Fiber optic,0,3,24,-0.1818264544050471,0.031116700460579214,Low,Sleeping Dog
1353-GHZOS,22,59.75,One year,DSL,0,2,12,-0.0355468546682681,0.08080349297530141,Low,Sleeping Dog
2587-EKXTS,44,111.5,Month-to-month,Fiber optic,0,5,1,-0.0340691537234538,0.021048050361118686,Low,Sleeping Dog
5442-BXVND,33,24.25,Month-to-month,No,0,0,1,0.3248477833408759,0.05901351301646546,Low,Sure Thing
8816-VXNZD,1,75.1,Month-to-month,Fiber optic,1,0,1,-0.7112487026152903,0.1286963226830146,Low,Sleeping Dog
9378-FXTIZ,54,70.15,One year,DSL,1,2,12,-0.0719855469269859,0.8720390355136866,High,Lost Cause
1723-HKXJQ,42,101.75,Month-to-month,Fiber optic,1,3,1,-0.151671804207969,0.005215572112523639,Low,Sleeping Dog
7825-GKXMW,1,45.8,Month-to-month,DSL,1,0,1,-0.1340528840520785,0.020889073805147474,Low,Sleeping Dog
9753-OYLBX,1,20.5,Month-to-month,No,0,0,1,0.2921349411193263,0.011216509786053307,Low,Sure Thing
2364-UFROM,30,70.4,One year,DSL,0,4,12,-0.1750491711378454,0.004847382965892859,Low,Sleeping Dog
6656-JWRQX,1,30.55,Month-to-month,DSL,0,1,1,-1.0375547392322086,0.044035035976024456,Low,Sleeping Dog
6473-ULUHT,16,84.9,Month-to-month,DSL,0,5,1,-0.1559663975924406,0.9779819731447436,High,Lost Cause
1240-KNSEZ,1,20.1,Month-to-month,No,1,0,1,0.278060819952042,0.0011703416008852757,Low,Sure Thing
0836-SEYLU,9,40.65,Month-to-month,DSL,1,2,1,-0.1203680629181135,0.35250808528422284,Medium,Lost Cause
4433-JCGCG,46,101.0,Month-to-month,Fiber optic,1,3,1,-0.1947662522264578,0.04609281027702892,Low,Sleeping Dog
3716-BDVDB,1,69.1,Month-to-month,Fiber optic,1,0,1,-0.4028498447391783,0.04877738328621983,Low,Sleeping Dog
7688-AWMDX,71,54.5,Two year,DSL,0,2,24,-0.0039716109486135,0.054631776821393085,Low,Sleeping Dog
2842-BCQGE,43,75.35,Month-to-month,Fiber optic,0,0,1,-0.155834453108037,0.21956177828308374,Low,Sleeping Dog
7244-QWYHG,50,44.45,One year,DSL,0,3,12,-0.0716848545714414,0.5627662636000098,Medium,Lost Cause
5899-MQZZL,13,75.0,Month-to-month,Fiber optic,1,0,1,-0.1835252186563282,0.005043561835465304,Low,Sleeping Dog
6849-OYAMU,19,100.0,One year,Fiber optic,1,4,12,-0.1451353854304868,0.04732959396611878,Low,Sleeping Dog
5312-UXESG,41,98.05,Month-to-month,Fiber optic,0,3,1,-0.1368767362146653,0.007402843417335079,Low,Sleeping Dog
9488-HGMJH,1,71.15,Month-to-month,Fiber optic,1,0,1,-0.5765863015622662,0.8217160399155098,High,Lost Cause
6038-GCYEC,24,54.15,Month-to-month,DSL,1,4,1,-0.0657294065981742,0.002232534651265976,Low,Sleeping Dog
2150-WLKUW,40,63.9,One year,DSL,0,2,12,-0.0187313713028554,0.4496312893070719,Medium,Lost Cause
7159-FVYPK,3,69.15,Month-to-month,DSL,0,3,1,-0.0896779329829589,0.01862552950624369,Low,Sleeping Dog
7032-LMBHI,37,64.65,One year,DSL,0,2,12,-0.0187313713028554,0.024947142482879214,Low,Sleeping Dog
1150-WFARN,67,108.75,Two year,Fiber optic,1,5,24,0.0377385481177483,0.07805979669995305,Low,Sure Thing
6088-BXMRG,32,98.85,Month-to-month,Fiber optic,0,3,1,-0.0428075534406812,0.19160645831358358,Low,Sleeping Dog
3144-AUDBS,6,49.15,Month-to-month,DSL,1,1,1,-0.0549774751715577,0.44569059427870134,Medium,Lost Cause
4821-SJHJV,32,89.6,Month-to-month,Fiber optic,0,2,1,-0.1293775848663892,0.015980522622475152,Low,Sleeping Dog
7346-MEDWM,59,83.25,Month-to-month,Fiber optic,0,2,1,-0.0877366753292614,0.01760299225383567,Low,Sleeping Dog
1137-DGOWI,30,70.25,One year,DSL,0,4,12,-0.2802233950235502,0.4221992535072021,Medium,Lost Cause
5616-PRTNT,20,19.4,Month-to-month,No,1,0,1,0.2905612171599642,0.07677982486625544,Low,Sure Thing
3812-LRZIR,27,24.5,Two year,No,0,0,24,0.279898065150494,0.029718806185937464,Low,Sure Thing
4818-QIUFN,20,79.15,Month-to-month,Fiber optic,1,1,1,-0.1760468981216644,0.014193370007811339,Low,Sleeping Dog
9483-GCPWE,9,20.1,One year,No,0,0,12,0.2854741032504064,0.02551743305240999,Low,Sure Thing
4227-OJHAL,68,73.0,One year,DSL,0,4,12,-0.0576274288394297,0.1743691305866629,Low,Sleeping Dog
9220-CXRSC,69,61.4,Two year,DSL,0,2,24,0.0016119918013591,0.009486583953086531,Low,Sure Thing
4993-JCRGJ,26,84.3,Month-to-month,Fiber optic,0,2,1,-0.1841431621603205,0.1664867289131656,Low,Sleeping Dog
9537-JALFH,69,19.9,Two year,No,0,0,24,0.3059406368399833,0.9330945884511378,High,Persuadable
6698-OXETB,11,20.4,Two year,No,0,0,24,0.2995482244176907,0.00668342316492723,Low,Sure Thing
2103-ZRXFN,1,50.75,Month-to-month,DSL,0,0,1,0.0003955187389117,0.3812031977124844,Medium,Persuadable
3724-BSCVH,10,20.45,One year,No,0,0,12,0.2995482244176907,0.08657340316738656,Low,Sure Thing
4877-TSOFF,55,75.75,One year,DSL,0,4,12,-0.1553228255401703,0.5516505887374997,Medium,Lost Cause
9209-NWPGU,44,65.4,One year,DSL,0,3,12,-0.0187313713028554,0.023092873950321193,Low,Sleeping Dog
6961-VCPMC,46,80.4,Month-to-month,Fiber optic,1,1,1,-0.1944608994522212,0.7523777003202441,High,Lost Cause
7306-YDSOI,69,59.75,Two year,DSL,0,3,24,0.0014736678045381,0.15461890660847366,Low,Sure Thing
5288-AHOUP,11,78.5,Month-to-month,Fiber optic,0,1,1,-0.188895097959676,0.003015309747890228,Low,Sleeping Dog
6688-UZPWD,11,102.0,Month-to-month,Fiber optic,1,3,1,-0.406716191287876,0.00530044158890377,Low,Sleeping Dog
0655-YDGFJ,29,48.95,Month-to-month,DSL,0,1,1,-0.1015243042298903,0.008621562752306819,Low,Sleeping Dog
8468-EHYJA,57,99.65,Month-to-month,Fiber optic,0,3,1,-0.1434727003399177,0.5943599293226812,Medium,Lost Cause
6823-SIDFQ,28,18.25,One year,No,0,0,12,0.2825021039210989,0.009216305688492422,Low,Sure Thing
1097-FSPVW,42,54.55,Month-to-month,DSL,0,2,1,-0.0207796884077924,0.049120800602267485,Low,Sleeping Dog
2839-RFSQE,2,20.65,Month-to-month,No,1,0,1,0.2934797071108728,0.4683945140247004,Medium,Persuadable
8328-SKJNO,23,40.65,One year,DSL,0,3,12,-0.1184376750058911,0.9268039101948015,High,Lost Cause
7010-ZMVBF,18,20.45,Month-to-month,No,0,0,1,0.3080748297183739,0.09194451459290132,Low,Sure Thing
5201-CBWYG,62,24.8,One year,No,0,0,12,0.3020515521325539,0.24832149717067098,Low,Sure Thing
0968-GSIKN,1,70.8,Month-to-month,Fiber optic,1,0,1,-0.5765863015622662,0.49420228137686023,Medium,Lost Cause
1965-DDBWU,16,89.05,Month-to-month,Fiber optic,1,2,1,-0.1461505384888911,0.643840020894811,High,Lost Cause
9057-SIHCH,3,96.6,Month-to-month,Fiber optic,1,2,1,0.10509753480353,0.8021256621861349,High,Persuadable
6352-GIGGQ,67,88.8,One year,DSL,0,6,12,-0.1328892896999479,0.006756338859845967,Low,Sleeping Dog
3635-QQRQD,62,20.05,Two year,No,0,0,24,0.2879774309652697,0.014601614473010198,Low,Sure Thing
6771-XWBDM,57,104.5,Month-to-month,Fiber optic,1,4,1,-0.1364467512038525,0.07717335417516281,Low,Sleeping Dog
2897-DOVND,2,69.8,Month-to-month,Fiber optic,0,0,1,-0.0896779329829589,0.01008098493024419,Low,Sleeping Dog
3082-YVEKW,23,77.15,Two year,DSL,0,4,24,-0.1760468981216644,0.7159720613421428,High,Lost Cause
0191-EQUUH,25,35.05,Two year,DSL,0,2,24,-0.1431749481826455,0.03114156802159122,Low,Sleeping Dog
7134-HBPBS,72,108.1,Two year,Fiber optic,0,5,24,0.1511481843491607,0.0026303609464107705,Low,Sure Thing
3489-HHPFY,2,84.05,Month-to-month,Fiber optic,0,1,1,0.0251151736513405,0.27164899694298783,Low,Sure Thing
2926-JEJJC,8,20.2,One year,No,0,0,12,0.2854741032504064,0.5994252588727935,Medium,Persuadable
8601-QACRS,5,50.6,Month-to-month,DSL,1,0,1,-0.0610459924783757,0.03251568597087374,Low,Sleeping Dog
4950-BDEUX,35,49.2,Month-to-month,DSL,0,3,1,-0.0328346422457079,0.5640058894546683,Medium,Lost Cause
5789-LDFXO,24,24.6,One year,No,0,0,12,0.279898065150494,0.5966777815423255,Medium,Persuadable
0508-OOLTO,2,71.65,Month-to-month,Fiber optic,0,0,1,-0.1023665415119428,0.7853414047672209,High,Lost Cause
2984-TBYKU,72,104.9,Two year,Fiber optic,0,5,24,-0.0443776791252743,0.037290716590550756,Low,Sleeping Dog
9822-WMWVG,41,106.5,Month-to-month,Fiber optic,0,5,1,-0.1380979043388044,0.20261800941012206,Low,Sleeping Dog
2391-SOORI,4,49.35,Month-to-month,DSL,1,1,1,-0.0610459924783757,0.030397577777522892,Low,Sleeping Dog
9040-KZVWO,26,75.5,One year,Fiber optic,0,1,12,-0.2007841712984188,0.03567241700732174,Low,Sleeping Dog
2645-QTLMB,7,94.25,Month-to-month,Fiber optic,1,3,1,-0.1947171429797015,0.521915227467877,Medium,Lost Cause
4806-HIPDW,1,68.95,Month-to-month,Fiber optic,1,0,1,-0.4028498447391783,0.0014023505565821757,Low,Sleeping Dog
1548-ARAGG,4,58.5,Month-to-month,DSL,0,2,1,-0.0435457598873084,0.011039372538061365,Low,Sleeping Dog
6339-RZCBJ,48,78.9,Two year,DSL,0,5,24,-0.1709447216399699,0.26135846349855957,Low,Sleeping Dog
4424-TKOPW,2,93.85,Month-to-month,Fiber optic,1,2,1,0.0848424886548552,0.7941263327794638,High,Persuadable
4415-WNGVR,12,79.2,One year,DSL,0,5,12,-0.1772557448634298,0.336860359754166,Medium,Lost Cause
2522-AHJXR,60,109.45,Month-to-month,Fiber optic,0,5,1,0.0377385481177483,0.024473580620597457,Low,Sure Thing
0412-UCCNP,55,59.2,Two year,DSL,0,3,24,-0.0304446781865736,0.0015448236991750502,Low,Sleeping Dog
1816-FLZDK,1,29.15,Month-to-month,DSL,0,1,1,-0.953815985591798,0.7784117869073909,High,Lost Cause
7096-UCLNH,1,20.05,Month-to-month,No,0,0,1,0.278060819952042,0.7350116701756839,High,Persuadable
8443-ZRDBZ,4,76.05,Month-to-month,Fiber optic,1,0,1,-0.1445596396750117,0.10071479886372947,Low,Sleeping Dog
9136-ALYBR,1,24.45,Month-to-month,DSL,1,0,1,0.2921349411193263,0.07490573601720875,Low,Sure Thing
4615-PIVVU,42,66.5,Two year,DSL,0,3,24,-0.0187313713028554,0.004851957588231387,Low,Sleeping Dog
8885-QSQBX,1,49.55,Month-to-month,DSL,0,1,1,0.0003955187389117,0.058831057630897764,Low,Sure Thing
7479-NITWS,7,89.35,Month-to-month,Fiber optic,1,2,1,-0.1947171429797015,0.5975835199305948,Medium,Lost Cause
8617-ENBDS,3,73.6,Month-to-month,Fiber optic,0,1,1,-0.0749318746754827,0.4083625173620615,Medium,Lost Cause
9385-NXKDA,72,82.65,Two year,DSL,0,5,24,-0.0753079971339067,0.003954745326215838,Low,Sleeping Dog
0430-IHCDJ,15,49.0,Month-to-month,DSL,0,0,1,-0.3268824084104601,0.4264453606962178,Medium,Lost Cause
2959-MJHIC,4,80.35,Month-to-month,Fiber optic,1,1,1,-0.1400916380007072,0.7929656851884875,High,Lost Cause
6674-KVJHG,11,25.2,One year,No,0,0,12,0.2995482244176907,0.19255557197572504,Low,Sure Thing
1814-DKOLC,5,25.45,Month-to-month,No,0,0,1,0.2934797071108728,0.0036546856795841905,Low,Sure Thing
4201-JMNGR,1,55.8,Month-to-month,DSL,1,2,1,0.0377081018536816,0.00498724028772228,Low,Sure Thing
9351-HXDMR,72,110.9,Two year,Fiber optic,0,5,24,0.1527709701109826,0.24551280126792338,Low,Sure Thing
3537-HPKQT,55,77.75,Month-to-month,Fiber optic,0,1,1,-0.1553228255401703,0.7456536503553567,High,Lost Cause
2129-ALKBS,40,26.2,Month-to-month,No,0,0,1,0.3248477833408759,0.4316935123351731,Medium,Persuadable
5821-MMEIL,57,19.9,Two year,No,0,0,24,0.2874015447877719,0.02482144185519981,Low,Sure Thing
5960-WPXQM,1,79.05,Month-to-month,Fiber optic,1,1,1,-0.3364827905478125,0.6437928050245362,High,Lost Cause
0684-AOSIH,1,95.0,Month-to-month,Fiber optic,1,3,1,-0.2228773026061093,0.1548928947082733,Low,Sleeping Dog
8260-NGFNY,1,25.2,Month-to-month,DSL,1,0,1,0.2921349411193263,0.1474304556825621,Low,Sure Thing
1309-XGFSN,52,80.85,One year,DSL,0,4,12,-0.1788390033524216,0.02000929856528029,Low,Sleeping Dog
1866-RZZQS,41,98.4,Month-to-month,Fiber optic,1,3,1,-0.179971184233154,0.19047788484082492,Low,Sleeping Dog
6968-URWQU,43,56.35,One year,DSL,0,1,12,0.0306744548424291,0.7265287003182744,High,Persuadable
4742-TXUEX,47,19.3,Two year,No,0,0,24,0.3107736621735916,0.007547484359232851,Low,Sure Thing
9631-XEYKE,3,50.4,Month-to-month,DSL,0,0,1,-0.0610459924783757,0.012428745489267463,Low,Sleeping Dog
8631-NBHFZ,66,79.4,Two year,DSL,1,5,24,-0.1085870409469906,0.2235253053903942,Low,Sleeping Dog
1335-MXCSE,55,55.25,Two year,DSL,0,2,24,-0.0358899569397253,0.29725841281972115,Low,Sleeping Dog
8873-TMKGR,29,19.1,One year,No,0,0,12,0.2825021039210989,0.04075504682169489,Low,Sure Thing
8800-JOOCF,12,84.05,Month-to-month,Fiber optic,0,1,1,-0.0909733451557391,0.7641119455358844,High,Lost Cause
1469-LBJQJ,66,105.2,Month-to-month,Fiber optic,0,4,1,-0.1083259421588591,0.10335118674626809,Low,Sleeping Dog
4958-XCBDQ,35,101.4,Month-to-month,Fiber optic,1,3,1,-0.1947662522264578,0.6060439160212202,High,Lost Cause
8337-UPOAQ,10,89.8,Month-to-month,Fiber optic,1,2,1,-0.1515204177922389,0.2923371223464766,Low,Sleeping Dog
0064-YIJGF,27,75.75,Month-to-month,Fiber optic,0,0,1,-0.2007841712984188,0.612909684272016,High,Lost Cause
2386-OWURY,58,95.3,Month-to-month,Fiber optic,0,3,1,-0.1519870047465982,0.10165586016924759,Low,Sleeping Dog
1725-IQNIY,54,109.75,Two year,Fiber optic,1,6,24,0.0153197518094832,0.1720092215126744,Low,Sure Thing
0310-VQXAM,9,19.85,Month-to-month,No,0,0,1,0.2854741032504064,0.009671369219267022,Low,Sure Thing
6598-RFFVI,2,19.3,One year,No,1,0,12,0.2794055859435885,0.39873064991386675,Medium,Persuadable
3453-RTHJQ,6,69.1,Month-to-month,Fiber optic,0,0,1,-0.1435298108351631,0.3468609636657873,Medium,Lost Cause
6712-OAWRH,26,91.25,Month-to-month,Fiber optic,1,2,1,-0.174327303056771,0.005702933662610738,Low,Sleeping Dog
6278-FEPBZ,9,20.25,Month-to-month,No,0,0,1,0.2854741032504064,0.8631036230757703,High,Persuadable
4280-DLSHD,8,54.75,Month-to-month,DSL,0,2,1,-0.0429225213336422,0.10826582460568623,Low,Sleeping Dog
1508-DFXCU,12,81.45,Month-to-month,Fiber optic,0,1,1,-0.1140641645453221,0.7234221193564029,High,Lost Cause
8614-VGMMV,15,49.1,Month-to-month,DSL,1,0,1,-0.3268824084104601,0.7019497534028593,High,Lost Cause
7868-BGSZA,43,80.2,One year,DSL,0,4,12,-0.1513664514337325,0.9661622431507899,High,Lost Cause
2800-QQUSO,42,100.3,Month-to-month,Fiber optic,0,3,1,-0.1283624318079849,0.026551952762953218,Low,Sleeping Dog
2930-UOTMB,31,65.25,Month-to-month,DSL,1,3,1,0.0298364226463904,0.07537856033574987,Low,Sure Thing
7973-DZRKH,66,90.95,Two year,Fiber optic,0,3,24,-0.1328892896999479,0.6080928806688629,High,Lost Cause
5914-DVBWJ,18,85.45,Month-to-month,Fiber optic,1,2,1,-0.1482423371795192,0.5559337503736915,Medium,Lost Cause
7698-YFGEZ,1,20.0,Month-to-month,No,0,0,1,0.278060819952042,0.9485299955050669,High,Persuadable
2533-QVMSK,61,94.1,Two year,Fiber optic,1,3,24,-0.1328892896999479,0.006269095196476827,Low,Sleeping Dog
9773-PEQBZ,10,79.85,Month-to-month,Fiber optic,0,1,1,-0.1844270962853715,0.0034024342940935748,Low,Sleeping Dog
8644-XLFBW,1,71.65,Month-to-month,Fiber optic,1,0,1,-0.5765863015622662,0.9050491665915641,High,Lost Cause
0650-BWOZN,18,73.55,Month-to-month,Fiber optic,0,1,1,-0.1504588367617573,0.5802390995489084,Medium,Lost Cause
8625-AZYZY,24,104.65,Month-to-month,Fiber optic,1,4,1,-0.1662862008623015,0.06130073218786199,Low,Sleeping Dog
7785-RDVIG,3,19.3,Month-to-month,No,0,0,1,0.2794055859435885,0.3114916408063942,Medium,Persuadable
9602-WCXPI,50,20.15,One year,No,0,0,12,0.2874015447877719,0.014918015487689111,Low,Sure Thing
2903-YYTBW,1,44.55,Month-to-month,DSL,0,0,1,-0.1340528840520785,0.7740246810567998,High,Lost Cause
3620-MWJNE,2,54.45,Month-to-month,DSL,0,2,1,-0.0489910386404601,0.6829086635403251,High,Lost Cause
8573-JGCZW,17,19.65,One year,No,0,0,12,0.2940007085510896,0.08060861346313129,Low,Sure Thing
6837-HAEVO,69,105.0,Two year,Fiber optic,0,4,24,-0.0443776791252743,0.057142201159726645,Low,Sleeping Dog
6701-YVNQG,72,88.7,Two year,DSL,0,6,24,-0.068941026666363,0.7850429305842094,High,Lost Cause
9306-CPCBC,3,74.25,Month-to-month,Fiber optic,1,0,1,-0.0692940297079543,0.5509884393537495,Medium,Lost Cause
4304-XUMGI,50,75.15,Two year,DSL,0,4,24,-0.1989289011265257,0.003737053917994101,Low,Sleeping Dog
9504-YAZWB,53,20.25,Two year,No,0,0,24,0.2874015447877719,0.09892579076769166,Low,Sure Thing
8819-ZBYNA,58,109.1,Two year,Fiber optic,0,5,24,-0.0073793911919514,0.1027202960118394,Low,Sleeping Dog
6174-NRBTZ,46,30.75,One year,DSL,0,1,12,0.1722711443844683,0.10724273610325814,Low,Sure Thing
9481-IEBZY,72,112.9,Month-to-month,Fiber optic,0,6,1,-0.508399993763585,0.5846501263196114,Medium,Lost Cause
1833-VGRUM,1,74.2,Month-to-month,Fiber optic,1,0,1,-1.0589780680955478,0.22741473270147664,Low,Sleeping Dog
6137-NICCO,6,94.05,Month-to-month,Fiber optic,0,3,1,-0.1947171429797015,0.005033370197614555,Low,Sleeping Dog
9065-ZCPQX,72,78.85,Two year,DSL,0,5,24,-0.0797759988082112,0.5318373593038687,Medium,Lost Cause
6402-EJMWF,4,55.3,Month-to-month,DSL,0,1,1,-0.0489910386404601,0.013720025071799723,Low,Sleeping Dog
3620-EHIMZ,52,19.35,Two year,No,0,0,24,0.2874015447877719,0.6451528222960256,High,Persuadable
3213-VVOLG,0,25.35,Two year,No,0,0,24,0.2921349411193263,0.3659696682619022,Medium,Persuadable
6870-ECSHE,2,20.45,One year,No,0,0,12,0.2934797071108728,0.47786567326083734,Medium,Persuadable
8747-UDCOI,65,19.35,Two year,No,0,0,24,0.2879774309652697,0.2224436378706953,Low,Sure Thing
8374-XGEJJ,43,101.0,Month-to-month,Fiber optic,1,3,1,-0.1947662522264578,0.554975783900901,Medium,Lost Cause
2656-TABEH,4,100.2,Month-to-month,Fiber optic,1,3,1,-0.1032279652945761,0.8222853119147174,High,Lost Cause
6946-LMSQS,25,89.05,One year,Fiber optic,1,2,12,-0.174327303056771,0.1184739390075431,Low,Sleeping Dog
4626-OZDTJ,51,78.65,One year,DSL,0,4,12,-0.1709447216399699,0.0027592444983209467,Low,Sleeping Dog
9169-BSVIN,12,74.75,Month-to-month,DSL,0,3,1,-0.1772557448634298,0.11075394877668084,Low,Sleeping Dog
2325-ZUSFD,57,70.1,One year,DSL,1,3,12,-0.1290507668223793,0.1167039168619246,Low,Sleeping Dog
8194-PEEBY,24,19.9,One year,No,0,0,12,0.2658239439832097,0.039248806398404376,Low,Sure Thing
6872-HXFNF,64,58.35,One year,DSL,0,2,12,-0.0298687920090758,0.5494081440029404,Medium,Lost Cause
3932-CMDTD,4,105.65,One year,Fiber optic,1,5,12,0.0564055868899939,0.02254131203867675,Low,Sure Thing
7714-YXSMB,26,100.5,Month-to-month,Fiber optic,0,3,1,-0.0120731603770977,0.001357947439458308,Low,Sleeping Dog
8387-UGUSU,15,20.05,Month-to-month,No,0,0,1,0.2940007085510896,0.5956629239127119,Medium,Persuadable
1080-BWSYE,64,25.65,Two year,No,0,0,24,0.3327207713530549,0.0044000997186942545,Low,Sure Thing
4039-HEUNW,36,96.5,Month-to-month,Fiber optic,1,3,1,-0.179971184233154,0.13819779733317927,Low,Sleeping Dog
1194-HVAIF,27,95.0,Month-to-month,Fiber optic,0,2,1,-0.174327303056771,0.6580191784428608,High,Lost Cause
0812-WUPTB,1,70.85,Month-to-month,Fiber optic,1,0,1,-0.5765863015622662,0.4497491852864528,Medium,Lost Cause
3594-UVONA,35,85.95,One year,DSL,1,5,12,-0.1314693835570173,0.7294900237547884,High,Lost Cause
0004-TLHLJ,4,73.9,Month-to-month,Fiber optic,1,1,1,-0.2249132514343471,0.012599094850084822,Low,Sleeping Dog
1767-TGTKO,8,45.45,Month-to-month,DSL,0,0,1,-0.0787174189653582,0.02116872853159245,Low,Sleeping Dog
8439-LTUGF,10,20.0,Month-to-month,No,0,0,1,0.2854741032504064,0.07754368248627565,Low,Sure Thing
8805-JNRAZ,2,49.2,Month-to-month,DSL,0,1,1,-0.0610459924783757,0.017038615299496542,Low,Sleeping Dog
5089-IFSDP,58,109.45,Two year,Fiber optic,1,5,24,-0.0073793911919514,0.5191882411473004,Medium,Lost Cause
6418-HNFED,51,83.25,Two year,DSL,0,6,24,-0.103358571429061,0.021157226980855995,Low,Sleeping Dog
0206-OYVOC,46,19.25,Two year,No,0,0,24,0.3107736621735916,0.277718379653124,Low,Sure Thing
7291-CDTMJ,1,19.65,Month-to-month,No,0,0,1,0.278060819952042,0.185218936582357,Low,Sure Thing
7128-GGCNO,46,72.8,Month-to-month,Fiber optic,0,0,1,-0.1913903675042347,0.0594711059380262,Low,Sleeping Dog
0237-YFUTL,50,109.65,Month-to-month,Fiber optic,0,5,1,0.0217497378886498,0.7751597972621364,High,Persuadable
7691-KGKGP,53,65.0,Month-to-month,DSL,0,3,1,-0.0338416398347883,0.155339489196138,Low,Sleeping Dog
6710-HSJRD,61,114.1,Month-to-month,Fiber optic,0,5,1,-0.4912634163635948,0.22761601491486858,Low,Sleeping Dog
3675-EQOZA,5,20.65,Month-to-month,No,0,0,1,0.2934797071108728,0.659653635731085,High,Persuadable
0840-DCNZE,47,86.95,One year,DSL,0,6,12,-0.1314693835570173,0.7117005756021623,High,Lost Cause
1732-FEKLD,54,94.75,One year,Fiber optic,0,3,12,-0.1444878533983221,0.9098737948826138,High,Lost Cause
9862-KJTYK,19,25.35,Month-to-month,DSL,0,0,1,0.3080748297183739,0.11778461771853015,Low,Sure Thing
0479-HMSWA,26,105.45,Two year,Fiber optic,0,5,24,-0.1497639555156823,0.040690649767057184,Low,Sleeping Dog
5854-KSRBJ,70,25.4,Two year,No,0,0,24,0.3200147580072676,0.7635963413615746,High,Persuadable
0365-BZUWY,17,102.55,Month-to-month,Fiber optic,0,4,1,0.0612654875615535,0.00656682777707047,Low,Sure Thing
4817-VYYWS,30,100.2,Month-to-month,Fiber optic,1,3,1,-0.1733121499983667,0.011004210505908356,Low,Sleeping Dog
5701-SVCWR,1,24.0,Month-to-month,No,0,0,1,0.2921349411193263,0.10250160736296576,Low,Sure Thing
3129-AAQOU,19,25.6,Two year,No,0,0,24,0.3080748297183739,0.025504663622900086,Low,Sure Thing
4922-CVPDX,26,73.5,Two year,DSL,0,4,24,-0.1786356013296372,0.905536404502132,High,Lost Cause
1396-QWFBJ,21,74.05,Month-to-month,Fiber optic,1,1,1,-0.1543290004921723,0.443747664049668,Medium,Lost Cause
1357-BIJKI,50,98.25,One year,Fiber optic,0,3,12,-0.1519870047465982,0.4092054750928575,Medium,Lost Cause
1099-BTKWT,68,54.4,One year,DSL,0,4,12,-0.0039716109486135,0.7066517643784853,High,Lost Cause
5299-SJCZT,3,101.55,Month-to-month,Fiber optic,1,3,1,-0.2503196216506573,0.22455995541226292,Low,Sleeping Dog
2018-PZKMU,9,103.1,Month-to-month,Fiber optic,0,4,1,-0.6243790527044396,0.0030402252432382587,Low,Sleeping Dog
7340-KEFQE,51,34.2,Two year,DSL,0,2,24,-0.1133354985241966,0.0037393565087371996,Low,Sleeping Dog
4570-QHXHL,9,43.75,Month-to-month,DSL,0,0,1,-0.0399124620917585,0.0029137999886371876,Low,Sleeping Dog
2403-BCASL,41,111.95,One year,Fiber optic,1,5,12,-0.2950818168064832,0.4587183401971509,Medium,Lost Cause
7392-YYPYJ,22,100.65,Month-to-month,Fiber optic,0,3,1,-0.1718842492215964,0.14841444145179455,Low,Sleeping Dog
2898-LSJGD,21,55.95,One year,DSL,1,4,12,-0.0632391619030618,0.2615490619501672,Low,Sleeping Dog
2223-GDSHL,71,116.05,Two year,Fiber optic,0,6,24,-0.2389415814402401,0.6589320387119814,High,Lost Cause
7359-PTSXY,1,45.75,Month-to-month,DSL,1,0,1,-0.1340528840520785,0.12822475090539176,Low,Sleeping Dog
9470-RTWDV,26,82.0,One year,DSL,0,4,12,-0.1963161696241143,0.0013724136257685135,Low,Sleeping Dog
2176-OSJUV,71,65.15,Two year,DSL,0,3,24,-0.0019232938436765,0.7535805498053129,High,Lost Cause
9348-YVOMK,4,44.8,Month-to-month,DSL,0,0,1,-0.0847859362721762,0.41182209267368014,Medium,Lost Cause
8104-OSKWT,12,79.8,Month-to-month,Fiber optic,0,1,1,-0.1140641645453221,0.6924375890831872,High,Lost Cause
4521-YEEHE,18,88.85,Month-to-month,Fiber optic,0,2,1,-0.1461505384888911,0.1741601338038304,Low,Sleeping Dog
4090-KPJIP,3,74.95,Month-to-month,Fiber optic,0,0,1,-0.0623776027790588,0.1580960938507076,Low,Sleeping Dog
3786-WOVKF,72,106.85,One year,Fiber optic,0,4,12,0.0185522181233118,0.006776419647213885,Low,Sure Thing
4503-BDXBD,11,74.95,Month-to-month,Fiber optic,1,1,1,-0.188895097959676,0.03228109679972565,Low,Sleeping Dog
6086-ESGRL,1,80.15,Month-to-month,Fiber optic,1,1,1,-0.332014788873508,0.3208916968921105,Medium,Lost Cause
2592-HODOV,13,19.3,One year,No,0,0,12,0.2940007085510896,0.7035156248318767,High,Persuadable
3886-CERTZ,72,109.25,One year,Fiber optic,1,5,12,0.1592009561901492,0.03783222801181901,Low,Sure Thing
7995-ZHHNZ,42,56.1,One year,DSL,0,1,12,-0.0430267168894344,0.08958915338933676,Low,Sleeping Dog
3824-RHKVR,17,19.7,Month-to-month,No,0,0,1,0.2940007085510896,0.023632045937663257,Low,Sure Thing
5816-SCGFC,7,51.3,Month-to-month,DSL,0,1,1,-0.0429225213336422,0.3305692918080623,Medium,Lost Cause
5989-AXPUC,68,118.6,Two year,Fiber optic,0,6,24,-0.2389415814402401,0.3626528917476685,Medium,Lost Cause
4979-HPRFL,56,24.15,Two year,No,0,0,24,0.3014756659550562,0.1607952951909698,Low,Sure Thing
8590-OHDIW,38,20.3,One year,No,0,0,12,0.3107736621735916,0.08572451846709432,Low,Sure Thing
8015-IHCGW,72,115.5,Two year,Fiber optic,0,6,24,-0.2389415814402401,0.12141756932293561,Low,Sleeping Dog
2332-TODQS,48,25.05,One year,No,0,0,12,0.3014756659550562,0.7185929674518549,High,Persuadable
9278-VZKCD,52,109.1,Month-to-month,Fiber optic,0,5,1,-0.0062344415979059,0.35051837888174814,Medium,Lost Cause
8008-OTEZX,35,19.65,One year,No,0,0,12,0.3107736621735916,0.5690680307317234,Medium,Persuadable
2773-OVBPK,67,111.3,Two year,Fiber optic,0,5,24,-1.18494624195695,0.480749040896566,Medium,Lost Cause
5999-LCXAO,1,29.9,Month-to-month,DSL,0,1,1,-0.3094079782624728,0.16198969284306705,Low,Sleeping Dog
5206-XZZQI,53,80.6,Month-to-month,Fiber optic,0,2,1,-0.1508548238658658,0.08208150483503746,Low,Sleeping Dog
4803-LBYPN,34,20.8,Month-to-month,No,0,0,1,0.3248477833408759,0.06861935728129918,Low,Sure Thing
5759-RCVCB,3,35.2,Month-to-month,DSL,1,1,1,-0.1264365802249314,0.0489891830016508,Low,Sleeping Dog
6372-RFVNS,1,78.8,Month-to-month,Fiber optic,1,1,1,-0.3364827905478125,0.0011636656817620803,Low,Sleeping Dog
2139-FQHLM,19,89.95,Month-to-month,Fiber optic,0,3,1,-0.1461505384888911,0.5216437029004601,Medium,Lost Cause
8261-GWDBQ,60,116.05,Two year,Fiber optic,0,6,24,-0.4207005738642533,0.027664360291635198,Low,Sleeping Dog
1093-YSWCA,11,19.55,Two year,No,0,0,24,0.2854741032504064,0.21488128142056376,Low,Sure Thing
8938-UMKPI,47,106.4,Month-to-month,Fiber optic,1,4,1,-0.1380979043388044,0.07114477335056273,Low,Sleeping Dog
0991-BRRFB,18,49.4,Month-to-month,DSL,1,1,1,-0.0496075958682099,0.01839831613174927,Low,Sleeping Dog
3882-IYOIJ,60,115.25,Two year,Fiber optic,0,6,24,-0.4577904419467113,0.03231407449472474,Low,Sleeping Dog
8749-TZYEC,72,24.8,Two year,No,0,0,24,0.3087056166015536,0.004097089782026173,Low,Sure Thing
1755-FZQEC,39,19.9,One year,No,0,0,12,0.3107736621735916,0.7187419824774216,High,Persuadable
3115-JPJDD,59,81.25,One year,Fiber optic,0,2,12,-0.1508548238658658,0.007406616778552015,Low,Sleeping Dog
5600-KTXFM,2,69.95,Month-to-month,Fiber optic,0,0,1,-0.0896779329829589,0.01739256881804221,Low,Sleeping Dog
3871-IKPYH,1,69.1,Month-to-month,Fiber optic,1,0,1,-0.4028498447391783,0.01879258120616226,Low,Sleeping Dog
6319-IEJWJ,20,90.2,Month-to-month,Fiber optic,1,2,1,-0.1495900298800166,0.009136000624847184,Low,Sleeping Dog
9025-AOMKI,6,93.55,Month-to-month,Fiber optic,1,2,1,-0.1947171429797015,0.09563775539797187,Low,Sleeping Dog
6339-TBELP,71,86.4,Two year,Fiber optic,0,2,24,-0.0710328253569911,0.07959710106081369,Low,Sleeping Dog
7964-YESJC,24,66.3,Month-to-month,DSL,0,3,1,-0.0636810894932372,0.08574075528142922,Low,Sleeping Dog
6173-GOLSU,67,94.65,Month-to-month,Fiber optic,0,2,1,-0.1197830455526169,0.37726720777509004,Medium,Lost Cause
5275-SQEIZ,1,80.85,Month-to-month,Fiber optic,1,1,1,-0.332014788873508,0.37871320203269937,Medium,Lost Cause
7716-YTYHG,48,82.05,One year,Fiber optic,1,1,12,-0.1664767199656654,0.7272880546133061,High,Lost Cause
9938-ZREHM,37,72.1,One year,DSL,0,3,12,-0.1231577745125081,0.09935697338236167,Low,Sleeping Dog
7950-XWOVN,11,34.7,Month-to-month,DSL,0,2,1,-0.1203680629181135,0.9233087522890315,High,Lost Cause
4390-KYULV,3,20.55,Month-to-month,No,1,0,1,0.2934797071108728,0.030970454669084036,Low,Sure Thing
4647-MUZON,18,95.95,Month-to-month,Fiber optic,0,3,1,-0.1536496898371672,0.0034578095864841985,Low,Sleeping Dog
9702-AIUJO,50,44.8,One year,DSL,0,0,12,-0.0716848545714414,0.01906193999572858,Low,Sleeping Dog
8849-PRIQJ,67,109.4,One year,Fiber optic,0,5,12,0.0377385481177483,0.006254756805801051,Low,Sure Thing
8851-RAGOV,25,71.05,Month-to-month,DSL,0,4,1,-0.1681074927028898,0.9160899923499456,High,Lost Cause
1304-NECVQ,2,78.55,Month-to-month,Fiber optic,1,1,1,-0.0287629992868477,0.002139431987447006,Low,Sleeping Dog
5396-IZEPB,9,19.7,Month-to-month,No,0,0,1,0.2854741032504064,0.11983844546395428,Low,Sure Thing
1729-VLAZJ,10,40.25,One year,DSL,0,3,12,-0.1203680629181135,0.026084032129640045,Low,Sleeping Dog
8285-ABVLB,70,19.85,Two year,No,0,0,24,0.3059406368399833,0.44654857070794246,Medium,Persuadable
0701-TJSEF,9,68.25,Month-to-month,DSL,0,4,1,-0.1435298108351631,0.5300129409042141,Medium,Lost Cause
5712-VBOXD,4,20.15,Month-to-month,No,0,0,1,0.2794055859435885,0.004727613629756551,Low,Sure Thing
6629-LADHQ,2,50.95,Month-to-month,DSL,0,1,1,-0.0489910386404601,0.07521822756835114,Low,Sleeping Dog
8945-GRKHX,1,78.65,Month-to-month,Fiber optic,1,1,1,-0.3364827905478125,0.010485389817877935,Low,Sleeping Dog
1559-DTODC,19,25.15,Month-to-month,DSL,0,0,1,0.3080748297183739,0.09761917235620338,Low,Sure Thing
4797-MIWUM,7,20.25,Month-to-month,No,0,0,1,0.2854741032504064,0.4299415637997357,Medium,Persuadable
6959-UWKHF,1,42.9,Month-to-month,DSL,1,0,1,-0.3847707773109605,0.0008752614577639344,Low,Sleeping Dog
8720-RQSBJ,1,44.0,Month-to-month,DSL,0,0,1,-0.0952479271784788,0.11600595243131999,Low,Sleeping Dog
4537-CIBHB,9,20.25,One year,No,0,0,12,0.2854741032504064,0.04896050665772365,Low,Sure Thing
3815-SLMEF,3,34.25,Month-to-month,DSL,1,2,1,-0.1264365802249314,0.00804446109530766,Low,Sleeping Dog
5154-VEKBL,9,58.5,Month-to-month,DSL,1,5,1,-0.0374772425804905,0.034357610514212295,Low,Sleeping Dog
4324-AHJKS,5,55.8,Month-to-month,DSL,0,2,1,-0.0712380671221021,0.34930652125204525,Medium,Lost Cause
4355-CVPVS,56,88.9,One year,Fiber optic,0,2,12,-0.1444878533983221,0.14819433773151627,Low,Sleeping Dog
4495-LHSSK,18,57.65,Month-to-month,DSL,0,1,1,-0.0321073632771427,0.9479262230558841,High,Lost Cause
5655-JSMZM,49,96.2,Month-to-month,Fiber optic,1,2,1,-0.179971184233154,0.49117135447035065,Medium,Lost Cause
5915-ANOEI,70,79.15,Two year,DSL,0,5,24,-0.0797759988082112,0.05502949730554202,Low,Sleeping Dog
9861-PDSZP,72,108.05,Two year,Fiber optic,0,5,24,0.1592009561901492,0.004996362596209384,Low,Sure Thing
4505-EXZHB,6,74.4,Month-to-month,Fiber optic,1,1,1,-0.1671772003301839,0.032953356546531344,Low,Sleeping Dog
7225-CBZPL,17,94.8,Month-to-month,Fiber optic,0,2,1,-0.1461505384888911,0.17129828705502717,Low,Sleeping Dog
6704-UTUKK,29,45.9,Month-to-month,DSL,0,2,1,-0.1015243042298903,0.27156222094709154,Low,Sleeping Dog
4587-VVTOX,6,105.3,Month-to-month,Fiber optic,1,4,1,-0.0800675661718489,0.8121231766544427,High,Lost Cause
2019-HDCZY,63,102.6,Two year,Fiber optic,0,3,24,0.0745267363504969,0.07351758256787638,Low,Sure Thing
4652-NNHNY,16,73.85,Month-to-month,Fiber optic,1,0,1,-0.1613766486875465,0.8881198420193218,High,Lost Cause
8788-DOXSU,59,61.35,One year,DSL,0,2,12,-0.0303063541897525,0.04151863120584242,Low,Sleeping Dog
7404-JLKQG,3,57.55,Month-to-month,DSL,0,2,1,-0.0435457598873084,0.2446630488972682,Low,Sleeping Dog
7421-ZLUPA,8,29.25,Month-to-month,DSL,0,1,1,-0.1251457379963042,0.4072393492201917,Medium,Lost Cause
8972-HJWNV,7,84.55,Month-to-month,Fiber optic,1,1,1,-0.1613362768957884,0.4831317235933184,Medium,Lost Cause
3274-NSDWE,68,19.6,Two year,No,0,0,24,0.3059406368399833,0.0171533331038078,Low,Sure Thing
2632-IVXVF,68,111.75,Two year,Fiber optic,0,5,24,0.1205544698415365,0.5070730941577315,Medium,Persuadable
3692-JHONH,52,106.5,One year,Fiber optic,0,4,12,-0.1811923523572931,0.2613607300566349,Low,Sleeping Dog
8915-NNTRC,72,107.7,Two year,Fiber optic,0,5,24,0.1532049113296144,0.3657471564209875,Medium,Persuadable
5914-GXMDA,32,19.3,One year,No,0,0,12,0.3107736621735916,0.07962931456123216,Low,Sure Thing
7463-IFMQU,72,20.05,Two year,No,0,0,24,0.2946314954342693,0.012167640609215102,Low,Sure Thing
2920-RNCEZ,1,69.95,Month-to-month,Fiber optic,0,0,1,-0.4028498447391783,0.03324469065209113,Low,Sleeping Dog
2541-YGPKE,42,63.7,One year,DSL,0,3,12,-0.0187313713028554,0.13624377226359427,Low,Sleeping Dog
8515-OCTJS,25,24.75,Two year,No,1,0,24,0.279898065150494,0.01371042355774234,Low,Sure Thing
5382-TEMLV,45,50.9,Month-to-month,DSL,0,1,1,-0.0207796884077924,0.21338148356794498,Low,Sleeping Dog
3441-CGZJH,43,60.4,One year,DSL,0,5,12,0.0121829286915625,0.8912189957540443,High,Persuadable
9592-ERDKV,37,79.25,One year,DSL,0,4,12,-0.155834453108037,0.18851842814811093,Low,Sleeping Dog
2860-RANUS,20,85.8,Month-to-month,Fiber optic,1,1,1,-0.1516818285706446,0.4913698132800007,Medium,Lost Cause
5261-QSHQM,4,24.45,Month-to-month,DSL,1,0,1,0.2934797071108728,0.03583299659540637,Low,Sure Thing
4778-IZARL,63,110.1,Two year,Fiber optic,0,6,24,0.0313085620385817,0.015106862230519885,Low,Sure Thing
0432-CAJZV,3,90.7,Month-to-month,Fiber optic,0,2,1,0.0239380469780943,0.1020024434462717,Low,Sure Thing
7008-LZVOZ,66,25.3,Two year,No,0,0,24,0.3020515521325539,0.016960416016839605,Low,Sure Thing
8868-WOZGU,28,105.7,Month-to-month,Fiber optic,1,4,1,-0.2913876242929505,0.7137547992413497,High,Lost Cause
1200-TUZHR,8,85.2,Month-to-month,Fiber optic,0,1,1,-0.1613362768957884,0.3624710120354391,Medium,Lost Cause
9365-CSLBQ,71,24.35,Two year,No,0,0,24,0.3200147580072676,0.5239674852612005,Medium,Persuadable
1334-FJSVR,1,24.25,Month-to-month,DSL,1,0,1,0.2921349411193263,0.06168296057308533,Low,Sure Thing
5884-FBCTL,72,25.1,Two year,No,0,0,24,0.3087056166015536,0.013419585752495024,Low,Sure Thing
7130-CTCUS,16,54.55,Month-to-month,DSL,0,2,1,-0.0375526420302944,0.03618575835937416,Low,Sleeping Dog
6242-FEGFD,66,96.6,Two year,Fiber optic,0,4,24,-0.1403884410482239,0.08524400002588477,Low,Sleeping Dog
7625-XCQRH,11,76.5,Month-to-month,Fiber optic,1,0,1,-0.188895097959676,0.03377773372994883,Low,Sleeping Dog
6194-HBGQN,51,81.15,One year,DSL,0,5,12,-0.1664767199656654,0.013963994836091722,Low,Sleeping Dog
7634-WSWDB,8,38.5,Month-to-month,DSL,0,2,1,-0.1203680629181135,0.5715890030251439,Medium,Lost Cause
6986-IXNDM,14,92.9,Month-to-month,Fiber optic,0,2,1,-0.1461505384888911,0.16736377578126627,Low,Sleeping Dog
1731-TVIUK,4,93.5,Month-to-month,Fiber optic,1,3,1,-0.0582439899178585,0.4546231404640029,Medium,Lost Cause
2987-BJXIK,70,84.7,Two year,DSL,0,5,24,-0.0787568857699125,0.38562558710930284,Medium,Lost Cause
9769-TSBZE,70,66.0,Two year,DSL,0,3,24,-0.0019232938436765,0.0018040228044899369,Low,Sleeping Dog
0406-BPDVR,54,101.5,One year,Fiber optic,1,3,12,-0.1947662522264578,0.49186297774339577,Medium,Lost Cause
0618-XWMSS,28,74.9,Month-to-month,Fiber optic,1,1,1,-0.2007841712984188,0.5723266953797288,Medium,Lost Cause
1395-WSWXR,24,20.75,Two year,No,0,0,24,0.279898065150494,0.7925850428423082,High,Persuadable
6023-GSSXW,69,61.45,Two year,DSL,0,2,24,0.0016119918013591,0.8170940167178907,High,Persuadable
6752-APNJL,42,54.5,Month-to-month,DSL,0,2,1,-0.0207796884077924,0.007767684010503356,Low,Sleeping Dog
5276-KQWHG,2,69.6,Month-to-month,Fiber optic,1,0,1,-0.0896779329829589,0.015236584297242492,Low,Sleeping Dog
0420-HLGXF,39,99.75,Month-to-month,Fiber optic,0,3,1,-0.1714568798264736,0.03796768476202531,Low,Sleeping Dog
7446-KQISO,45,109.75,Two year,Fiber optic,0,5,24,0.0304300203414161,0.008071079820184325,Low,Sure Thing
9823-EALYC,72,80.85,Two year,DSL,0,5,24,-0.0753079971339067,0.819419344739963,High,Lost Cause
0582-AVCLN,38,20.3,Two year,No,0,0,24,0.3107736621735916,0.20600963545434134,Low,Sure Thing
5803-NQJZO,72,67.8,Two year,DSL,0,4,24,-0.0019232938436765,0.22636281219229049,Low,Sleeping Dog
2565-JSLRY,1,24.05,Month-to-month,No,1,0,1,0.2921349411193263,0.26928974011901147,Low,Sure Thing
2607-DHDAK,72,19.8,Two year,No,0,0,24,0.2946314954342693,0.005071007770169726,Low,Sure Thing
1073-XXCZD,55,25.7,Two year,No,0,0,24,0.3014756659550562,0.509615378113665,Medium,Persuadable
0743-HRVFF,51,56.15,One year,DSL,0,4,12,-0.0581369854213673,0.23392693573649384,Low,Sleeping Dog
4006-HKYHO,63,86.7,Two year,DSL,0,6,24,-0.1349810883905759,0.0723102578217661,Low,Sleeping Dog
3727-JEZTU,1,20.4,Month-to-month,No,0,0,1,0.2921349411193263,0.004341305065807414,Low,Sure Thing
8143-ETQTI,23,19.65,Two year,No,0,0,24,0.2905612171599642,0.13000452875521007,Low,Sure Thing
6689-KXGBO,1,50.55,Month-to-month,DSL,1,1,1,0.0003955187389117,0.007099028492837837,Low,Sure Thing
9667-TKTVZ,2,54.35,Month-to-month,DSL,0,1,1,-0.0489910386404601,0.17448970419560408,Low,Sleeping Dog
3657-COGMW,52,108.1,Month-to-month,Fiber optic,0,5,1,0.1084505276972303,0.27150450762584155,Low,Sure Thing
8570-KLJYJ,36,54.45,One year,DSL,0,1,12,-0.0207796884077924,0.04913381215997934,Low,Sleeping Dog
7754-IXRMC,1,45.35,Month-to-month,DSL,0,0,1,-0.1340528840520785,0.008122028968097435,Low,Sleeping Dog
9473-CBZOP,28,59.0,One year,DSL,0,2,12,-0.0602841278450226,0.9390569998986594,High,Lost Cause
2969-WGHQO,7,69.45,One year,DSL,0,4,12,-0.1435298108351631,0.3283811980231894,Medium,Lost Cause
6615-NGGZJ,14,100.55,Month-to-month,Fiber optic,1,3,1,0.0161036041907821,0.6425171113387488,High,Persuadable
4334-HOWRP,72,64.95,Two year,DSL,0,6,24,-0.0099760656846649,0.003949815812473919,Low,Sleeping Dog
4255-DDUOU,1,20.5,Month-to-month,No,1,0,1,0.2921349411193263,0.8119875273897049,High,Persuadable
5863-OOKCL,10,18.85,Month-to-month,No,0,0,1,0.3021522631882957,0.09845905193846488,Low,Sure Thing
1686-STUHN,42,19.8,One year,No,0,0,12,0.3107736621735916,0.026540371944765523,Low,Sure Thing
1329-VHWNP,7,25.05,Month-to-month,DSL,0,0,1,0.2995482244176907,0.018999979663331945,Low,Sure Thing
2984-MIIZL,4,74.8,Month-to-month,Fiber optic,1,1,1,-0.1445596396750117,0.49305595736831154,Medium,Lost Cause
0266-GMEAO,72,114.3,Two year,Fiber optic,0,6,24,-0.2724145558571237,0.004422409648198376,Low,Sleeping Dog
5590-YRFJT,20,24.45,Month-to-month,DSL,1,0,1,0.3046353383272485,0.2661701780799025,Low,Sure Thing
5574-NXZIU,63,109.2,Two year,Fiber optic,0,6,24,0.0377385481177483,0.7774864612864137,High,Persuadable
0019-GFNTW,56,45.05,Two year,DSL,0,4,24,-0.0716848545714414,0.479612600332205,Medium,Lost Cause
4256-ZWTZI,5,51.0,Month-to-month,DSL,0,1,1,-0.0489910386404601,0.009313296003816453,Low,Sleeping Dog
8309-PPCED,72,110.45,Two year,Fiber optic,0,5,24,0.1527709701109826,0.07582927945803031,Low,Sure Thing
4098-NAUKP,68,84.65,Month-to-month,Fiber optic,0,2,1,-0.086809657610901,0.4924138085449777,Medium,Lost Cause
5196-WPYOW,67,60.05,One year,DSL,0,3,12,-0.0297304680122547,0.0032736749030667024,Low,Sleeping Dog
4608-LCIMN,8,44.65,Month-to-month,DSL,0,0,1,-0.0787174189653582,0.0011882619655420033,Low,Sleeping Dog
1485-YDHMM,52,93.25,Month-to-month,Fiber optic,0,3,1,-0.1444878533983221,0.15595237271362414,Low,Sleeping Dog
4054-CUMIA,18,20.25,Month-to-month,No,0,0,1,0.2940007085510896,0.026191681445445415,Low,Sure Thing
0603-TPMIB,59,25.45,Two year,No,0,0,24,0.3014756659550562,0.7772540712594496,High,Persuadable
2525-GVKQU,60,20.6,Two year,No,0,0,24,0.3020515521325539,0.6045616805322003,High,Persuadable
8161-QYMTT,7,94.1,Month-to-month,Fiber optic,0,2,1,-0.1947171429797015,0.0045975406303548,Low,Sleeping Dog
9581-GVBXT,59,34.8,One year,DSL,0,2,12,-0.1133354985241966,0.9483600301719374,High,Lost Cause
5862-BRIXZ,46,60.75,Two year,DSL,0,5,24,0.0121829286915625,0.05138131122503072,Low,Sure Thing
5404-GGUKR,5,51.35,Month-to-month,DSL,0,1,1,-0.0489910386404601,0.228494443933559,Low,Sleeping Dog
3308-JSGML,59,64.05,Two year,DSL,0,5,24,-0.0403050499714039,0.44565277256447594,Medium,Lost Cause
2126-GSEGL,70,84.8,Two year,DSL,0,5,24,-0.0787568857699125,0.028714800983791023,Low,Sleeping Dog
3677-TNKIO,14,71.0,Month-to-month,Fiber optic,1,0,1,-0.1508485400607992,0.010850585331208357,Low,Sleeping Dog
0440-QEXBZ,44,50.15,Month-to-month,DSL,0,0,1,-0.0328346422457079,0.00196602944285609,Low,Sleeping Dog
2434-EEVDB,64,94.6,Two year,Fiber optic,0,3,24,-0.1328892896999479,0.052054154618793806,Low,Sleeping Dog
6762-QVYJO,58,59.75,Two year,DSL,0,5,24,-0.0304446781865736,0.6445874456182384,High,Lost Cause
6199-IWKGC,46,100.25,One year,Fiber optic,0,3,12,-0.1714568798264736,0.5118945129644463,Medium,Lost Cause
2675-DHUTR,58,98.9,Month-to-month,Fiber optic,0,3,1,-0.1717909745366271,0.0946230508662516,Low,Sleeping Dog
8152-VETUR,72,97.7,Two year,Fiber optic,0,3,24,-0.0764401780146391,0.8264799362588833,High,Lost Cause
9667-EQRXU,30,40.3,Month-to-month,DSL,1,2,1,-0.1431749481826455,0.003446836723743211,Low,Sleeping Dog
7446-YPODE,11,60.25,Month-to-month,DSL,0,2,1,0.0190972952403437,0.03813609435186628,Low,Sure Thing
9522-BNTHX,34,56.25,Month-to-month,DSL,0,4,1,-0.0861211649079231,0.18843095132525156,Low,Sleeping Dog
4676-WLUHT,54,46.2,Two year,DSL,0,3,24,-0.0716848545714414,0.007194313495516388,Low,Sleeping Dog
3329-WDIOK,3,50.6,Month-to-month,DSL,1,3,1,-0.0610459924783757,0.18364236333991735,Low,Sleeping Dog
7980-MHFLQ,72,24.9,Two year,No,0,0,24,0.3087056166015536,0.13444326858337552,Low,Sure Thing
2873-ZLIWT,40,84.85,Month-to-month,Fiber optic,1,2,1,-0.1391934439699387,0.025328778388722717,Low,Sleeping Dog
3415-TAILE,2,65.7,Month-to-month,DSL,1,2,1,-0.0578605334613123,0.04766273418776626,Low,Sleeping Dog
0757-WCUUZ,54,63.35,Two year,DSL,0,2,24,-0.0228911647704198,0.09948836377776167,Low,Sleeping Dog
1629-DQQVB,14,50.1,Month-to-month,DSL,0,1,1,-0.0496075958682099,0.03330592953953434,Low,Sleeping Dog
1915-IOFGU,1,70.5,Month-to-month,Fiber optic,1,0,1,-0.5765863015622662,0.005952755009266897,Low,Sleeping Dog
3045-XETSH,10,94.85,Month-to-month,Fiber optic,1,3,1,-0.1515204177922389,0.17132399021660452,Low,Sleeping Dog
0374-AACSZ,1,50.15,Month-to-month,DSL,0,1,1,0.0003955187389117,0.03731859121578104,Low,Sure Thing
7239-HZZCX,1,19.75,Month-to-month,No,1,0,1,0.278060819952042,0.005658183064057756,Low,Sure Thing
4872-VXRIL,56,64.65,One year,DSL,0,3,12,-0.0338416398347883,0.023293908891524367,Low,Sleeping Dog
9140-CZQZZ,68,79.6,Two year,DSL,0,5,24,-0.0753079971339067,0.11581568124446268,Low,Sleeping Dog
3423-HHXAO,14,19.5,One year,No,0,0,12,0.2940007085510896,0.7527076946520507,High,Persuadable
9938-TKDGL,68,99.55,Two year,Fiber optic,0,4,24,-0.0679258736079587,0.7200273463269223,High,Lost Cause
0531-ZZJWQ,55,74.0,Month-to-month,Fiber optic,0,0,1,-0.1930355572228077,0.010359746644767676,Low,Sleeping Dog
6537-QLGEX,16,38.9,Month-to-month,DSL,0,2,1,-0.1149981836147657,0.47392208091878046,Medium,Lost Cause
2688-BHGOG,9,79.55,Month-to-month,Fiber optic,0,1,1,-0.1844270962853715,0.008785321160969759,Low,Sleeping Dog
7683-CBDKJ,14,65.45,Month-to-month,DSL,1,3,1,-0.0464221368511466,0.11276677194933175,Low,Sleeping Dog
0946-CLJTI,58,98.7,Month-to-month,Fiber optic,1,3,1,-0.1717909745366271,0.05529753057119505,Low,Sleeping Dog
3160-TYXLT,53,46.3,Month-to-month,DSL,0,3,1,-0.0716848545714414,0.0069026456298573015,Low,Sleeping Dog
1325-USMEC,70,99.35,Two year,Fiber optic,0,4,24,-0.0679258736079587,0.30204561622512693,Medium,Lost Cause
0916-QOFDP,14,95.8,Month-to-month,Fiber optic,0,2,1,-0.1536496898371672,0.04968195139599646,Low,Sleeping Dog
0628-CNQRM,22,67.5,One year,DSL,1,4,12,-0.0389438163164828,0.028997028687101856,Low,Sleeping Dog
5606-AMZBO,10,78.15,Month-to-month,Fiber optic,0,1,1,-0.188895097959676,0.004043988093389453,Low,Sleeping Dog
6199-IPCAO,29,26.1,Two year,No,0,0,24,0.279898065150494,0.5866088845637201,Medium,Persuadable
7665-TOALD,1,69.6,Month-to-month,Fiber optic,1,0,1,-0.4028498447391783,0.24903527851405846,Low,Sleeping Dog
0112-QWPNC,49,84.35,One year,DSL,1,5,12,-0.1543037125018716,0.00599454702648743,Low,Sleeping Dog
0324-BRPCJ,68,100.2,Month-to-month,Fiber optic,1,3,1,-0.0759786454489471,0.5582428315943003,Medium,Lost Cause
2777-PHDEI,1,78.05,Month-to-month,Fiber optic,1,1,1,-0.3364827905478125,0.754130409402277,High,Lost Cause
5640-CAXOA,30,40.35,One year,DSL,0,2,12,-0.1431749481826455,0.014160481307074193,Low,Sleeping Dog
2235-EZAIK,72,79.2,Two year,DSL,0,5,24,-0.0797759988082112,0.013905074567378729,Low,Sleeping Dog
3847-BAERP,10,20.9,Month-to-month,No,0,0,1,0.2995482244176907,0.00953301514622657,Low,Sure Thing
1196-AMORA,7,73.6,Month-to-month,Fiber optic,1,0,1,-0.1667465279908943,0.6855588154072462,High,Lost Cause
4282-YMKNA,9,74.75,Month-to-month,Fiber optic,1,0,1,-0.188895097959676,0.009646559825005731,Low,Sleeping Dog
1453-RZFON,1,49.9,Month-to-month,DSL,0,1,1,0.0003955187389117,0.033443004163007016,Low,Sure Thing
8263-OKETD,20,68.9,Month-to-month,DSL,0,3,1,-0.1306816109971515,0.8770081010445804,High,Lost Cause
0670-KDOMA,1,20.25,Month-to-month,No,0,0,1,0.278060819952042,0.08335891711656702,Low,Sure Thing
2476-YGEFM,29,76.0,Month-to-month,Fiber optic,0,0,1,-0.2007841712984188,0.12586433154082055,Low,Sleeping Dog
8687-BAFGU,1,74.0,Month-to-month,Fiber optic,0,1,1,-2.1771873561423805,0.6438082956839196,High,Lost Cause
0641-EVBOJ,3,82.3,Month-to-month,Fiber optic,0,2,1,-0.0579096011047543,0.5836174526400397,Medium,Lost Cause
0829-XXPLX,20,89.4,Month-to-month,Fiber optic,0,3,1,-0.1495900298800166,0.06809833162798457,Low,Sleeping Dog
9974-JFBHQ,64,99.15,Month-to-month,Fiber optic,0,4,1,-0.1318741366415435,0.018930636269190667,Low,Sleeping Dog
5356-RHIPP,1,20.2,Month-to-month,No,1,0,1,0.278060819952042,0.047725855871671434,Low,Sure Thing
6624-JDRDS,6,29.45,Month-to-month,DSL,0,1,1,-0.0726712688079196,0.42828503381490246,Medium,Lost Cause
0608-JDVEC,50,19.8,Two year,No,0,0,24,0.2874015447877719,0.12033275381108877,Low,Sure Thing
9780-FKVVF,6,59.15,Month-to-month,DSL,0,2,1,-0.0374772425804905,0.8569632873233664,High,Lost Cause
1919-RTPQD,7,44.75,Month-to-month,DSL,0,0,1,-0.0787174189653582,0.1583784160324129,Low,Sleeping Dog
5214-NLTIT,72,90.8,Two year,Fiber optic,0,2,24,-0.068941026666363,0.05470134103512444,Low,Sleeping Dog
3345-PBBFH,8,49.55,Month-to-month,DSL,0,1,1,-0.0549774751715577,0.05569954431640434,Low,Sleeping Dog
5055-BRMNE,67,106.7,Two year,Fiber optic,0,4,24,-0.1215315281375313,0.045904988121573426,Low,Sleeping Dog
9189-JWSHV,24,93.55,Month-to-month,Fiber optic,1,2,1,-0.174327303056771,0.0012142307066912129,Low,Sleeping Dog
2190-PHBHR,72,94.45,Two year,Fiber optic,0,3,24,-0.068941026666363,0.5843789860023153,Medium,Lost Cause
2650-GYRYL,33,19.45,One year,No,0,0,12,0.3107736621735916,0.011370036219085555,Low,Sure Thing
0746-JTRFU,2,25.05,Month-to-month,DSL,1,0,1,0.2934797071108728,0.08521556820802041,Low,Sure Thing
5208-FVQKB,70,67.95,Two year,DSL,0,4,24,-0.0019232938436765,0.015217872043660522,Low,Sleeping Dog
7184-LRUUR,22,65.25,One year,DSL,0,3,12,-0.0389438163164828,0.06133370685394609,Low,Sleeping Dog
6627-CFOSN,59,99.45,Month-to-month,Fiber optic,0,4,1,-0.1434727003399177,0.27566689489931345,Low,Sleeping Dog
3982-JGSFD,36,20.35,One year,No,0,0,12,0.3248477833408759,0.6050500191743807,High,Persuadable
1574-DYCWE,51,19.95,Two year,No,0,0,24,0.2874015447877719,0.0010696230579211987,Low,Sure Thing
7247-XOZPB,53,77.4,One year,DSL,0,4,12,-0.1553228255401703,0.10670147514774718,Low,Sleeping Dog
2466-FCCPT,20,19.7,One year,No,0,0,12,0.2905612171599642,0.004441935240894395,Low,Sure Thing
6211-WWLTF,63,99.7,Two year,Fiber optic,0,4,24,-0.1318741366415435,0.06856943185152607,Low,Sleeping Dog
4826-TZEVA,40,74.8,Month-to-month,Fiber optic,0,1,1,-0.155834453108037,0.7089040237056157,High,Lost Cause
6016-NXBNJ,35,19.15,One year,No,0,0,12,0.3274518221114808,0.5422901251750268,Medium,Persuadable
9138-EFSMO,26,78.95,One year,Fiber optic,0,1,12,-0.2007841712984188,0.281548151169941,Low,Sleeping Dog
0576-WNXXC,27,95.55,Month-to-month,Fiber optic,1,3,1,-0.1818264544050471,0.03138173651213385,Low,Sleeping Dog
4632-XJMEX,53,62.85,One year,DSL,0,3,12,-0.0228911647704198,0.003086378625835082,Low,Sleeping Dog
8910-LEDAG,34,71.55,Month-to-month,Fiber optic,0,0,1,-0.1662522225309967,0.004717763863652287,Low,Sleeping Dog
3452-GWUIN,19,94.95,Month-to-month,Fiber optic,0,2,1,-0.1461505384888911,0.013504621901773645,Low,Sleeping Dog
2716-GFZOR,43,86.1,Month-to-month,Fiber optic,0,3,1,-0.1314693835570173,0.13583170742168016,Low,Sleeping Dog
3724-UCSHY,6,19.55,Month-to-month,No,0,0,1,0.2854741032504064,0.032505224255867673,Low,Sure Thing
8626-XHBIE,56,24.8,Two year,No,0,0,24,0.3014756659550562,0.002693882161721825,Low,Sure Thing
4628-CTTLA,57,39.3,Month-to-month,DSL,1,2,1,-0.1133354985241966,0.07663901514857759,Low,Sleeping Dog
3192-LNKRK,34,84.05,Month-to-month,Fiber optic,0,2,1,-0.1391934439699387,0.9435154657630235,High,Lost Cause
4439-YRNVD,10,36.25,Month-to-month,DSL,0,2,1,-0.1203680629181135,0.3398449074432548,Medium,Lost Cause
2876-VBBBL,1,20.25,Month-to-month,No,1,0,1,0.278060819952042,0.04075109262934577,Low,Sure Thing
6834-NXDCA,13,23.9,Month-to-month,DSL,1,0,1,0.3080748297183739,0.0030590213091657285,Low,Sure Thing
2208-UGTGR,56,98.6,Month-to-month,Fiber optic,0,3,1,-0.1438067950500712,0.40499874035493244,Medium,Lost Cause
3005-TYFRD,55,103.65,Month-to-month,Fiber optic,0,4,1,-0.2235060519926404,0.28764089616340477,Low,Sleeping Dog
8670-MEFCP,36,92.9,Two year,DSL,0,6,24,-0.1293775848663892,0.018949526068012465,Low,Sleeping Dog
3079-BCHLN,47,19.9,One year,No,0,0,12,0.3107736621735916,0.004946414676152842,Low,Sure Thing
7777-UNYHB,12,20.1,Month-to-month,No,0,0,1,0.2971134563466525,0.48875574432150587,Medium,Persuadable
5597-GLBUC,1,85.45,Month-to-month,Fiber optic,1,2,1,-0.168097513254862,0.6887546467858066,High,Lost Cause
7278-CKDNC,24,80.5,Month-to-month,Fiber optic,0,1,1,-0.1963161696241143,0.4832446899403759,Medium,Lost Cause
2748-MYRVK,63,99.9,One year,Fiber optic,1,3,12,-0.1318741366415435,0.005521271868410671,Low,Sleeping Dog
8450-UYIBU,35,39.85,Month-to-month,DSL,0,2,1,-0.1413196780107524,0.85979337728758,High,Lost Cause
2969-VAPYH,67,60.5,One year,DSL,0,3,12,-0.0297304680122547,0.020156290529879186,Low,Sleeping Dog
4822-YCXMX,25,84.8,Month-to-month,Fiber optic,1,1,1,-0.1841431621603205,0.07755348180358675,Low,Sleeping Dog
7181-OQCUT,21,103.85,Month-to-month,Fiber optic,0,4,1,-0.2286082284743349,0.10326692625472182,Low,Sleeping Dog
8474-UMLNT,13,67.8,Month-to-month,DSL,0,4,1,-0.0464221368511466,0.0077713144753338015,Low,Sleeping Dog
9821-POOTN,35,75.2,Month-to-month,Fiber optic,1,0,1,-0.155834453108037,0.033473225512130944,Low,Sleeping Dog
3836-FZSDJ,71,24.85,Two year,No,0,0,24,0.3119619861662792,0.291403723351971,Low,Sure Thing
9142-XMYJH,29,19.35,Month-to-month,No,0,0,1,0.2658239439832097,0.021983705664597387,Low,Sure Thing
6559-ILWKJ,71,49.35,Two year,DSL,1,3,24,-0.0160265647865291,0.1509241026827884,Low,Sleeping Dog
0187-QSXOE,7,89.0,Month-to-month,Fiber optic,0,2,1,-0.1947171429797015,0.0008708031357536513,Low,Sleeping Dog
7733-UDMTP,57,55.0,Month-to-month,DSL,0,4,1,-0.0638741364262811,0.3751996493889845,Medium,Lost Cause
2649-HWLYB,65,76.15,Two year,DSL,0,4,24,-0.143724261841796,0.5585720294711604,Medium,Lost Cause
5214-CHIWJ,27,20.3,One year,No,0,0,12,0.2658239439832097,0.014684970079483101,Low,Sure Thing
4229-CZMLL,6,74.9,Month-to-month,Fiber optic,1,0,1,-0.188895097959676,0.04173030138287315,Low,Sleeping Dog
6904-JLBGY,72,117.35,Two year,Fiber optic,0,6,24,-0.2405737044192714,0.7989577151666825,High,Lost Cause
2465-BLLEU,1,19.75,Month-to-month,No,0,0,1,0.278060819952042,0.06163933247747036,Low,Sure Thing
1685-VAYJF,11,45.2,Month-to-month,DSL,0,0,1,-0.0787174189653582,0.25669250960246387,Low,Sleeping Dog
8874-EJNSR,39,25.2,Two year,No,0,0,24,0.3248477833408759,0.08725888233178987,Low,Sure Thing
6917-YACBP,59,89.75,Month-to-month,Fiber optic,0,3,1,-0.1509512635349377,0.7992954698965248,High,Lost Cause
5049-MUBWG,26,75.0,One year,DSL,0,4,12,-0.2007841712984188,0.7525991104368885,High,Lost Cause
4223-WOZCM,2,49.95,Month-to-month,DSL,0,1,1,-0.0610459924783757,0.8245176948304662,High,Lost Cause
0769-MURVM,72,65.7,Two year,DSL,0,6,24,-0.0019232938436765,0.8339679002613384,High,Lost Cause
9253-VIFJQ,65,67.05,One year,DSL,0,3,12,-0.0332657536572905,0.2451515331377363,Low,Sleeping Dog
7030-FZTFM,72,110.9,Two year,Fiber optic,0,5,24,0.1527709701109826,0.7454299931872952,High,Persuadable
9741-YLNTD,6,87.95,Month-to-month,Fiber optic,0,2,1,-0.1968089416703295,0.12257290441677327,Low,Sleeping Dog
5917-RYRMG,32,19.8,One year,No,0,0,12,0.2676792141551029,0.002428447142648355,Low,Sure Thing
5120-ZBLAI,50,75.7,One year,DSL,0,3,12,-0.1709447216399699,0.033684889387396354,Low,Sleeping Dog
1194-BHJYC,61,62.15,Two year,DSL,0,5,24,-0.0297304680122547,0.2844519451915139,Low,Sleeping Dog
3663-MITLP,15,101.25,Month-to-month,Fiber optic,1,4,1,-0.168444757830471,0.3989027891678454,Medium,Lost Cause
0906-QVPMS,72,115.15,Two year,Fiber optic,0,6,24,-0.2389415814402401,0.02728299168343613,Low,Sleeping Dog
9025-ZRPVR,9,18.95,Month-to-month,No,1,0,1,0.3021522631882957,0.8960209295115839,High,Persuadable
1905-OEILC,1,19.5,Month-to-month,No,0,0,1,0.278060819952042,0.7825717227366479,High,Persuadable
7858-GTZSP,12,86.55,Month-to-month,Fiber optic,0,1,1,-0.0832492847428177,0.6518307120910193,High,Lost Cause
3285-UCQVC,37,28.6,Month-to-month,DSL,1,1,1,206.152116634814,0.28635865757510864,Low,Sure Thing
6248-BSHKG,61,20.4,One year,No,0,0,12,0.3020515521325539,0.3249049981195821,Medium,Persuadable
4685-TFLLS,18,19.8,One year,No,0,0,12,0.2940007085510896,0.6224507710968934,High,Persuadable
3470-BTGQO,21,45.65,Month-to-month,DSL,0,0,1,-0.0767870310531359,0.004201598967497554,Low,Sleeping Dog
1209-VFFOC,68,56.4,Two year,DSL,0,5,24,0.0474825323016079,0.14726390031890216,Low,Sure Thing
8224-DWCKX,12,73.3,Month-to-month,Fiber optic,0,0,1,-0.1551071748946482,0.03307699366920177,Low,Sleeping Dog
5482-PLVPE,2,24.35,Month-to-month,DSL,1,0,1,0.2934797071108728,0.009238947837355292,Low,Sure Thing
4553-DVPZG,62,101.35,Month-to-month,Fiber optic,0,3,1,-0.1551835090415277,0.5702366459571965,Medium,Lost Cause
4902-OHLSK,29,98.65,Month-to-month,Fiber optic,1,3,1,-0.087757271631063,0.6440602896496329,High,Lost Cause
6917-IAYHD,1,33.6,Month-to-month,DSL,0,2,1,-0.3322638787828313,0.002168403301284922,Low,Sleeping Dog
0495-ZBNGW,5,79.9,Month-to-month,Fiber optic,1,1,1,-0.1400916380007072,0.40566000786486117,Medium,Lost Cause
8620-RJPZN,1,20.7,Month-to-month,No,0,0,1,0.2921349411193263,0.05085069986900942,Low,Sure Thing
7572-KPVKK,62,104.05,Two year,Fiber optic,0,4,24,0.0425420587534881,0.1002184642874578,Low,Sure Thing
2642-MAWLJ,36,20.25,Two year,No,0,0,24,0.3107736621735916,0.01135107268691691,Low,Sure Thing
2357-COQEK,28,103.3,Month-to-month,Fiber optic,1,4,1,-0.2533455016510894,0.26541554057658356,Low,Sleeping Dog
7103-ZGVNT,69,73.7,One year,DSL,0,4,12,-0.0576274288394297,0.04598308220313755,Low,Sleeping Dog
3737-GCSPV,11,96.2,Month-to-month,Fiber optic,1,3,1,-0.0703609299668033,0.01104282206728758,Low,Sleeping Dog
2027-WKXMW,63,108.75,Month-to-month,Fiber optic,0,5,1,0.0377385481177483,0.40836203846477165,Medium,Persuadable
7137-NAXML,23,20.15,One year,No,0,0,12,0.2905612171599642,0.9500669740721629,High,Persuadable
2428-ZMCTB,10,19.75,Month-to-month,No,0,0,1,0.2854741032504064,0.06279297585879727,Low,Sure Thing
2961-VNFKL,71,25.95,Two year,No,0,0,24,0.3200147580072676,0.6982911659113754,High,Persuadable
1768-HNVGJ,45,70.05,Month-to-month,DSL,0,3,1,-0.1726568424087347,0.6406813614775041,High,Lost Cause
6963-KQYQB,70,24.05,Two year,No,0,0,24,0.3200147580072676,0.07994084457125027,Low,Sure Thing
5934-RMPOV,22,84.75,Month-to-month,Fiber optic,0,1,1,-0.159405888983566,0.007256689248586381,Low,Sleeping Dog
1207-BLKSA,52,23.05,Two year,No,0,0,24,0.3014756659550562,0.0367508341122425,Low,Sure Thing
4088-YLDSU,55,104.15,One year,Fiber optic,1,4,12,-0.1364467512038525,0.7806231209447366,High,Lost Cause
8316-BBQAY,65,59.95,Two year,DSL,0,5,24,-0.0297304680122547,0.8430962377969685,High,Lost Cause
1166-PQLGG,72,19.55,Two year,No,0,0,24,0.2946314954342693,0.5918518050012785,Medium,Persuadable
3146-JTQHR,10,19.6,One year,No,0,0,12,0.2854741032504064,0.003207403576057935,Low,Sure Thing
4291-YZODP,7,20.05,One year,No,0,0,12,0.2854741032504064,0.16358878644791694,Low,Sure Thing
4395-PZMSN,5,85.55,Month-to-month,Fiber optic,0,2,1,0.0238256376179386,0.006776675678193415,Low,Sure Thing
6427-FEFIG,24,78.6,Two year,DSL,0,4,24,-0.2007841712984188,0.011776097830237352,Low,Sleeping Dog
0017-IUDMW,72,116.8,Two year,Fiber optic,0,6,24,-0.2389415814402401,0.007899479964241974,Low,Sleeping Dog
8706-HRADD,21,43.55,Month-to-month,DSL,0,3,1,0.2172821139502783,0.9405275077883007,High,Persuadable
9955-QOPOY,69,60.8,One year,DSL,0,5,12,0.0016119918013591,0.022791158389522184,Low,Sure Thing
4385-ZKVNW,44,54.9,Month-to-month,DSL,0,2,1,-0.0207796884077924,0.17045845299330065,Low,Sleeping Dog
5446-DKWYW,61,65.2,One year,DSL,0,2,12,-0.0025965344367896,0.005975699979413676,Low,Sleeping Dog
2034-CGRHZ,24,102.95,Month-to-month,Fiber optic,1,4,1,-0.3984454884836601,0.0031373690825985553,Low,Sleeping Dog
5797-APWZC,1,90.6,Month-to-month,Fiber optic,1,2,1,-0.2228773026061093,0.17477508501862468,Low,Sleeping Dog
3683-QKIUE,6,50.8,Month-to-month,DSL,1,1,1,-0.0429225213336422,0.07817448934024641,Low,Sleeping Dog
4228-ZGYUW,4,90.05,Month-to-month,Fiber optic,1,2,1,-0.0582439899178585,0.005654022432569396,Low,Sleeping Dog
9031-ZVQPT,72,108.2,Two year,Fiber optic,0,5,24,0.1592009561901492,0.5770296666647433,Medium,Persuadable
2990-IAJSV,72,92.0,Two year,DSL,0,6,24,-0.068941026666363,0.026802641799282195,Low,Sleeping Dog
8107-KNCIM,14,75.1,Month-to-month,Fiber optic,0,0,1,-0.1835252186563282,0.04775665796393338,Low,Sleeping Dog
9027-YFHQJ,7,25.05,Month-to-month,No,0,0,1,0.2995482244176907,0.02741088048731608,Low,Sure Thing
5176-LDKUH,48,75.15,One year,Fiber optic,0,1,12,-0.1709447216399699,0.24231965037187672,Low,Sleeping Dog
4644-OBGFZ,55,19.5,One year,No,0,0,12,0.2874015447877719,0.035936403410434054,Low,Sure Thing
7926-IJOOU,1,19.3,Month-to-month,No,0,0,1,0.278060819952042,0.34328203560506143,Medium,Persuadable
6480-YAGIY,45,112.2,One year,Fiber optic,0,6,12,-0.0340691537234538,0.6408781479014675,High,Lost Cause
4029-HPFVY,3,70.3,Month-to-month,Fiber optic,0,0,1,-0.3287031810691396,0.17314531497991867,Low,Sleeping Dog
7602-DBTOU,71,19.6,Two year,No,0,0,24,0.3059406368399833,0.8067442088262998,High,Persuadable
5345-BMKWB,8,20.25,Month-to-month,No,0,0,1,0.2854741032504064,0.018368955803758184,Low,Sure Thing
3519-ZKXGG,3,75.85,Month-to-month,Fiber optic,1,0,1,-0.0623776027790588,0.008202092299614617,Low,Sleeping Dog
5457-COLHT,69,80.65,Two year,DSL,0,5,24,-0.0753079971339067,0.8356728781704431,High,Lost Cause
6416-TVAIH,1,68.5,Month-to-month,Fiber optic,1,0,1,-0.4028498447391783,0.005173070744121632,Low,Sleeping Dog
5451-YHYPW,72,115.75,Two year,Fiber optic,0,6,24,-0.2405737044192714,0.46988586958455164,Medium,Lost Cause
5108-ADXWO,11,73.5,Month-to-month,Fiber optic,1,1,1,-0.1667465279908943,0.0674120042486739,Low,Sleeping Dog
7998-WNZEM,71,80.6,Two year,DSL,0,5,24,-0.0753079971339067,0.04271032833409861,Low,Sleeping Dog
3066-RRJIO,1,69.95,Month-to-month,Fiber optic,1,0,1,-0.4028498447391783,0.01448889733536819,Low,Sleeping Dog
4664-NJCMS,33,59.55,Two year,DSL,0,5,24,-0.0153344096546407,0.09160413095063902,Low,Sleeping Dog
0307-BCOPK,16,19.05,One year,No,0,0,12,0.3106788684889788,0.07665725670210273,Low,Sure Thing
7629-WFGLW,56,95.65,One year,Fiber optic,0,4,12,-0.179971184233154,0.02641543526967007,Low,Sleeping Dog
2542-HYGIQ,1,19.95,Month-to-month,No,0,0,1,0.278060819952042,0.010561506957005501,Low,Sure Thing
6715-OFDBP,5,70.05,Month-to-month,DSL,1,3,1,-0.1686915565487029,0.02371527602952582,Low,Sleeping Dog
5016-LIPDW,57,19.4,One year,No,0,0,12,0.2874015447877719,0.028061713639290956,Low,Sure Thing
6481-LXPWL,56,36.1,One year,DSL,0,2,12,-0.1133354985241966,0.051819942910907,Low,Sleeping Dog
1567-DSCIC,8,94.0,Month-to-month,Fiber optic,1,3,1,-0.1947171429797015,0.23778129128226796,Low,Sleeping Dog
2150-UWTFY,22,61.15,Month-to-month,DSL,1,3,1,-0.0080295163220648,0.013943494447465224,Low,Sleeping Dog
6124-ACRHJ,1,19.75,Month-to-month,No,0,0,1,0.278060819952042,0.007575052721357376,Low,Sure Thing
9362-MWODR,40,64.1,Month-to-month,DSL,0,3,1,-0.0187313713028554,0.002786961241087075,Low,Sleeping Dog
9975-GPKZU,46,19.75,Two year,No,0,0,24,0.3107736621735916,0.3207938125407573,Medium,Persuadable
9625-RZFUK,63,19.7,Two year,No,0,0,24,0.2879774309652697,0.12565090147676886,Low,Sure Thing
5153-LXKDT,68,110.2,Two year,Fiber optic,0,5,24,0.1527709701109826,0.09838992630734404,Low,Sure Thing
5161-UBZXI,69,106.35,Two year,Fiber optic,0,5,24,-0.1294532223786254,0.005080879158016186,Low,Sleeping Dog
1020-JPQOW,56,90.55,Month-to-month,Fiber optic,0,3,1,-0.1444878533983221,0.5093644512795071,Medium,Lost Cause
7919-ZODZZ,10,65.9,One year,DSL,0,3,12,-0.0517920161544944,0.018849760319898986,Low,Sleeping Dog
0565-JUPYD,63,104.5,One year,Fiber optic,0,5,12,-0.1248481875054783,0.014218088303489038,Low,Sleeping Dog
6867-ACCZI,24,52.5,Two year,DSL,0,5,24,-0.0657294065981742,0.7500410320985326,High,Lost Cause
5939-XAIXZ,19,56.1,Month-to-month,DSL,0,1,1,-0.0597996705119363,0.0024466854051085106,Low,Sleeping Dog
9054-FOWNV,22,88.75,Month-to-month,Fiber optic,0,2,1,-0.1495900298800166,0.5967197152679997,Medium,Lost Cause
2683-BPJSO,29,84.45,Month-to-month,Fiber optic,1,2,1,-0.1841431621603205,0.1836320583001391,Low,Sleeping Dog
2157-MXBJS,13,75.3,One year,DSL,1,3,12,-0.1835252186563282,0.10551221425042356,Low,Sleeping Dog
8207-VVMYB,70,26.0,Two year,No,0,0,24,0.3200147580072676,0.020143169924450817,Low,Sure Thing
9732-EQMWY,49,99.4,Month-to-month,Fiber optic,0,4,1,-0.1434727003399177,0.8623731385730292,High,Lost Cause
9360-AHGNL,43,109.55,One year,Fiber optic,1,5,12,-0.0062344415979059,0.06976300969677907,Low,Sleeping Dog
1087-UDSIH,3,19.6,Month-to-month,No,1,0,1,0.2794055859435885,0.03621858002158579,Low,Sure Thing
5269-NRGDP,42,73.15,One year,DSL,0,4,12,-0.1336858831392554,0.7473176961722306,High,Lost Cause
6195-MELTI,57,54.65,One year,DSL,0,2,12,-0.0358899569397253,0.5088717697992577,Medium,Lost Cause
5485-WUYWF,2,66.4,Month-to-month,DSL,1,3,1,-0.0578605334613123,0.030712319832531542,Low,Sleeping Dog
2121-JAFOM,72,115.55,Two year,Fiber optic,0,6,24,-0.2389415814402401,0.013044908896733107,Low,Sleeping Dog
8818-DOPVL,46,104.45,Month-to-month,Fiber optic,0,4,1,-0.1644309306904084,0.21819429400520549,Low,Sleeping Dog
2632-UCGVD,66,100.05,Month-to-month,Fiber optic,1,3,1,-0.1012049174210426,0.2764209609776177,Low,Sleeping Dog
5445-PZWGX,62,102.0,One year,Fiber optic,1,4,12,-0.1551835090415277,0.0325251073784611,Low,Sleeping Dog
1227-UDMZR,72,91.15,Two year,DSL,0,6,24,-0.068941026666363,0.08974163242165734,Low,Sleeping Dog
5198-HQAEN,35,89.7,One year,Fiber optic,0,3,12,-0.1293775848663892,0.004970650267232363,Low,Sleeping Dog
9170-CCKOU,17,90.2,Month-to-month,Fiber optic,1,3,1,-0.1461505384888911,0.3488078830021408,Medium,Lost Cause
2167-FQSTQ,72,92.4,Two year,DSL,0,6,24,-0.068941026666363,0.6912280352362418,High,Lost Cause
2819-GWENI,28,19.9,One year,No,0,0,12,0.2658239439832097,0.30080103198890307,Medium,Persuadable
1043-YCUTE,56,25.15,Two year,No,1,0,24,0.3014756659550562,0.003412596933569571,Low,Sure Thing
3814-MLAXC,31,79.85,Month-to-month,Fiber optic,1,1,1,-0.1027986574844866,0.0023021536757259274,Low,Sleeping Dog
3572-UUHRS,45,18.85,One year,No,0,0,12,0.3274518221114808,0.1791807935359413,Low,Sure Thing
2692-PFYTJ,1,25.75,Month-to-month,No,0,0,1,0.2921349411193263,0.728952105692184,High,Persuadable
1226-UDFZR,2,49.6,Month-to-month,DSL,1,1,1,-0.0610459924783757,0.01810348963206912,Low,Sleeping Dog
5955-EPOAZ,6,20.95,Month-to-month,No,0,0,1,0.2995482244176907,0.23448746525975503,Low,Sure Thing
6821-JPCDC,48,97.05,One year,Fiber optic,0,4,12,-0.1519870047465982,0.01575780773878411,Low,Sleeping Dog
8815-LMFLX,25,25.4,Month-to-month,No,0,0,1,0.279898065150494,0.023715560919609666,Low,Sure Thing
9135-HSWOC,64,19.7,Two year,No,0,0,24,0.2879774309652697,0.22119434250444156,Low,Sure Thing
8582-KRHPJ,50,35.0,Month-to-month,DSL,0,2,1,-0.1133354985241966,0.1323114000471707,Low,Sleeping Dog
5811-IWXYM,52,101.25,One year,Fiber optic,0,3,12,-0.1667820727399019,0.05215630430126774,Low,Sleeping Dog
7044-YAACC,4,70.2,Month-to-month,Fiber optic,0,0,1,0.111965758279833,0.17185616116110758,Low,Sure Thing
8189-XRIKE,32,90.95,Month-to-month,Fiber optic,0,2,1,-0.1724720328848779,0.604620232447432,High,Lost Cause
1506-YJTYT,45,73.85,Two year,DSL,0,4,24,-0.1336858831392554,0.07104838157263639,Low,Sleeping Dog
4123-DVHPH,9,88.05,Month-to-month,Fiber optic,0,2,1,-0.1968089416703295,0.005292147992415575,Low,Sleeping Dog
6425-YQLLO,66,105.95,One year,Fiber optic,1,4,12,-0.1109403899518621,0.8535030030218657,High,Lost Cause
5442-UTCVD,3,91.85,Month-to-month,Fiber optic,1,2,1,0.0239380469780943,0.6263921204273756,High,Persuadable
2228-BZDEE,54,20.1,Two year,No,0,0,24,0.2874015447877719,0.7805481917296989,High,Persuadable
7734-DBOAI,1,40.1,Month-to-month,DSL,1,2,1,-0.3322638787828313,0.20234276578324675,Low,Sleeping Dog
2789-CZANW,64,110.3,Two year,Fiber optic,0,5,24,0.0313085620385817,0.241111653324561,Low,Sure Thing
2091-RFFBA,31,73.9,Month-to-month,Fiber optic,1,0,1,-0.1848695364719205,0.8917511143452531,High,Lost Cause
2114-MGINA,14,89.8,Month-to-month,Fiber optic,1,2,1,-0.1461505384888911,0.0031874483871502206,Low,Sleeping Dog
7596-LDUXP,12,85.15,One year,Fiber optic,0,2,12,-0.0909733451557391,0.0022447519641567294,Low,Sleeping Dog
3740-RLMVT,67,60.95,One year,DSL,0,3,12,-0.0166242238649239,0.060866361770189385,Low,Sleeping Dog
4489-SNOJF,35,72.25,Month-to-month,DSL,1,4,1,-0.1231577745125081,0.39047361008800624,Medium,Lost Cause
2192-OZITF,45,73.55,Two year,DSL,0,3,24,-0.1336858831392554,0.03528500278679506,Low,Sleeping Dog
5651-CPDND,10,46.0,Month-to-month,DSL,0,0,1,-0.0787174189653582,0.7915530865433483,High,Lost Cause
2186-QZEYA,29,58.55,Month-to-month,DSL,0,2,1,-0.0602841278450226,0.8104646027819932,High,Lost Cause
1131-ALZWV,24,24.6,One year,No,0,0,12,0.279898065150494,0.3709108693795109,Medium,Persuadable
7729-XBTWX,66,19.75,Two year,No,0,0,24,0.2879774309652697,0.6061242118754416,High,Persuadable
9134-WYRVP,51,86.35,One year,Fiber optic,0,2,12,-0.1465796520889501,0.013679345746589903,Low,Sleeping Dog
3284-SVCRO,45,25.5,Two year,No,0,0,24,0.3248477833408759,0.6679471385809016,High,Persuadable
9732-OUYRN,49,19.0,One year,No,0,0,12,0.3040797047256611,0.04136020868690412,Low,Sure Thing
0559-CKHUS,29,19.55,Two year,No,0,0,24,0.2658239439832097,0.009054545402234285,Low,Sure Thing
2931-SVLTV,40,110.1,Month-to-month,Fiber optic,0,5,1,0.0304300203414161,0.03996106950731836,Low,Sure Thing
6899-PPEEA,37,96.55,Month-to-month,Fiber optic,1,2,1,-0.179971184233154,0.0771360007641167,Low,Sleeping Dog
7504-UWHNB,25,69.75,Month-to-month,Fiber optic,0,0,1,-0.155418884173906,0.7638312275811288,High,Lost Cause
2582-FFFZR,22,50.6,Month-to-month,DSL,0,3,1,-0.0530470872593353,0.11122925386608722,Low,Sleeping Dog
8908-NMQTX,72,65.6,Two year,DSL,0,6,24,-0.0019232938436765,0.11420427434991437,Low,Sleeping Dog
2187-LZGPL,7,40.1,Month-to-month,DSL,1,2,1,-0.1203680629181135,0.20865338414418466,Low,Sleeping Dog
1431-AIDJQ,33,82.1,Two year,DSL,0,5,24,-0.1513664514337325,0.6790583147142808,High,Lost Cause
6288-LBEAR,23,79.1,Month-to-month,Fiber optic,0,2,1,-0.1760468981216644,0.08562886003566893,Low,Sleeping Dog
4597-NUCQV,24,101.25,Month-to-month,Fiber optic,1,3,1,-0.1966215223983509,0.34684197990879434,Medium,Lost Cause
9019-QVLZD,1,79.55,Month-to-month,Fiber optic,1,1,1,-0.332014788873508,0.02734345374146381,Low,Sleeping Dog
8413-YNHNV,69,90.65,Two year,DSL,0,6,24,-0.068941026666363,0.08181923300873792,Low,Sleeping Dog
5808-TOTXO,3,20.55,One year,No,0,0,12,0.2934797071108728,0.598745780987976,Medium,Persuadable
4369-NYSCF,56,75.75,One year,DSL,0,4,12,-0.1553228255401703,0.659806987434515,High,Lost Cause
6333-YDVLT,65,110.0,One year,Fiber optic,0,5,12,0.0313085620385817,0.18955136532624448,Low,Sure Thing
5324-KTGCG,71,20.85,One year,No,0,0,12,0.3200147580072676,0.010200255923392786,Low,Sure Thing
5599-HVLTW,14,80.35,Month-to-month,Fiber optic,0,1,1,-0.1790572169820237,0.0167419674702801,Low,Sleeping Dog
7394-LWLYN,2,70.15,Month-to-month,Fiber optic,0,0,1,-0.0517059414942873,0.031797193688245885,Low,Sleeping Dog
3707-LRWZD,32,84.05,One year,Fiber optic,1,1,12,-0.1391934439699387,0.6201371368354868,High,Lost Cause
6873-UDNLD,40,67.45,Month-to-month,DSL,0,3,1,-0.0187313713028554,0.19715192873670026,Low,Sleeping Dog
2700-LUEVA,1,20.75,Month-to-month,No,0,0,1,0.2921349411193263,0.09670463617681592,Low,Sure Thing
1455-ESIQH,1,89.1,Month-to-month,Fiber optic,1,2,1,-0.2228773026061093,0.005978691396665529,Low,Sleeping Dog
0958-YHXGP,7,69.9,Month-to-month,Fiber optic,0,0,1,-0.1435298108351631,0.5302969316088478,Medium,Lost Cause
1101-SSWAG,15,51.1,Month-to-month,DSL,0,0,1,-0.0375526420302944,0.06836238165619261,Low,Sleeping Dog
2979-SXESE,17,94.4,Month-to-month,Fiber optic,1,3,1,-0.1461505384888911,0.10313935637055861,Low,Sleeping Dog
4013-TLDHQ,19,78.25,Month-to-month,Fiber optic,1,2,1,-0.1726074067305389,0.1454657498323454,Low,Sleeping Dog
5743-KHMNA,71,25.55,Two year,No,0,0,24,0.3200147580072676,0.03645664671641189,Low,Sure Thing
4194-FJARJ,54,60.0,Two year,DSL,0,2,24,-0.0029273398403703,0.0053344740969822405,Low,Sleeping Dog
5325-UWTWJ,31,90.55,Month-to-month,Fiber optic,0,3,1,-0.0808097909171433,0.7959068776979333,High,Lost Cause
3969-GYXEL,11,76.4,Month-to-month,Fiber optic,0,1,1,-0.188895097959676,0.21140079378415752,Low,Sleeping Dog
9208-OLGAQ,18,84.95,Month-to-month,Fiber optic,0,2,1,-0.1559663975924406,0.6350462541020915,High,Lost Cause
3244-CQPHU,72,110.1,Two year,Fiber optic,0,5,24,0.1447181982699941,0.002099766763944828,Low,Sure Thing
2674-MLXMN,71,99.65,Month-to-month,Fiber optic,0,3,1,-0.0759786454489471,0.721379403287322,High,Lost Cause
9708-HPXWZ,5,45.4,Month-to-month,DSL,0,3,1,-0.0847859362721762,0.010860252023810071,Low,Sleeping Dog
6992-TKNYO,38,69.0,One year,DSL,0,3,12,-0.1104691659835242,0.6064410779621312,High,Lost Cause
4468-YDOVK,5,48.65,Month-to-month,DSL,0,1,1,-0.0847859362721762,0.025336489377118493,Low,Sleeping Dog
3754-DXMRT,2,44.15,Month-to-month,DSL,1,0,1,-0.0847859362721762,0.20086089977595592,Low,Sleeping Dog
5792-JALQC,52,59.85,Two year,DSL,0,2,24,-0.0309115193269262,0.09632916970010562,Low,Sleeping Dog
7130-VTEWQ,8,75.75,Month-to-month,Fiber optic,1,0,1,-0.188895097959676,0.7745863761826342,High,Lost Cause
2200-DSAAL,68,80.65,Two year,DSL,0,4,24,-0.0753079971339067,0.16869289259716272,Low,Sleeping Dog
4302-ZYFEL,69,20.55,One year,No,0,0,12,0.3200147580072676,0.12772518294489207,Low,Sure Thing
9351-LZYGF,42,66.4,Month-to-month,DSL,0,3,1,-0.0187313713028554,0.004954387633336166,Low,Sleeping Dog
4366-CTOUZ,50,100.2,Two year,Fiber optic,0,4,24,-0.1434727003399177,0.010600859956208018,Low,Sleeping Dog
6121-VZNQB,1,19.1,Month-to-month,No,1,0,1,0.2947389798899313,0.02319318427566505,Low,Sure Thing
7903-CMPEY,1,80.3,Month-to-month,Fiber optic,1,1,1,-0.332014788873508,0.11966638533886965,Low,Sleeping Dog
1518-OMDIK,33,44.55,Month-to-month,DSL,0,0,1,-0.0565745860395085,0.005290311976068875,Low,Sleeping Dog
6671-NGWON,7,20.35,Month-to-month,No,0,0,1,0.2995482244176907,0.68044352758236,High,Persuadable
0595-ITUDF,64,91.8,Month-to-month,Fiber optic,0,3,1,-0.1328892896999479,0.8433788944550917,High,Lost Cause
6996-KNSML,1,74.9,Month-to-month,Fiber optic,1,1,1,-0.7112487026152903,0.0014213171976241066,Low,Sleeping Dog
1955-IBMMB,59,20.2,Two year,No,0,0,24,0.2874015447877719,0.006775039992717919,Low,Sure Thing
0096-BXERS,6,50.35,Month-to-month,DSL,0,0,1,-0.0549774751715577,0.46963255888293753,Medium,Lost Cause
3806-YAZOV,3,18.8,Month-to-month,No,0,0,1,0.2960837458814777,0.0035730771853913893,Low,Sure Thing
7998-ZLXWN,15,20.45,Month-to-month,No,0,0,1,0.3080748297183739,0.9469549360194384,High,Persuadable
6253-WRFHY,13,64.75,One year,DSL,0,2,12,-0.0464221368511466,0.024976223291890597,Low,Sleeping Dog
9133-AYJZG,23,98.7,Month-to-month,Fiber optic,0,3,1,-0.0630199984543086,0.1745392875290653,Low,Sleeping Dog
2675-OTVVJ,31,89.45,Month-to-month,Fiber optic,0,2,1,-0.1127618983361428,0.10154257301627378,Low,Sleeping Dog
8680-CGLTP,29,58.75,One year,DSL,0,3,12,-0.0602841278450226,0.4193528240355457,Medium,Lost Cause
8430-TWCBX,49,20.7,One year,No,0,0,12,0.3014756659550562,0.003000314764548371,Low,Sure Thing
5018-GWURO,56,85.6,Month-to-month,Fiber optic,0,1,1,-0.1465796520889501,0.6243453037440908,High,Lost Cause
6741-QRLUP,63,80.3,Two year,DSL,0,5,24,-0.1392562601674915,0.3155091338013041,Medium,Lost Cause
4737-HOBAX,63,79.8,Two year,DSL,0,4,24,-0.1392562601674915,0.060108491065857916,Low,Sleeping Dog
0537-QYZZN,24,79.85,Month-to-month,Fiber optic,0,1,1,-0.1963161696241143,0.28740793596431186,Low,Sleeping Dog
3340-QBBFM,36,54.1,One year,DSL,0,2,12,-0.0638741364262811,0.6205033036498345,High,Lost Cause
1704-NRWYE,9,80.85,Month-to-month,Fiber optic,1,1,1,-0.1844270962853715,0.13622416649163263,Low,Sleeping Dog
2592-SEIFQ,3,24.75,Month-to-month,DSL,1,0,1,0.2934797071108728,0.03807607837513716,Low,Sure Thing
8200-KLNYW,21,80.9,One year,DSL,0,5,12,-0.1715788964473599,0.02799372981498312,Low,Sleeping Dog
3372-CDXFJ,13,24.5,One year,No,0,0,12,0.3080748297183739,0.008360175973839689,Low,Sure Thing
4781-ZXYGU,1,20.15,Month-to-month,No,0,0,1,0.278060819952042,0.007228665342031215,Low,Sure Thing
7632-YUTXB,25,20.05,One year,No,0,0,12,0.2658239439832097,0.19134057437019467,Low,Sure Thing
2718-YSKCS,71,19.6,Two year,No,0,0,24,0.3059406368399833,0.16467436759020626,Low,Sure Thing
9896-UYMIE,66,114.3,One year,Fiber optic,0,6,12,-0.4912634163635948,0.030050087032242018,Low,Sleeping Dog
0853-NWIFK,45,100.3,One year,Fiber optic,0,4,12,-0.1283624318079849,0.2816907718793665,Low,Sleeping Dog
8212-CRQXP,22,80.0,Month-to-month,Fiber optic,0,1,1,-0.1715788964473599,0.49432855845590645,Medium,Lost Cause
6980-CDGFC,67,20.85,One year,No,0,0,12,0.3020515521325539,0.5286717834770732,Medium,Persuadable
7691-XVTZH,68,89.95,Two year,Fiber optic,0,2,24,-0.068941026666363,0.04233863293950968,Low,Sleeping Dog
2520-SGTTA,0,20.0,Two year,No,0,0,24,0.278060819952042,0.00793961503718067,Low,Sure Thing
7481-ATQQS,49,90.85,Month-to-month,Fiber optic,1,2,1,-0.1724720328848779,0.07469986824671558,Low,Sleeping Dog
2277-VWCNI,4,48.75,Month-to-month,DSL,0,0,1,-0.0847859362721762,0.028716436261101055,Low,Sleeping Dog
1088-CNNKB,63,80.0,One year,DSL,0,5,12,-0.1392562601674915,0.0210089975762003,Low,Sleeping Dog
8642-GVWRF,2,79.7,Month-to-month,Fiber optic,1,2,1,-0.0242949976125432,0.25665769831199736,Low,Sleeping Dog
1930-BZLHI,21,20.35,One year,No,0,0,12,0.3046353383272485,0.06191211658785117,Low,Sure Thing
3400-ESFUW,55,57.55,Two year,DSL,1,3,24,-0.0304446781865736,0.0036396669761815255,Low,Sleeping Dog
5868-YTYKS,1,20.25,Month-to-month,No,0,0,1,0.278060819952042,0.40232429227192773,Medium,Persuadable
3525-DVKFN,17,19.4,Two year,No,0,0,24,0.2940007085510896,0.09783672017313683,Low,Sure Thing
1482-OXZSY,30,100.4,Month-to-month,Fiber optic,0,3,1,-0.1733121499983667,0.9437507255412961,High,Lost Cause
0377-JBKKT,22,57.95,Month-to-month,DSL,0,3,1,-0.0355468546682681,0.38131208313064274,Medium,Lost Cause
5778-BVOFB,9,59.5,Month-to-month,DSL,0,2,1,-0.0374772425804905,0.03170556266548769,Low,Sleeping Dog
3373-YZZYM,1,19.2,Month-to-month,No,0,0,1,0.2947389798899313,0.3734641143364188,Medium,Persuadable
2057-ZBLPD,21,86.5,Month-to-month,Fiber optic,1,1,1,-0.1516818285706446,0.0076511300889555494,Low,Sleeping Dog
0228-MAUWC,19,59.55,Month-to-month,DSL,0,2,1,-0.0321073632771427,0.9107307480134,High,Lost Cause
5502-RLUYV,69,103.95,Month-to-month,Fiber optic,1,4,1,-0.1479592252606814,0.012125662386631417,Low,Sleeping Dog
0023-HGHWL,1,25.1,Month-to-month,DSL,1,0,1,0.2921349411193263,0.0015788323784400454,Low,Sure Thing
7663-YJHSN,72,103.95,Two year,Fiber optic,0,5,24,-0.1479592252606814,0.7136525676433126,High,Lost Cause
4915-BFSXL,70,68.95,Two year,DSL,0,3,24,-0.0344107116836984,0.00196564551036316,Low,Sleeping Dog
3086-RUCRN,66,103.1,Month-to-month,Fiber optic,0,5,1,-0.2119074882942662,0.9595667740111852,High,Lost Cause
5215-LNLDJ,7,24.7,Month-to-month,DSL,0,0,1,0.2995482244176907,0.0847052444387168,Low,Sure Thing
7576-JMYWV,46,110.2,Month-to-month,Fiber optic,0,5,1,-0.0126644276770725,0.11272625513368585,Low,Sleeping Dog
9039-RBEEE,39,48.95,Month-to-month,DSL,1,4,1,-0.0565745860395085,0.016382125765825855,Low,Sleeping Dog
0257-KXZGU,32,62.45,Month-to-month,DSL,0,2,1,0.0121829286915625,0.2639594384589759,Low,Sure Thing
1307-ATKGB,24,89.55,Month-to-month,Fiber optic,0,3,1,-0.174327303056771,0.03654823670698288,Low,Sleeping Dog
8417-FMLZI,6,83.55,Month-to-month,Fiber optic,1,2,1,-0.2457327621220735,0.010631968560388103,Low,Sleeping Dog
3714-XPXBW,37,78.9,Month-to-month,DSL,0,5,1,-0.155834453108037,0.17642935363414716,Low,Sleeping Dog
1850-AKQEP,8,20.35,Month-to-month,No,0,0,1,0.2995482244176907,0.0065046221739711646,Low,Sure Thing
2824-DXNKN,72,71.45,Two year,DSL,0,3,24,-0.0470993202126823,0.011729381402352574,Low,Sleeping Dog
5227-JSCFE,71,46.35,Two year,DSL,0,4,24,-0.0478192804213181,0.519131302962988,Medium,Lost Cause
0848-ZGQIJ,16,94.65,Month-to-month,Fiber optic,0,3,1,-0.1461505384888911,0.2709709326467187,Low,Sleeping Dog
3621-CHYVB,57,49.9,Month-to-month,DSL,0,4,1,-0.0479449107776408,0.6456118112248113,High,Lost Cause
8042-RNLKO,66,25.45,One year,No,0,0,12,0.3020515521325539,0.01459609985739453,Low,Sure Thing
1792-UXAFY,17,89.15,Month-to-month,Fiber optic,1,3,1,-0.1461505384888911,0.0038821094784018306,Low,Sleeping Dog
5372-FBKBN,21,20.75,Month-to-month,No,0,0,1,0.3046353383272485,0.010472770697617007,Low,Sure Thing
0420-TXVSG,66,66.1,Two year,DSL,0,3,24,-0.0332657536572905,0.79977923501336,High,Lost Cause
6217-TOWGS,17,75.4,Month-to-month,DSL,0,3,1,-0.1835252186563282,0.09933964526310303,Low,Sleeping Dog
0515-YPMCW,1,70.45,Month-to-month,Fiber optic,1,0,1,-0.6669346471035523,0.468465329157133,Medium,Lost Cause
0378-XSZPU,58,60.3,One year,DSL,1,3,12,-0.0303063541897525,0.08351065832404679,Low,Sleeping Dog
1045-LTCYT,8,21.05,Month-to-month,No,0,0,1,0.2995482244176907,0.6273172420554913,High,Persuadable
1544-JJMYL,27,69.35,One year,DSL,0,4,12,-0.155418884173906,0.09723587443188943,Low,Sleeping Dog
4636-JGAAI,34,88.85,Month-to-month,Fiber optic,0,2,1,-0.1293775848663892,0.012483351826246901,Low,Sleeping Dog
6874-SGLHU,30,97.0,One year,Fiber optic,0,3,12,-0.1818264544050471,0.48246154203883335,Medium,Lost Cause
5951-AOFIH,33,66.4,Month-to-month,DSL,0,3,1,-0.0187313713028554,0.0016437971736434423,Low,Sleeping Dog
4729-XKASR,1,24.75,Month-to-month,DSL,1,0,1,0.2921349411193263,0.05759136905264775,Low,Sure Thing
3059-NGMXB,14,69.2,Month-to-month,DSL,0,3,1,-0.1381599315318153,0.2895817700382549,Low,Sleeping Dog
8652-YHIYU,16,79.5,One year,Fiber optic,0,1,12,-0.1790572169820237,0.21282460610312048,Low,Sleeping Dog
5278-PNYOX,49,100.65,Two year,Fiber optic,0,4,24,-0.1667820727399019,0.0573758820608418,Low,Sleeping Dog
5449-FIBXJ,19,103.3,Month-to-month,Fiber optic,1,4,1,-0.2251687370832094,0.04172797141374224,Low,Sleeping Dog
3486-HOOGQ,70,79.7,Two year,DSL,0,5,24,-0.0753079971339067,0.0603199118904388,Low,Sleeping Dog
5061-PBXFW,32,61.4,Month-to-month,DSL,0,3,1,0.0121829286915625,0.5787755561498158,Medium,Persuadable
8630-FJLIB,18,69.8,Month-to-month,Fiber optic,0,0,1,-0.1272421196060261,0.022011855915762577,Low,Sleeping Dog
3891-NLXJB,37,40.55,Two year,DSL,0,3,24,-0.0982252299922637,0.02235675683501938,Low,Sleeping Dog
4749-OJKQU,4,75.65,Month-to-month,Fiber optic,0,0,1,-0.1445596396750117,0.006651045034024836,Low,Sleeping Dog
0577-WHMEV,16,90.7,Month-to-month,Fiber optic,0,3,1,-0.1461505384888911,0.0025543664784241395,Low,Sleeping Dog
5453-AXEPF,17,80.5,Month-to-month,Fiber optic,0,1,1,-0.1790572169820237,0.6041415803094475,High,Lost Cause
3639-XJHKQ,19,60.6,Month-to-month,DSL,0,3,1,-0.0045900249309394,0.06895012901464213,Low,Sleeping Dog
3716-LRGXK,60,101.15,Two year,Fiber optic,0,3,24,-0.1551835090415277,0.07236508512910929,Low,Sleeping Dog
2263-SFSQZ,51,24.95,Two year,No,0,0,24,0.3014756659550562,0.19857598017865763,Low,Sure Thing
9950-MTGYX,28,20.3,Two year,No,0,0,24,0.2658239439832097,0.016033773010537596,Low,Sure Thing
3397-AVTKU,43,60.0,Two year,DSL,0,2,24,0.0121829286915625,0.005031394826818559,Low,Sure Thing
4825-FUREZ,42,20.25,Two year,No,0,0,24,0.3107736621735916,0.4322045392408273,Medium,Persuadable
9837-BMCLM,3,78.5,Month-to-month,Fiber optic,1,1,1,-0.0623776027790588,0.25395710495598506,Low,Sleeping Dog
2672-OJQZP,1,44.75,Month-to-month,DSL,0,0,1,-0.1340528840520785,0.004527894203271079,Low,Sleeping Dog
0137-UDEUO,3,19.85,Month-to-month,No,1,0,1,0.2794055859435885,0.2707233556217836,Low,Sure Thing
3134-DSHVC,63,98.0,Two year,Fiber optic,0,4,24,-0.1403884410482239,0.8989316303730005,High,Lost Cause
6161-UUUTA,3,79.9,Month-to-month,Fiber optic,1,1,1,-0.0579096011047543,0.5801980119579083,Medium,Lost Cause
7821-DPRQE,68,107.7,Month-to-month,Fiber optic,0,5,1,0.1532049113296144,0.6204387190425545,High,Persuadable
6543-XRMYR,30,99.7,Month-to-month,Fiber optic,1,3,1,-0.1733121499983667,0.10767861750362406,Low,Sleeping Dog
2001-EWBQU,60,104.7,Two year,Fiber optic,0,4,24,-0.1083259421588591,0.6805313561344534,High,Lost Cause
4925-LMHOK,15,58.6,Month-to-month,DSL,1,2,1,-0.0321073632771427,0.07857877741606362,Low,Sleeping Dog
1608-GMEWB,45,93.9,Month-to-month,Fiber optic,0,2,1,-0.1724720328848779,0.010774813546527989,Low,Sleeping Dog
6695-AMZUF,70,86.45,Two year,DSL,0,6,24,-0.0710328253569911,0.7475582687826128,High,Lost Cause
1455-UGQVH,10,98.5,Month-to-month,Fiber optic,1,3,1,-0.0703609299668033,0.43955689720434693,Medium,Lost Cause
8410-BGQXN,4,19.4,Month-to-month,No,0,0,1,0.2794055859435885,0.03180198042355175,Low,Sure Thing
8280-MQRQN,1,50.45,Month-to-month,DSL,1,1,1,0.0003955187389117,0.2832137837976125,Low,Sure Thing
1619-YWUBB,68,24.95,Two year,No,0,0,24,0.3200147580072676,0.1791962331105222,Low,Sure Thing
7611-YKYTC,22,75.0,Month-to-month,Fiber optic,0,1,1,-0.1760468981216644,0.5604134484178892,Medium,Lost Cause
2037-SGXHH,38,94.65,Month-to-month,Fiber optic,1,3,1,-0.1293775848663892,0.0025317976792804038,Low,Sleeping Dog
3178-FESZO,1,100.25,Month-to-month,Fiber optic,1,3,1,-0.267861277982827,0.4171228591593408,Medium,Lost Cause
0365-GXEZS,18,78.2,Month-to-month,Fiber optic,0,2,1,-0.1726074067305389,0.3823949002009746,Medium,Lost Cause
0082-OQIQY,29,94.2,Month-to-month,Fiber optic,0,3,1,-0.174327303056771,0.526994785435741,Medium,Lost Cause
6087-MVHJH,16,88.45,Month-to-month,Fiber optic,1,2,1,-0.1461505384888911,0.5539382286199924,Medium,Lost Cause
4603-JANFB,1,69.85,Month-to-month,Fiber optic,1,0,1,-0.4028498447391783,0.10335690705313187,Low,Sleeping Dog
3018-TFTSU,12,81.7,Month-to-month,Fiber optic,1,2,1,-0.1140641645453221,0.05152085896064751,Low,Sleeping Dog
3606-SBKRY,31,50.05,One year,DSL,0,3,12,0.0157331517035379,0.023341751095125905,Low,Sure Thing
4806-KEXQR,4,79.9,Month-to-month,Fiber optic,1,1,1,-0.1400916380007072,0.871706579707738,High,Lost Cause
0667-NSRGI,48,69.55,One year,DSL,0,3,12,-0.125579434515457,0.6934620974232768,High,Lost Cause
7083-YNSKY,15,25.4,Month-to-month,No,1,0,1,0.3080748297183739,0.553992849345755,Medium,Persuadable
6893-ODYYE,50,90.1,One year,Fiber optic,0,4,12,-0.1444878533983221,0.021796584141559775,Low,Sleeping Dog
8242-JSVBO,7,44.65,Month-to-month,DSL,0,0,1,-0.0787174189653582,0.34972338345001935,Medium,Lost Cause
2479-BRAMR,41,83.75,Month-to-month,Fiber optic,1,2,1,-0.2557665652889234,0.023902013134565442,Low,Sleeping Dog
9541-ZPSEA,68,80.35,Two year,Fiber optic,0,2,24,-0.0753079971339067,0.4688557185835059,Medium,Lost Cause
2665-NPTGL,26,98.1,Month-to-month,Fiber optic,0,3,1,-0.1818264544050471,0.002298642334003707,Low,Sleeping Dog
1139-WUOAH,57,53.35,Two year,DSL,0,4,24,-0.0358899569397253,0.12293069956656495,Low,Sleeping Dog
4693-VWVBO,3,19.55,Month-to-month,No,0,0,1,0.2794055859435885,0.022582146365123398,Low,Sure Thing
7434-SHXLS,1,20.9,Month-to-month,No,1,0,1,0.2921349411193263,0.0008827153803371868,Low,Sure Thing
6937-GCDGQ,19,48.95,One year,DSL,0,1,12,-0.0733475396620104,0.010186260860488015,Low,Sleeping Dog
0988-JRWWP,3,54.2,Month-to-month,DSL,0,1,1,-0.0489910386404601,0.4301616838645199,Medium,Lost Cause
5075-JSDKI,59,24.45,Two year,No,0,0,24,0.3014756659550562,0.1601556043928154,Low,Sure Thing
7908-QCBCA,1,69.4,Month-to-month,Fiber optic,1,0,1,-0.4028498447391783,0.009152087295464148,Low,Sleeping Dog
8644-XYTSV,42,40.15,Month-to-month,DSL,0,2,1,-0.0982252299922637,0.03829691142116242,Low,Sleeping Dog
6711-FLDFB,7,74.9,Month-to-month,Fiber optic,1,0,1,-0.188895097959676,0.15807079127602275,Low,Sleeping Dog
3873-WOSBC,67,25.6,Two year,No,0,0,24,0.3020515521325539,0.007103501695404364,Low,Sure Thing
7465-ZZRVX,1,70.35,Month-to-month,Fiber optic,0,0,1,-0.5835279799972217,0.6427771607610651,High,Lost Cause
7975-JMZNT,66,91.7,Two year,DSL,0,6,24,-0.1328892896999479,0.0004976209566861179,Low,Sleeping Dog
7251-XFOIL,61,89.2,Month-to-month,Fiber optic,0,2,1,-0.1328892896999479,0.0348672068694414,Low,Sleeping Dog
4116-IQRFR,4,24.1,One year,No,0,0,12,0.2934797071108728,0.42236343744596044,Medium,Persuadable
3714-JTVOV,42,74.15,Month-to-month,Fiber optic,1,1,1,-0.1772110034970337,0.4033977641926681,Medium,Lost Cause
8259-DZLIZ,64,53.85,One year,DSL,0,1,12,-0.0353140707622275,0.003951339677779727,Low,Sleeping Dog
0442-ZXKVS,54,115.6,One year,Fiber optic,0,6,12,-0.5382758196505921,0.2340675329494283,Low,Sleeping Dog
7853-WNZSY,1,19.75,Month-to-month,No,0,0,1,0.278060819952042,0.3084757532906383,Medium,Persuadable
3120-FAZKD,54,24.05,Two year,No,0,0,24,0.3014756659550562,0.33728985562274555,Medium,Persuadable
8606-OEGQZ,18,25.3,Two year,No,0,0,24,0.3080748297183739,0.0034156208967125227,Low,Sure Thing
0225-ZORZP,3,84.3,Month-to-month,Fiber optic,0,2,1,-0.0084994298408705,0.03420706466549433,Low,Sleeping Dog
4702-IOQDC,1,70.1,Month-to-month,Fiber optic,1,0,1,-0.4219430731459002,0.9312241370474799,High,Lost Cause
9489-JMTTN,72,89.75,Two year,DSL,0,6,24,-0.068941026666363,0.9119439571553034,High,Lost Cause
0575-CUQOV,60,97.95,One year,Fiber optic,0,4,12,-0.109719221827723,0.004081468812374037,Low,Sleeping Dog
0967-BMLBD,11,20.0,One year,No,0,0,12,0.2854741032504064,0.6729491091774945,High,Persuadable
6178-KFNHS,12,78.3,Month-to-month,Fiber optic,1,1,1,-0.1772557448634298,0.033709643291916946,Low,Sleeping Dog
2830-LEWOA,61,103.9,One year,Fiber optic,0,5,12,-0.2119074882942662,0.021025377476925428,Low,Sleeping Dog
5006-MXVRN,39,20.7,Two year,No,0,0,24,0.3248477833408759,0.16259122450346788,Low,Sure Thing
1264-BYWMS,55,96.8,Month-to-month,Fiber optic,1,2,1,-0.1519870047465982,0.007051607134069345,Low,Sleeping Dog
9658-WYUFB,17,94.4,Month-to-month,Fiber optic,1,3,1,-0.1461505384888911,0.006220239595590138,Low,Sleeping Dog
8327-WKMIE,37,20.15,One year,No,0,0,12,0.3107736621735916,0.6810436718311319,High,Persuadable
6917-FIJHC,72,26.0,Two year,No,0,0,24,0.3087056166015536,0.3402124682107201,Medium,Persuadable
5329-KRDTM,72,77.35,Two year,DSL,0,4,24,-0.0878287706491996,0.019754605801611137,Low,Sleeping Dog
7797-EJMDP,8,66.05,Month-to-month,DSL,0,3,1,-0.0517920161544944,0.4784121588690209,Medium,Lost Cause
3530-VWVGU,22,19.9,Month-to-month,No,0,0,1,0.2905612171599642,0.0007892319933148128,Low,Sure Thing
2013-SGDXK,1,84.3,Month-to-month,Fiber optic,1,2,1,-0.2826046176096241,0.0031980539949841274,Low,Sleeping Dog
6368-NWMCE,38,68.15,Month-to-month,DSL,0,3,1,-0.1104691659835242,0.7731015512173282,High,Lost Cause
3633-CDBUW,17,80.85,One year,DSL,0,5,12,-0.1790572169820237,0.02365362269576431,Low,Sleeping Dog
0707-HOVVN,70,75.5,Two year,DSL,0,4,24,-0.0878287706491996,0.18001770115160606,Low,Sleeping Dog
8580-QVLOC,72,92.45,Two year,DSL,1,6,24,-0.0769937985073515,0.035268463976116445,Low,Sleeping Dog
3956-MGXOG,28,80.6,Month-to-month,Fiber optic,0,1,1,-0.1963161696241143,0.5995856016549544,Medium,Lost Cause
9274-UARKJ,15,83.2,Month-to-month,Fiber optic,0,2,1,-0.1159390684454193,0.21470253423699415,Low,Sleeping Dog
4077-HWUYD,72,87.55,Two year,DSL,0,6,24,-0.0710328253569911,0.06157458348367412,Low,Sleeping Dog
2012-NWRPA,11,99.55,Month-to-month,Fiber optic,1,3,1,-0.0618466255601228,0.1557417890349783,Low,Sleeping Dog
8808-ELEHO,8,81.25,Month-to-month,Fiber optic,1,1,1,-0.1844270962853715,0.6658994298133698,High,Lost Cause
0103-CSITQ,57,109.4,One year,Fiber optic,0,5,12,-0.8742588289301151,0.09980698082193797,Low,Sleeping Dog
3506-LCJDC,1,19.95,Month-to-month,No,1,0,1,0.278060819952042,0.6284402915393822,High,Persuadable
8671-KKKOS,46,45.55,Month-to-month,DSL,0,3,1,-0.0565745860395085,0.7687907190637002,High,Lost Cause
7305-ZWMAJ,30,20.7,One year,No,0,0,12,0.279898065150494,0.6074425130737092,High,Persuadable
9518-XXBXE,10,75.3,Month-to-month,Fiber optic,0,1,1,-0.188895097959676,0.15425418434902705,Low,Sleeping Dog
3934-HXCFZ,23,99.25,Month-to-month,Fiber optic,1,4,1,-0.1485748768216122,0.493317794306015,Medium,Lost Cause
6578-KRMAW,32,93.4,Month-to-month,Fiber optic,0,4,1,-0.1293775848663892,0.5156458956337759,Medium,Lost Cause
4860-IJUDE,13,73.75,Month-to-month,Fiber optic,0,1,1,-0.1613766486875465,0.5741163268442145,Medium,Lost Cause
7666-WKRON,39,80.45,Two year,Fiber optic,1,2,24,-0.1513664514337325,0.06422206641983351,Low,Sleeping Dog
9688-YGXVR,44,88.15,Month-to-month,Fiber optic,0,3,1,-0.1314693835570173,0.046644752698097036,Low,Sleeping Dog
0423-UDIJQ,9,49.2,Month-to-month,DSL,0,1,1,-0.0549774751715577,0.0038677612492444796,Low,Sleeping Dog
1945-XISKS,67,19.65,Two year,No,0,0,24,0.2879774309652697,0.4469465659149558,Medium,Persuadable
4910-AQFFX,9,79.35,Month-to-month,Fiber optic,1,1,1,-0.188895097959676,0.07910872602680112,Low,Sleeping Dog
2154-KVJFF,15,79.75,Month-to-month,Fiber optic,1,1,1,-0.1790572169820237,0.009622370706002243,Low,Sleeping Dog
5360-LJCNJ,71,105.15,Two year,Fiber optic,0,4,24,-0.1209061080141463,0.6436073039245332,High,Lost Cause
2607-FBDFF,1,49.0,Month-to-month,DSL,0,1,1,-0.3875877528005281,0.2667517505906486,Low,Sleeping Dog
9647-ERGBE,30,100.05,Month-to-month,Fiber optic,1,3,1,-0.1733121499983667,0.8118106244659707,High,Lost Cause
3428-XZMAZ,1,69.35,Month-to-month,Fiber optic,1,0,1,-0.4028498447391783,0.3716159597398287,Medium,Lost Cause
1100-DDVRV,17,49.8,Month-to-month,DSL,0,3,1,-0.0496075958682099,0.006832576022060254,Low,Sleeping Dog
0378-TOVMS,3,85.8,Month-to-month,Fiber optic,1,2,1,0.1060076745138915,0.950604123366105,High,Persuadable
4355-HBJHH,67,79.7,Two year,DSL,1,4,24,-0.1392562601674915,0.040565734910630695,Low,Sleeping Dog
6728-WYQBC,1,20.95,Month-to-month,No,0,0,1,0.2921349411193263,0.0070723319357337494,Low,Sure Thing
9058-CBREO,1,50.55,Month-to-month,DSL,1,0,1,0.0003955187389117,0.8178417677925238,High,Persuadable
9029-FEGVJ,32,79.3,Month-to-month,Fiber optic,0,1,1,-0.1989289011265257,0.3733293415605248,Medium,Lost Cause
7216-KAOID,41,19.5,One year,No,0,0,12,0.3107736621735916,0.007154738345997641,Low,Sure Thing
0318-QUUOB,1,80.55,Month-to-month,Fiber optic,1,1,1,-0.332014788873508,0.3631674626629822,Medium,Lost Cause
6145-NNPNO,1,44.15,Month-to-month,DSL,0,0,1,-0.1340528840520785,0.2051721335740023,Low,Sleeping Dog
5520-FVEWJ,12,84.5,Month-to-month,Fiber optic,1,2,1,-0.0909733451557391,0.16907960154172233,Low,Sleeping Dog
5339-TJFEK,62,105.5,Month-to-month,Fiber optic,0,4,1,-0.1083259421588591,0.4649862414094698,Medium,Lost Cause
5572-ZDXHY,22,84.3,Month-to-month,Fiber optic,1,2,1,-0.159405888983566,0.5638164046954635,Medium,Lost Cause
2074-GUHPQ,17,92.7,Month-to-month,Fiber optic,0,3,1,-0.1461505384888911,0.943286809167307,High,Lost Cause
4625-XMOYM,72,26.25,Two year,No,0,0,24,0.4046272779881143,0.7622895100874816,High,Persuadable
5827-MWCZK,56,96.95,Month-to-month,Fiber optic,0,3,1,-0.1519870047465982,0.15627479308615558,Low,Sleeping Dog
1385-TQOZW,9,20.45,Month-to-month,No,0,0,1,0.2995482244176907,0.20805350825663285,Low,Sure Thing
5914-XRFQB,72,115.8,Two year,Fiber optic,0,6,24,-0.2389415814402401,0.8413114498118448,High,Lost Cause
4329-YPDDQ,20,108.2,Month-to-month,Fiber optic,0,6,1,0.0308719512339145,0.8398631077065336,High,Persuadable
4804-NCPET,19,20.2,Two year,No,0,0,24,0.2940007085510896,0.18271036665263943,Low,Sure Thing
3750-CKVKH,2,67.75,Month-to-month,Fiber optic,1,0,1,-0.0578605334613123,0.007446275994073899,Low,Sleeping Dog
5944-UGLLK,53,54.9,One year,DSL,0,4,12,-0.0358899569397253,0.4869863569418717,Medium,Lost Cause
8063-GBATB,27,85.25,Month-to-month,Fiber optic,1,1,1,-0.1841431621603205,0.5368413169248399,Medium,Lost Cause
7787-BNTZM,6,20.15,Month-to-month,No,0,0,1,0.2854741032504064,0.8049186693665962,High,Persuadable
2252-ISRNH,9,90.35,One year,Fiber optic,0,2,12,-0.1947171429797015,0.13473921266482206,Low,Sleeping Dog
9415-TPKRV,8,55.75,Month-to-month,DSL,0,1,1,-0.0651695498152842,0.006039685082193065,Low,Sleeping Dog
5322-TEUJK,71,114.6,Two year,Fiber optic,0,6,24,-0.2724145558571237,0.3297807215645503,Medium,Lost Cause
4547-KQRTM,10,80.05,Month-to-month,Fiber optic,1,1,1,-0.1844270962853715,0.011410793410367916,Low,Sleeping Dog
4877-EVATK,1,20.0,Month-to-month,No,1,0,1,0.278060819952042,0.4811694247785923,Medium,Persuadable
1866-DIOQZ,71,66.8,One year,DSL,0,6,12,-0.0019232938436765,0.5643827817403323,Medium,Lost Cause
8375-KVTHK,68,100.3,One year,Fiber optic,0,4,12,-0.0679258736079587,0.005081438316491812,Low,Sleeping Dog
2697-NQBPF,34,105.35,Month-to-month,Fiber optic,0,4,1,-0.1048142373253005,0.5810063557645574,Medium,Lost Cause
3709-OIJEA,26,85.2,One year,Fiber optic,0,3,12,-0.1841431621603205,0.034465654517484505,Low,Sleeping Dog
7639-SUPCW,22,48.8,Month-to-month,DSL,1,1,1,-0.0767870310531359,0.935474092849575,High,Lost Cause
1386-ZIKUV,7,18.95,Month-to-month,No,0,0,1,0.3021522631882957,0.08691780601724614,Low,Sure Thing
0599-XNYDO,20,69.8,Month-to-month,Fiber optic,0,0,1,-0.1306816109971515,0.006342795867758804,Low,Sleeping Dog
6377-WHAOX,60,106.15,Month-to-month,Fiber optic,0,4,1,-0.141609609172363,0.09782405161767956,Low,Sleeping Dog
6855-VLGOS,72,20.55,Two year,No,0,0,24,0.3087056166015536,0.6946683586522259,High,Persuadable
8999-XXGNS,72,105.75,One year,Fiber optic,0,4,12,-0.1622425468686386,0.059454114542842836,Low,Sleeping Dog
8746-OQQRW,4,25.25,Month-to-month,No,0,0,1,0.2934797071108728,0.30164922767409624,Medium,Persuadable
3181-MIZBN,16,19.75,Month-to-month,No,0,0,1,0.2940007085510896,0.004990275362109682,Low,Sure Thing
0471-ARVMX,62,104.85,One year,Fiber optic,0,4,12,-0.0776567229383582,0.13813432449393614,Low,Sleeping Dog
7766-CLTIC,10,60.95,Month-to-month,DSL,0,2,1,0.0190972952403437,0.38355999283355063,Medium,Persuadable
5650-YLIBA,31,81.15,Month-to-month,Fiber optic,0,1,1,-0.1027986574844866,0.6714750185987532,High,Lost Cause
0825-CPPQH,71,19.1,Two year,No,0,0,24,0.2822877646783172,0.18291143763355996,Low,Sure Thing
9084-OAYKL,58,20.8,Two year,No,0,0,24,0.3014756659550562,0.11070406996776626,Low,Sure Thing
6122-LJADA,70,90.15,Two year,DSL,0,6,24,-0.068941026666363,0.23322009988417303,Low,Sleeping Dog
2400-XIWIO,71,90.1,Two year,DSL,0,6,24,-0.068941026666363,0.004742785337516446,Low,Sleeping Dog
7524-VRLPL,69,74.1,Two year,DSL,0,4,24,-0.0661108730197077,0.45138356799716917,Medium,Lost Cause
1069-XAIEM,1,85.05,Month-to-month,Fiber optic,1,1,1,-0.2826046176096241,0.15899140660928088,Low,Sleeping Dog
7569-NMZYQ,72,118.75,Two year,Fiber optic,0,6,24,-0.2389415814402401,0.006469076233189917,Low,Sleeping Dog
5201-USSQZ,26,85.9,Month-to-month,Fiber optic,0,2,1,-0.1764191017473991,0.027869925083852554,Low,Sleeping Dog
2105-PHWON,33,95.0,Month-to-month,Fiber optic,0,3,1,-0.1293775848663892,0.2470571826235494,Low,Sleeping Dog
1494-EJZDW,10,20.15,Two year,No,0,0,24,0.2854741032504064,0.955721041494979,High,Persuadable
4884-TVUQF,57,101.3,Two year,Fiber optic,0,4,24,-0.1947662522264578,0.9547165514172532,High,Lost Cause
8003-EWNDZ,10,21.2,Month-to-month,No,0,0,1,0.2995482244176907,0.46768427286537767,Medium,Persuadable
1897-RCFUM,39,24.2,One year,No,0,0,12,0.3248477833408759,0.5129443366964842,Medium,Persuadable
9256-JTBNZ,11,20.3,Month-to-month,No,0,0,1,0.2854741032504064,0.028676553327263012,Low,Sure Thing
4658-HCOHW,21,102.8,Month-to-month,Fiber optic,1,5,1,0.0578259961704281,0.3368323033438319,Medium,Persuadable
2211-RMNHO,68,85.3,Two year,DSL,0,5,24,-0.0710328253569911,0.005741678812813802,Low,Sleeping Dog
2432-TFSMK,18,89.6,One year,Fiber optic,0,2,12,-0.1461505384888911,0.028879587618950816,Low,Sleeping Dog
3440-JPSCL,6,99.95,Month-to-month,Fiber optic,1,4,1,-0.1241052458807,0.8392383610866242,High,Lost Cause
4929-ROART,18,56.25,Month-to-month,DSL,0,1,1,-0.0597996705119363,0.020532613748385997,Low,Sleeping Dog
1834-ABKHQ,52,50.95,One year,DSL,0,1,12,-0.0358899569397253,0.004374441081478681,Low,Sleeping Dog
1741-WTPON,56,115.85,Two year,Fiber optic,0,6,24,-0.4684382331792071,0.6308404052978687,High,Lost Cause
3932-IJWDZ,45,103.65,Month-to-month,Fiber optic,0,4,1,-0.2083957834607075,0.40238405725447185,Medium,Lost Cause
1240-HCBOH,67,26.1,Two year,No,0,0,24,0.3020515521325539,0.055930159311822936,Low,Sure Thing
3594-KADLU,3,35.1,Month-to-month,DSL,0,2,1,-0.1264365802249314,0.04784750942418056,Low,Sleeping Dog
8065-BVEPF,65,99.1,Month-to-month,Fiber optic,0,4,1,-0.1012049174210426,0.007804427546686356,Low,Sleeping Dog
3796-ENZGF,63,67.25,Two year,DSL,0,3,24,-0.0332657536572905,0.16410585913314973,Low,Sleeping Dog
1734-ZMNTZ,11,25.0,Two year,No,0,0,24,0.2995482244176907,0.7050291906569132,High,Persuadable
2853-CWQFQ,1,59.55,Month-to-month,DSL,0,2,1,0.0654004090884753,0.010910093676753047,Low,Sure Thing
0813-TAXXS,55,77.8,Two year,DSL,0,3,24,-0.1553228255401703,0.7263644725271338,High,Lost Cause
2519-TWKFS,25,55.1,One year,DSL,0,1,12,-0.0657294065981742,0.01463212504904276,Low,Sleeping Dog
2889-FPWRM,72,117.8,One year,Fiber optic,1,6,12,-0.2389415814402401,0.5634877718936693,Medium,Lost Cause
0626-QXNGV,72,24.15,Two year,No,0,0,24,0.3087056166015536,0.3883289914441989,Medium,Persuadable
6723-CEGQI,65,45.25,Two year,DSL,0,3,24,-0.0711089683939436,0.07461598027610107,Low,Sleeping Dog
6987-XQSJT,54,79.5,Month-to-month,Fiber optic,1,1,1,-0.1788390033524216,0.16936688622357773,Low,Sleeping Dog
4732-RRJZC,7,20.25,Month-to-month,No,0,0,1,0.2854741032504064,0.003354338489793235,Low,Sure Thing
9499-XPZXM,72,64.75,Two year,DSL,0,3,24,-0.0019232938436765,0.636300642049616,High,Lost Cause
4338-EYCER,21,54.6,Month-to-month,DSL,0,1,1,-0.0409921334214198,0.3477314024822964,Medium,Lost Cause
3007-FDPEA,2,20.7,Month-to-month,No,0,0,1,0.2934797071108728,0.05245935491126028,Low,Sure Thing
6350-XFYGW,4,94.75,Month-to-month,Fiber optic,0,3,1,-0.0582439899178585,0.06626534540227474,Low,Sleeping Dog
4290-BSXUX,3,79.65,Month-to-month,Fiber optic,1,1,1,-0.0579096011047543,0.5522486413620665,Medium,Lost Cause
8513-OLYGY,72,115.8,Two year,Fiber optic,0,6,24,-0.2389415814402401,0.36329554826362703,Medium,Lost Cause
0311-QYWSS,6,49.45,Month-to-month,DSL,0,1,1,-0.0549774751715577,0.08674422264099423,Low,Sleeping Dog
8705-DWKTI,52,83.8,Month-to-month,Fiber optic,0,2,1,0.5307858994679325,0.4818501954360319,Medium,Persuadable
8755-IWJHN,69,95.35,Month-to-month,Fiber optic,0,3,1,-0.0844929498556276,0.014859499408707838,Low,Sleeping Dog
0325-XBFAC,8,94.7,Month-to-month,Fiber optic,1,3,1,-0.1947171429797015,0.0032935277188987353,Low,Sleeping Dog
4480-QQRHC,8,74.05,Month-to-month,Fiber optic,0,1,1,-0.1671772003301839,0.18009019415681216,Low,Sleeping Dog
0929-PECLO,63,89.6,Month-to-month,Fiber optic,0,2,1,-0.1022200704794469,0.9396511954460002,High,Lost Cause
3680-CTHUH,60,116.6,One year,Fiber optic,0,6,12,-0.4577904419467113,0.0008316559572418464,Low,Sleeping Dog
1202-KKGFU,12,54.2,Month-to-month,DSL,0,2,1,-0.031283168237396,0.05952148494036406,Low,Sleeping Dog
6112-KTHFQ,13,19.3,Month-to-month,No,0,0,1,0.2940007085510896,0.8368215635033097,High,Persuadable
1852-XEMDW,22,65.05,Month-to-month,DSL,0,3,1,-0.0389438163164828,0.006165766792642119,Low,Sleeping Dog
2462-XIIJB,5,92.5,Month-to-month,Fiber optic,1,2,1,-0.0582439899178585,0.8369897263424716,High,Lost Cause
4760-XOHVN,1,19.45,Month-to-month,No,1,0,1,0.278060819952042,0.8066424281836712,High,Persuadable
1820-DJFPH,72,24.05,Two year,No,0,0,24,0.3087056166015536,0.36394205155170384,Medium,Persuadable
9426-SXNHE,2,18.75,Month-to-month,No,0,0,1,0.2960837458814777,0.3682782969592939,Medium,Persuadable
9068-FHQHD,40,20.15,Two year,No,0,0,24,0.3107736621735916,0.017098890164280338,Low,Sure Thing
1269-FOYWN,44,20.0,One year,No,0,0,12,0.3107736621735916,0.020501284805412,Low,Sure Thing
9470-YFUYI,71,71.0,One year,DSL,0,4,12,-0.0551520920536708,0.07280347627412763,Low,Sleeping Dog
7817-BOQPW,2,75.55,Month-to-month,Fiber optic,1,0,1,-0.0287629992868477,0.09680079153022327,Low,Sleeping Dog
7402-EYFXX,26,93.6,Month-to-month,Fiber optic,0,2,1,-0.174327303056771,0.7341780818917032,High,Lost Cause
1853-UDXBW,1,70.0,Month-to-month,Fiber optic,1,0,1,-0.4219430731459002,0.7418106620909262,High,Lost Cause
9895-VFOXH,1,24.4,Month-to-month,DSL,0,0,1,0.2921349411193263,0.6543076039023928,High,Persuadable
5458-CQJTA,65,74.8,Two year,DSL,1,4,24,-0.143724261841796,0.46270334763459187,Medium,Lost Cause
1230-QAJDW,3,65.25,Month-to-month,DSL,0,2,1,-0.0578605334613123,0.07163880565060814,Low,Sleeping Dog
5701-ZIKJE,13,50.55,Month-to-month,DSL,0,1,1,-0.0496075958682099,0.1034323901164973,Low,Sleeping Dog
5219-YIPTK,33,104.4,Month-to-month,Fiber optic,1,4,1,-0.1213364826719196,0.02005540962987853,Low,Sleeping Dog
5032-MIYKT,1,70.7,Month-to-month,Fiber optic,0,0,1,-0.5765863015622662,0.012100226041641361,Low,Sleeping Dog
7396-VJUZB,4,45.25,Month-to-month,DSL,0,0,1,-0.0847859362721762,0.3700961839918242,Medium,Lost Cause
9717-QEBGU,2,70.3,Month-to-month,Fiber optic,0,0,1,-0.3287031810691396,0.2153688691689352,Low,Sleeping Dog
5172-RKOCB,72,108.95,Two year,Fiber optic,0,5,24,0.1592009561901492,0.6808673990029238,High,Persuadable
6509-TSGWN,37,26.45,Month-to-month,No,0,0,1,0.4207694447274365,0.21246087724890347,Low,Sure Thing
3540-RZJYU,15,86.2,Month-to-month,Fiber optic,1,2,1,-0.1482423371795192,0.57523282186986,Medium,Lost Cause
3178-CIFOT,23,19.65,One year,No,0,0,12,0.2905612171599642,0.013282487192737375,Low,Sure Thing
2091-MJTFX,30,51.2,Month-to-month,DSL,1,3,1,-0.0657294065981742,0.26785035364272275,Low,Sleeping Dog
4530-NDRKU,42,19.05,One year,No,0,0,12,0.3274518221114808,0.02150412779089118,Low,Sure Thing
5985-TBABQ,32,74.75,One year,DSL,0,3,12,-0.155834453108037,0.28705209632855183,Low,Sleeping Dog
9800-ONTFE,22,75.8,Month-to-month,Fiber optic,0,0,1,-0.1760468981216644,0.0365966665158969,Low,Sleeping Dog
6743-HHQPF,42,25.1,Month-to-month,DSL,0,0,1,0.3248477833408759,0.006129432369114761,Low,Sure Thing
8455-HIRAQ,8,44.45,Month-to-month,DSL,0,0,1,-0.0787174189653582,0.007171931004855567,Low,Sleeping Dog
6616-AALSR,65,104.3,Two year,Fiber optic,0,4,24,-0.1248481875054783,0.0011933503443346896,Low,Sleeping Dog
0883-EIBTI,2,19.5,Month-to-month,No,1,0,1,0.2794055859435885,0.6434045699364442,High,Persuadable
9415-ZNBSX,70,89.0,Two year,DSL,0,6,24,-0.068941026666363,0.601313399541861,High,Lost Cause
4018-KJYUY,22,20.15,Month-to-month,No,0,0,1,0.2905612171599642,0.02654340283649487,Low,Sure Thing
0722-TROQR,4,74.9,Month-to-month,Fiber optic,1,0,1,-0.1445596396750117,0.0024100576746735646,Low,Sleeping Dog
7571-YXDAD,2,74.9,Month-to-month,Fiber optic,1,0,1,-0.0287629992868477,0.6689543734633184,High,Lost Cause
3884-UEBXB,67,36.15,Two year,DSL,0,2,24,-0.1127596123466988,0.5852268729408467,Medium,Lost Cause
8780-RSYYU,25,19.2,Month-to-month,No,0,0,1,0.2825021039210989,0.0923876529976027,Low,Sure Thing
5537-UXXVS,20,19.25,Month-to-month,No,0,0,1,0.2905612171599642,0.018441215442655774,Low,Sure Thing
1791-PQHBB,2,61.2,Month-to-month,DSL,0,2,1,0.0130287779335258,0.007182543691254367,Low,Sure Thing
8701-DGLVH,51,20.45,Two year,No,0,0,24,0.3014756659550562,0.0006451460395433361,Low,Sure Thing
8741-LQOBK,46,35.05,Month-to-month,DSL,0,2,1,-0.0982252299922637,0.37278518930133736,Medium,Lost Cause
3393-FMZPV,25,100.25,Month-to-month,Fiber optic,1,3,1,-0.1733121499983667,0.18358698930766595,Low,Sleeping Dog
8082-GHXOP,13,44.0,Month-to-month,DSL,0,0,1,-0.0345425827884107,0.12013885778510264,Low,Sleeping Dog
6402-ZFPPI,25,102.8,Month-to-month,Fiber optic,1,4,1,0.0330887229936736,0.7090664971188136,High,Persuadable
0980-FEXWF,26,50.35,One year,DSL,0,1,12,-0.0777843604360898,0.05629117422658752,Low,Sleeping Dog
7486-KSRVI,43,100.0,One year,Fiber optic,1,3,12,-0.1283624318079849,0.7329528114097824,High,Lost Cause
3011-WQKSZ,19,20.0,Month-to-month,No,0,0,1,0.2940007085510896,0.5252427030140269,Medium,Persuadable
8443-WVPSS,10,99.85,Month-to-month,Fiber optic,1,4,1,-0.0618466255601228,0.023289725453790305,Low,Sleeping Dog
3006-XIMLN,2,94.2,Month-to-month,Fiber optic,1,2,1,0.0848424886548552,0.3116336981671203,Medium,Persuadable
8218-FFJDS,72,86.4,Two year,DSL,0,5,24,-0.0710328253569911,0.36341206600599696,Medium,Lost Cause
1986-PHGZF,18,58.4,Month-to-month,DSL,0,2,1,-0.0321073632771427,0.008218190571822522,Low,Sleeping Dog
9965-YOKZB,9,83.85,Month-to-month,Fiber optic,1,1,1,-0.1613362768957884,0.37970658002624375,Medium,Lost Cause
0504-HHAPI,27,88.3,Month-to-month,Fiber optic,1,2,1,-0.2351338072371518,0.017446471876216053,Low,Sleeping Dog
9360-OMDZZ,24,94.1,Month-to-month,Fiber optic,0,2,1,-0.174327303056771,0.1029090630568698,Low,Sleeping Dog
6305-YLBMM,69,104.05,One year,Fiber optic,1,5,12,0.1064903217870728,0.8795732523210121,High,Persuadable
0345-XMMUG,46,108.9,Two year,Fiber optic,0,5,24,0.0368600064205827,0.8721234478985552,High,Persuadable
8024-XNAFQ,72,107.4,Two year,Fiber optic,0,5,24,0.0185522181233118,0.00673492007395702,Low,Sure Thing
3647-GMGDH,22,94.7,Month-to-month,Fiber optic,1,3,1,-0.1495900298800166,0.2051075686669818,Low,Sleeping Dog
2988-GBIVW,70,90.85,Month-to-month,Fiber optic,0,2,1,-0.0769937985073515,0.4269843690937132,Medium,Lost Cause
2832-SCUCO,2,19.9,Month-to-month,No,0,0,1,0.2794055859435885,0.38874006979148357,Medium,Persuadable
7036-ZZKBD,31,66.4,Month-to-month,DSL,0,3,1,0.0298364226463904,0.02449274264466859,Low,Sure Thing
3791-LGQCY,56,100.65,Month-to-month,Fiber optic,1,3,1,-0.1947662522264578,0.6297419707545364,High,Lost Cause
0265-PSUAE,16,100.7,Month-to-month,Fiber optic,0,4,1,-0.168444757830471,0.3289065076504365,Medium,Lost Cause
0463-TXOAK,52,25.6,Two year,No,0,0,24,0.3014756659550562,0.44020762104881306,Medium,Persuadable
0594-UFTUL,13,19.85,Month-to-month,No,0,0,1,0.2940007085510896,0.29802200488035757,Low,Sure Thing
9509-MPYOD,35,20.75,One year,No,0,0,12,0.3248477833408759,0.3812031977124844,Medium,Persuadable
9128-CPXKI,59,95.8,Two year,Fiber optic,0,3,24,-0.1519870047465982,0.4827182860128336,Medium,Lost Cause
0129-KPTWJ,72,94.65,Month-to-month,Fiber optic,0,3,1,-0.068941026666363,0.006668333758062913,Low,Sleeping Dog
8166-ZZTFS,66,80.55,Two year,DSL,1,4,24,-0.1085870409469906,0.48773344217087383,Medium,Lost Cause
5855-EIBDE,49,106.65,Two year,Fiber optic,0,5,24,-0.166649467447231,0.9315299499102556,High,Lost Cause
5365-LLFYV,2,45.85,Month-to-month,DSL,0,0,1,-0.0847859362721762,0.0055455459875398475,Low,Sleeping Dog
5956-YHHRX,21,104.35,Month-to-month,Fiber optic,0,4,1,-0.141548927685547,0.7187419824774216,High,Lost Cause
6008-NAIXK,54,55.45,One year,DSL,0,4,12,-0.0638741364262811,0.6947105832985363,High,Lost Cause
2956-GGUCQ,24,78.85,Month-to-month,Fiber optic,1,1,1,-0.2007841712984188,0.19012694902474245,Low,Sleeping Dog
1928-BXYIV,1,61.15,Month-to-month,DSL,0,2,1,0.1219749469093096,0.7920176841324545,High,Persuadable
5760-FXFVO,6,78.95,Month-to-month,Fiber optic,0,2,1,-0.188895097959676,0.8830982364281388,High,Lost Cause
6595-COKXZ,1,44.45,Month-to-month,DSL,1,0,1,-0.1340528840520785,0.004555769577437095,Low,Sleeping Dog
0961-ZWLVI,49,109.2,One year,Fiber optic,0,5,12,0.0217497378886498,0.44150296194355915,Medium,Persuadable
5181-OABFK,56,61.3,Two year,DSL,0,3,24,-0.0303063541897525,0.04707575913573634,Low,Sleeping Dog
4007-NHVHI,56,96.85,Month-to-month,Fiber optic,0,3,1,-0.179971184233154,0.015596276892968686,Low,Sleeping Dog
7816-VGHTO,6,40.55,Two year,DSL,0,3,24,-0.1203680629181135,0.27457634881716625,Low,Sleeping Dog
5871-DGTXZ,32,19.8,One year,No,0,0,12,0.3107736621735916,0.35813792833367614,Medium,Persuadable
7550-WIQVA,50,108.25,One year,Fiber optic,0,5,12,0.0217497378886498,0.7272873579403553,High,Persuadable
7544-ZVIKX,58,105.05,One year,Fiber optic,0,4,12,-0.1199245058572334,0.08555080822357952,Low,Sleeping Dog
0016-QLJIS,65,90.45,Two year,DSL,0,6,24,-0.1328892896999479,0.6162087659186354,High,Lost Cause
7508-DQAKK,64,86.4,Two year,DSL,0,6,24,-0.1349810883905759,0.011214621361339933,Low,Sleeping Dog
5176-OLSKT,66,66.9,Two year,DSL,0,3,24,-0.0332657536572905,0.0066804080371730854,Low,Sleeping Dog
9356-AXGMP,38,110.7,One year,Fiber optic,0,5,12,0.1519827069520795,0.015422188428362722,Low,Sure Thing
3556-BVQGL,20,20.0,One year,No,0,0,12,0.2905612171599642,0.024375045989477595,Low,Sure Thing
0362-ZBZWJ,36,84.9,Month-to-month,Fiber optic,1,1,1,-0.1391934439699387,0.005734958516266144,Low,Sleeping Dog
8979-CAMGB,64,102.1,One year,Fiber optic,0,4,12,-0.1245142898210268,0.11655905183942993,Low,Sleeping Dog
4211-MMAZN,1,20.25,Month-to-month,No,1,0,1,0.278060819952042,0.03063216274720362,Low,Sure Thing
7581-EBBOU,60,70.15,One year,DSL,0,4,12,-0.0603869832286116,0.09313476223647547,Low,Sleeping Dog
4274-OWWYO,1,74.35,Month-to-month,Fiber optic,1,1,1,-1.0589780680955478,0.10276732086696065,Low,Sleeping Dog
5073-RZGBK,50,80.05,One year,DSL,0,5,12,-0.1664767199656654,0.005188817619706147,Low,Sleeping Dog
1541-ETJZO,1,62.05,Month-to-month,DSL,1,2,1,0.1219749469093096,0.13926667450137845,Low,Sure Thing
2192-CKRLV,72,49.2,Two year,DSL,0,4,24,-0.0160265647865291,0.05173754054801688,Low,Sleeping Dog
3154-HMWUU,60,20.5,Two year,No,0,0,24,0.3020515521325539,0.014632746605531405,Low,Sure Thing
6119-SPUDB,46,38.25,Two year,DSL,0,3,24,-0.0982252299922637,0.009475787932088852,Low,Sleeping Dog
6522-OIQSX,69,54.95,Two year,DSL,0,4,24,-0.0039716109486135,0.004645126187599962,Low,Sleeping Dog
7813-ZGGAW,31,96.6,Month-to-month,Fiber optic,0,3,1,-0.1202610496844189,0.6514740682806425,High,Lost Cause
8748-HFWBO,19,19.9,One year,No,0,0,12,0.2940007085510896,0.0009303062284476137,Low,Sure Thing
1052-QJIBV,71,19.9,Two year,No,0,0,24,0.3059406368399833,0.7459019791546505,High,Persuadable
1319-YLZJG,12,84.6,Month-to-month,Fiber optic,0,3,1,-0.0909733451557391,0.05557729523629048,Low,Sleeping Dog
4106-HADHQ,39,80.0,One year,DSL,1,5,12,-0.1513664514337325,0.026553538863399007,Low,Sleeping Dog
0723-FDLAY,44,85.25,One year,DSL,0,5,12,-0.1391934439699387,0.48482318704013533,Medium,Lost Cause
3050-RLLXC,56,81.25,Two year,DSL,0,5,24,-0.1508548238658658,0.004522695901178559,Low,Sleeping Dog
9298-WGMRW,72,115.5,Two year,Fiber optic,0,6,24,-0.2389415814402401,0.9421798365528598,High,Lost Cause
2369-UAPKZ,5,104.1,Month-to-month,Fiber optic,1,4,1,0.0398833415433748,0.7884349769280794,High,Persuadable
3088-LHEFH,11,79.0,Month-to-month,Fiber optic,0,1,1,-0.188895097959676,0.0012481278261772498,Low,Sleeping Dog
2778-OCLGR,24,39.1,Month-to-month,DSL,1,2,1,-0.1431749481826455,0.9078411866367159,High,Lost Cause
6583-KQJLK,15,94.65,Month-to-month,Fiber optic,0,3,1,-0.1461505384888911,0.06521333430726699,Low,Sleeping Dog
8544-JNBOX,72,20.8,Two year,No,0,0,24,0.3087056166015536,0.19183539299537103,Low,Sure Thing
6681-ZSEXG,56,59.5,Two year,DSL,0,2,24,-0.0304446781865736,0.07053720395901532,Low,Sleeping Dog
6139-ZZRBQ,64,20.05,Two year,No,0,0,24,0.3186466501857706,0.6957879546790758,High,Persuadable
6116-RFVHN,34,100.45,Month-to-month,Fiber optic,0,3,1,-0.1283624318079849,0.6925059522601619,High,Lost Cause
0637-KVDLV,2,76.5,Month-to-month,Fiber optic,1,0,1,-0.0287629992868477,0.20379468087982103,Low,Sleeping Dog
8884-FEEWR,35,20.6,One year,No,0,0,12,0.3248477833408759,0.07508258075128323,Low,Sure Thing
3125-RAHBV,22,20.3,One year,No,0,0,12,0.2905612171599642,0.09096300740221856,Low,Sure Thing
6633-MPWBS,5,49.2,Month-to-month,DSL,1,1,1,-0.0610459924783757,0.014578835478399126,Low,Sleeping Dog
0373-AIVNJ,9,39.55,One year,DSL,0,3,12,-0.1203680629181135,0.2786070561606184,Low,Sleeping Dog
8785-EPNCG,11,23.15,Month-to-month,No,1,0,1,0.2995482244176907,0.5432623108257905,Medium,Persuadable
1682-VCOIO,23,20.45,One year,No,0,0,12,0.3046353383272485,0.013940389982112505,Low,Sure Thing
5729-KLZAR,4,80.85,Month-to-month,Fiber optic,1,1,1,-0.1400916380007072,0.5069304501003983,Medium,Lost Cause
2072-ZVJJX,68,25.25,Two year,No,0,0,24,0.3200147580072676,0.05217204072374315,Low,Sure Thing
8849-AYPTR,33,91.25,Month-to-month,Fiber optic,0,2,1,-0.1293775848663892,0.33359444800446164,Medium,Lost Cause
9518-IMLHK,31,72.45,Month-to-month,DSL,0,5,1,-0.1428225735549887,0.005747578925601053,Low,Sleeping Dog
1582-RAFML,1,60.1,Month-to-month,DSL,1,2,1,0.1219749469093096,0.7230581336466368,High,Persuadable
3646-ITDGM,56,19.7,Two year,No,0,0,24,0.2874015447877719,0.6242751379565982,High,Persuadable
8740-CRYFY,1,78.95,Month-to-month,Fiber optic,1,1,1,-0.3364827905478125,0.013744294657133579,Low,Sleeping Dog
3569-VLDHH,66,75.1,One year,DSL,0,5,12,-0.143724261841796,0.13799587999527,Low,Sleeping Dog
8224-KDLKN,72,25.0,Two year,No,0,0,24,0.3087056166015536,0.01750279945482976,Low,Sure Thing
7594-LZNWR,34,69.15,Month-to-month,Fiber optic,0,0,1,-0.1535636140020129,0.06489521211700887,Low,Sleeping Dog
4001-TSBTV,58,91.55,Month-to-month,Fiber optic,0,3,1,-0.1444878533983221,0.018367688657238142,Low,Sleeping Dog
2962-XPMCQ,2,45.15,Month-to-month,DSL,1,0,1,-0.0847859362721762,0.1676947870491933,Low,Sleeping Dog
8727-XDPUD,37,35.8,Two year,DSL,0,1,24,-0.0982252299922637,0.20534588756639657,Low,Sleeping Dog
1043-UXOVO,71,113.15,Two year,Fiber optic,0,6,24,-1.0769378510841363,0.19108716023242114,Low,Sleeping Dog
1064-FBXNK,1,19.85,One year,No,0,0,12,0.278060819952042,0.23390753940823616,Low,Sure Thing
3996-ZNWYK,71,19.8,Two year,No,0,0,24,0.2978878649989949,0.006039320017485296,Low,Sure Thing
2878-DHMIN,35,19.9,One year,No,0,0,12,0.3107736621735916,0.08286367967439967,Low,Sure Thing
7762-ONLJY,6,19.7,One year,No,0,0,12,0.2854741032504064,0.13631503815724239,Low,Sure Thing
1678-FYZOW,3,79.4,Month-to-month,Fiber optic,1,1,1,-0.0579096011047543,0.062134728105152075,Low,Sleeping Dog
5795-BKOYE,69,59.1,One year,DSL,0,3,12,0.0014736678045381,0.010583473703080493,Low,Sure Thing
8627-EHGIP,44,53.95,One year,DSL,1,4,12,-0.0207796884077924,0.3472770431961023,Medium,Lost Cause
7402-PWYJJ,53,91.15,One year,Fiber optic,0,2,12,-0.1444878533983221,0.14377429453128535,Low,Sleeping Dog
5480-TBGPH,24,99.3,Month-to-month,Fiber optic,1,4,1,-0.1733121499983667,0.04883629952460724,Low,Sleeping Dog
0018-NYROU,5,68.95,Month-to-month,Fiber optic,0,0,1,-0.1495983281419811,0.09168744278279795,Low,Sleeping Dog
7501-VTYLJ,2,51.55,Month-to-month,DSL,0,1,1,-0.0489910386404601,0.024895134267151144,Low,Sleeping Dog
7608-RGIRO,62,24.4,Two year,No,0,0,24,0.3020515521325539,0.006876085209482587,Low,Sure Thing
0480-BIXDE,19,96.8,Month-to-month,Fiber optic,0,3,1,-0.1536496898371672,0.11932446452011451,Low,Sleeping Dog
5895-QSXOD,9,70.05,Month-to-month,Fiber optic,0,0,1,-0.1626230392418849,0.4144150478100214,Medium,Lost Cause
9814-AOUDH,53,19.5,Two year,No,0,0,24,0.2874015447877719,0.06258308931790917,Low,Sure Thing
6175-IRFIT,5,78.75,Month-to-month,Fiber optic,0,1,1,-0.1445596396750117,0.6179189081775843,High,Lost Cause
8760-ZRHKE,71,69.2,One year,DSL,0,3,12,-0.0424634835246869,0.0572015700026145,Low,Sleeping Dog
1622-HSHSF,1,19.55,Month-to-month,No,0,0,1,0.278060819952042,0.009549958652854542,Low,Sure Thing
8854-CCVSQ,18,80.65,Month-to-month,Fiber optic,1,1,1,-0.1681394050562344,0.21450101342744884,Low,Sleeping Dog
6749-UTDVX,72,103.65,Two year,Fiber optic,0,4,24,-0.1479592252606814,0.005909515283882318,Low,Sleeping Dog
5542-DHSXL,4,54.7,Month-to-month,DSL,0,2,1,-0.0489910386404601,0.07749341293935395,Low,Sleeping Dog
9102-OXKFY,59,54.15,Two year,DSL,0,1,24,-0.0358899569397253,0.1377800037158927,Low,Sleeping Dog
0511-JTEOY,1,71.1,Month-to-month,Fiber optic,1,0,1,-0.5765863015622662,0.2784318241508876,Low,Sleeping Dog
5216-WASFJ,31,84.85,Month-to-month,Fiber optic,0,1,1,-0.1225777574396923,0.07535863933746821,Low,Sleeping Dog
7808-DVWEP,3,20.0,Month-to-month,No,0,0,1,0.2794055859435885,0.07460771165822767,Low,Sure Thing
7067-KSAZT,65,106.25,One year,Fiber optic,1,4,12,-0.1109403899518621,0.6115271332690271,High,Lost Cause
2284-VFLKH,49,99.25,One year,Fiber optic,0,4,12,-0.1434727003399177,0.6916339790148696,High,Lost Cause
0366-NQSHS,2,19.35,Month-to-month,No,0,0,1,0.2794055859435885,0.1588566019163907,Low,Sure Thing
6532-YLWSI,53,20.8,One year,No,1,0,12,0.3014756659550562,0.004620782762008565,Low,Sure Thing
3807-BPOMJ,55,94.75,One year,Fiber optic,0,3,12,-0.1444878533983221,0.09057280108430538,Low,Sleeping Dog
3892-NXAZG,72,114.05,Two year,Fiber optic,0,6,24,-0.2724145558571237,0.027854434190797358,Low,Sleeping Dog
4948-WBBKL,36,74.9,Month-to-month,Fiber optic,0,0,1,-0.1989289011265257,0.29137031769867794,Low,Sleeping Dog
4182-BGSIQ,10,19.8,Month-to-month,No,0,0,1,0.2854741032504064,0.06827390191894638,Low,Sure Thing
9300-AGZNL,1,94.0,Month-to-month,Fiber optic,1,2,1,-0.2228773026061093,0.6728514669023195,High,Lost Cause
0988-AADSA,72,80.85,Two year,DSL,0,5,24,-0.0753079971339067,0.02734067273162657,Low,Sleeping Dog
9972-NKTFD,28,54.65,Month-to-month,DSL,0,2,1,-0.0657294065981742,0.7661638845333926,High,Lost Cause
3717-LNXKW,38,91.7,Month-to-month,Fiber optic,0,2,1,-0.1293775848663892,0.0018975916911522905,Low,Sleeping Dog
5734-EJKXG,61,118.6,One year,Fiber optic,0,6,12,-0.4577904419467113,0.762302378434086,High,Lost Cause
2207-RYYRL,52,24.55,Two year,No,0,0,24,0.3014756659550562,0.0021461297291000066,Low,Sure Thing
6729-FZWSY,67,19.45,One year,No,0,0,12,0.2879774309652697,0.0038879397928165255,Low,Sure Thing
9695-IDRZR,34,116.15,Two year,Fiber optic,0,6,24,-0.4246793874144718,0.0008273122452172642,Low,Sleeping Dog
8144-DGHXP,54,80.6,Two year,DSL,0,5,24,-0.1508548238658658,0.03486293085753491,Low,Sleeping Dog
7814-LEEVE,1,20.3,Month-to-month,No,0,0,1,0.278060819952042,0.005653307180906682,Low,Sure Thing
1112-CUNAO,15,89.85,Month-to-month,Fiber optic,1,2,1,-0.1461505384888911,0.2843167865956678,Low,Sleeping Dog
5175-AOBHI,4,46.0,Month-to-month,DSL,1,0,1,-0.0847859362721762,0.033457398369158405,Low,Sleeping Dog
5174-RNGBH,9,66.25,Month-to-month,DSL,1,3,1,-0.0517920161544944,0.004241797768677349,Low,Sleeping Dog
8631-WUXGY,46,99.8,Month-to-month,Fiber optic,0,4,1,-0.1283624318079849,0.635055808928044,High,Lost Cause
7270-BDIOA,22,90.0,Month-to-month,Fiber optic,1,2,1,-0.1495900298800166,0.012678970361571075,Low,Sleeping Dog
9565-JSNFM,38,70.45,One year,Fiber optic,1,0,12,-0.2135061200537941,0.09177537088415477,Low,Sleeping Dog
5906-DVAPM,55,75.0,One year,DSL,0,4,12,-0.1553228255401703,0.7286813151348038,High,Lost Cause
6654-QGBZZ,1,19.9,Month-to-month,No,0,0,1,0.278060819952042,0.016177480289359742,Low,Sure Thing
8348-JLBUG,64,80.3,One year,Fiber optic,0,2,12,-0.1085870409469906,0.012589142180572742,Low,Sleeping Dog
0607-DAAHE,53,19.75,Two year,No,1,0,24,0.2874015447877719,0.003964247531103248,Low,Sure Thing
5641-DMBFJ,58,84.3,Two year,DSL,0,5,24,-0.1543037125018716,0.023700415435514228,Low,Sleeping Dog
9200-NLNPD,56,54.05,One year,DSL,0,4,12,-0.0358899569397253,0.0024156066037625806,Low,Sleeping Dog
2664-XJZNO,72,104.9,Two year,Fiber optic,0,5,24,-0.0443776791252743,0.8613544174675222,High,Lost Cause
9732-KPKBW,1,53.95,Month-to-month,DSL,1,2,1,0.0599551303353236,0.0009280150618160757,Low,Sure Thing
3339-EAQNV,72,97.25,One year,Fiber optic,0,3,12,-0.0844929498556276,0.6257759867858494,High,Lost Cause
0921-OHLVP,22,83.05,Month-to-month,Fiber optic,0,1,1,-0.1084607479107555,0.05313093892559979,Low,Sleeping Dog
3389-YGYAI,8,105.5,Month-to-month,Fiber optic,1,4,1,-0.0800675661718489,0.01629501639110518,Low,Sleeping Dog
9560-ARGQJ,16,81.0,Month-to-month,Fiber optic,1,1,1,-0.1790572169820237,0.10765108847880966,Low,Sleeping Dog
8350-NYMVI,39,41.1,Month-to-month,DSL,0,3,1,-0.1507321285203929,0.19410171919411398,Low,Sleeping Dog
1600-DILPE,12,45.0,Month-to-month,DSL,0,0,1,-0.0670780658691121,0.009480932263590853,Low,Sleeping Dog
0536-ESJEP,54,74.55,Two year,DSL,0,4,24,-0.0883704317599236,0.0011476886059518746,Low,Sleeping Dog
4654-GGUII,18,40.2,One year,DSL,0,3,12,-0.1149981836147657,0.004973491746208621,Low,Sleeping Dog
6478-HRRCZ,32,70.5,One year,DSL,0,4,12,-0.1231577745125081,0.14919238213914812,Low,Sleeping Dog
8510-BBWMU,41,19.75,One year,No,0,0,12,0.3107736621735916,0.013436450617409541,Low,Sure Thing
6857-TKDJV,67,24.65,Two year,No,0,0,24,0.3020515521325539,0.7707007913244391,High,Persuadable
2360-RDGRO,65,104.25,Month-to-month,Fiber optic,0,4,1,-0.1248481875054783,0.25533231858331557,Low,Sleeping Dog
0584-BJQGZ,25,78.35,Month-to-month,DSL,0,5,1,-0.2007841712984188,0.5396442495563486,Medium,Lost Cause
5134-IKDAY,1,69.8,Month-to-month,Fiber optic,1,0,1,-0.4028498447391783,0.4838684681486533,Medium,Lost Cause
1360-XFJMR,67,109.7,One year,Fiber optic,0,5,12,0.0313085620385817,0.0718852512236632,Low,Sure Thing
3070-DVEYC,7,73.75,Month-to-month,Fiber optic,1,0,1,-0.1667465279908943,0.243964669882063,Low,Sleeping Dog
5730-RIITO,43,33.45,Month-to-month,DSL,0,2,1,-0.1413196780107524,0.309891073945051,Medium,Lost Cause
9058-MJLZC,24,94.6,Month-to-month,Fiber optic,0,3,1,-0.174327303056771,0.003316936283252537,Low,Sleeping Dog
5707-ORNDZ,9,54.55,Month-to-month,DSL,1,1,1,-0.0429225213336422,0.017141644377242693,Low,Sleeping Dog
0902-XKXPN,69,20.2,Two year,No,0,0,24,0.3059406368399833,0.8358715177598768,High,Persuadable
5177-RVZNU,37,20.3,One year,No,0,0,12,0.3107736621735916,0.7938212204228664,High,Persuadable
0056-EPFBG,20,39.4,Two year,DSL,0,3,24,-0.1184376750058911,0.6912095432232523,High,Lost Cause
8993-IZEUX,7,69.15,Month-to-month,Fiber optic,0,0,1,-0.1435298108351631,0.046125593974044136,Low,Sleeping Dog
8696-JKZNU,37,76.25,Month-to-month,Fiber optic,1,0,1,-0.1989289011265257,0.25804690691337195,Low,Sleeping Dog
5380-AFSSK,5,93.9,Month-to-month,Fiber optic,1,2,1,-0.0582439899178585,0.31144054210817856,Medium,Lost Cause
8190-ZTQFB,41,51.35,One year,DSL,0,3,12,-0.0207796884077924,0.25015570176371726,Low,Sleeping Dog
0931-MHTEM,54,100.05,One year,Fiber optic,0,4,12,-0.1434727003399177,0.379449255822028,Medium,Lost Cause
2055-PDADH,3,70.4,Month-to-month,Fiber optic,1,0,1,-0.1093082199468983,0.0026002349656689583,Low,Sleeping Dog
7515-LODFU,69,20.3,Two year,No,0,0,24,0.2978878649989949,0.04065776436046792,Low,Sure Thing
0440-UEDAI,53,94.45,One year,Fiber optic,0,4,12,-0.1444878533983221,0.78776275288705,High,Lost Cause
1337-BOZWO,18,46.4,One year,DSL,0,3,12,-0.0733475396620104,0.06251851390411017,Low,Sleeping Dog
0868-VJRDR,64,104.05,Two year,Fiber optic,0,5,24,0.0425420587534881,0.0038108849507446567,Low,Sure Thing
8714-EUHJO,31,91.15,Month-to-month,Fiber optic,1,2,1,-0.0808097909171433,0.23261473125983215,Low,Sleeping Dog
6344-SFJVH,20,24.9,Month-to-month,DSL,0,0,1,0.3046353383272485,0.17395268353471796,Low,Sure Thing
3950-VPYJB,57,59.6,One year,DSL,0,3,12,-0.0304446781865736,0.7039273681104192,High,Lost Cause
8041-TMEID,63,108.5,Two year,Fiber optic,0,5,24,0.0684077673382492,0.005123693901483531,Low,Sure Thing
7321-ZNSLA,13,40.55,Two year,DSL,0,3,24,-0.1149981836147657,0.6421247578533854,High,Lost Cause
6941-KXRRV,48,58.95,One year,DSL,0,2,12,-0.0584288576731295,0.6154493023598459,High,Lost Cause
3721-CNEYS,2,70.95,Month-to-month,Fiber optic,1,0,1,-0.1023665415119428,0.027014841540728505,Low,Sleeping Dog
8727-JQFHV,57,20.75,Two year,No,0,0,24,0.3014756659550562,0.668837625589143,High,Persuadable
9475-NNDGC,71,113.15,One year,Fiber optic,0,5,12,-1.0769378510841363,0.33635714460555094,Medium,Lost Cause
1355-KUSBG,7,48.8,Month-to-month,DSL,0,0,1,-0.0787174189653582,0.030086344140557882,Low,Sleeping Dog
3688-FTHLT,16,63.05,Month-to-month,DSL,0,1,1,-0.0064144623121471,0.06916286986355645,Low,Sleeping Dog
0899-LIIBW,34,100.85,Month-to-month,Fiber optic,0,3,1,-0.151671804207969,0.32481103420333757,Medium,Lost Cause
2568-OIADY,37,99.5,Month-to-month,Fiber optic,1,3,1,-0.1283624318079849,0.09499136634319257,Low,Sleeping Dog
1384-RCUXW,16,80.55,Month-to-month,Fiber optic,0,1,1,-0.1790572169820237,0.03848958024324608,Low,Sleeping Dog
5825-XJOCM,48,64.4,One year,DSL,0,3,12,-0.0338416398347883,0.08568041220029483,Low,Sleeping Dog
6848-YLDFR,58,75.2,One year,DSL,0,4,12,-0.1553228255401703,0.025518774773384694,Low,Sleeping Dog
8125-QPFJD,72,84.9,Two year,DSL,0,5,24,-0.0787568857699125,0.029689790252511394,Low,Sleeping Dog
2320-YKQBO,7,19.3,Month-to-month,No,0,0,1,0.2854741032504064,0.2668316812971235,Low,Sure Thing
1193-RTSLK,38,83.9,Month-to-month,Fiber optic,1,3,1,-0.1391934439699387,0.005035373979926471,Low,Sleeping Dog
2302-ANTDP,48,117.45,Month-to-month,Fiber optic,1,6,1,-0.4439394084426984,0.26250203018962365,Low,Sleeping Dog
5923-GXUOC,10,104.4,Month-to-month,Fiber optic,1,5,1,-0.0343311911978909,0.14501770049136062,Low,Sleeping Dog
4973-RLZVI,30,74.65,One year,DSL,0,5,12,-0.0757891857550982,0.8456393134928648,High,Lost Cause
7869-ZYDST,31,59.05,Month-to-month,DSL,0,1,1,0.0332333842946051,0.5674213968898196,Medium,Persuadable
4501-UYKBC,46,69.1,One year,DSL,0,3,12,-0.1535636140020129,0.0341486798862682,Low,Sleeping Dog
1215-EXRMO,50,20.55,Two year,No,0,0,24,0.3014756659550562,0.7413660934497117,High,Persuadable
2305-MRGLV,28,76.55,Month-to-month,Fiber optic,0,1,1,-0.2007841712984188,0.8309408349491939,High,Lost Cause
8404-VIOMB,66,62.5,Two year,DSL,0,6,24,-0.0297304680122547,0.0022359620575890106,Low,Sleeping Dog
5233-GEEAX,8,29.4,Month-to-month,DSL,1,1,1,-0.0726712688079196,0.04019676986947308,Low,Sleeping Dog
2359-KLTEK,41,94.9,Month-to-month,Fiber optic,0,3,1,-0.1293775848663892,0.31105149376973723,Medium,Lost Cause
5304-EFJLP,72,111.65,Two year,Fiber optic,0,5,24,0.1607757538473343,0.263645407508001,Low,Sure Thing
2673-ZALNP,7,19.9,One year,No,0,0,12,0.2854741032504064,0.573326770303726,Medium,Persuadable
9184-GALIL,38,20.45,Month-to-month,No,0,0,1,0.3248477833408759,0.38653989171892494,Medium,Persuadable
4393-RYCRE,44,106.05,One year,Fiber optic,0,5,12,-0.1380979043388044,0.00672953764341981,Low,Sleeping Dog
9746-MDMBK,47,113.45,One year,Fiber optic,0,6,12,-0.2893945435450248,0.19723076942206894,Low,Sleeping Dog
3162-ZJZFU,53,92.55,Month-to-month,Fiber optic,0,3,1,-0.1444878533983221,0.018022621495910277,Low,Sleeping Dog
8404-GFGCZ,4,65.6,Month-to-month,DSL,0,2,1,-0.0578605334613123,0.10523059028633215,Low,Sleeping Dog
8875-AKBYH,20,84.35,Month-to-month,Fiber optic,0,1,1,-0.159405888983566,0.707514596221654,High,Lost Cause
4432-ADRLB,2,44.65,Month-to-month,DSL,1,0,1,-0.0847859362721762,0.04754535024924583,Low,Sleeping Dog
0533-UCAAU,57,71.1,One year,DSL,0,3,12,-0.1506303264311971,0.6129049117572675,High,Lost Cause
1394-SUIUH,44,85.15,Month-to-month,Fiber optic,0,3,1,-0.1822878919884275,0.8290553819125893,High,Lost Cause
3521-MNKLV,24,49.7,Month-to-month,DSL,0,1,1,-0.0777843604360898,0.4253277189221132,Medium,Lost Cause
2533-TIBIX,15,30.2,Month-to-month,DSL,0,1,1,-0.2534499475490233,0.25232495521647413,Low,Sleeping Dog
8993-PHFWD,3,25.25,Month-to-month,DSL,1,0,1,0.2934797071108728,0.5642334721317693,Medium,Persuadable
1565-RHDJD,4,84.05,Month-to-month,Fiber optic,1,2,1,-0.0906814667368234,0.06593965557221583,Low,Sleeping Dog
7137-RYLPP,37,85.7,Month-to-month,Fiber optic,1,1,1,-0.174563831575506,0.14573047735859107,Low,Sleeping Dog
3765-JXVKY,1,74.7,Month-to-month,Fiber optic,1,1,1,-2.1624490766416464,0.665239541212795,High,Lost Cause
5092-STPKP,24,56.35,Month-to-month,DSL,0,2,1,-0.0142752633479527,0.02600791989099857,Low,Sleeping Dog
7330-WZLNC,5,90.8,Month-to-month,Fiber optic,1,2,1,-0.0582439899178585,0.001890104082286236,Low,Sleeping Dog
0114-PEGZZ,33,107.55,Month-to-month,Fiber optic,0,4,1,0.1515449757157191,0.014233496807460931,Low,Sure Thing
3359-DSRKA,58,19.85,Two year,No,0,0,24,0.2874015447877719,0.004304923559091212,Low,Sure Thing
8639-NHQEI,72,95.9,Two year,Fiber optic,0,3,24,-0.0764401780146391,0.19738983936883311,Low,Sleeping Dog
7161-DFHUF,71,23.85,Two year,No,0,0,24,0.3200147580072676,0.1314236168567383,Low,Sure Thing
3957-LXOLK,28,106.15,Month-to-month,Fiber optic,1,4,1,-0.2913876242929505,0.12417045200981318,Low,Sleeping Dog
3720-DBRWL,51,83.85,Two year,DSL,0,6,24,-0.1543037125018716,0.02340761521451304,Low,Sleeping Dog
6635-MYYYZ,30,85.35,One year,DSL,1,6,12,-0.1764191017473991,0.4605024228971535,Medium,Lost Cause
8565-WUXZU,72,84.8,Two year,Fiber optic,0,3,24,-0.086809657610901,0.2390182267225988,Low,Sleeping Dog
5281-BUZGT,36,90.85,Month-to-month,Fiber optic,1,2,1,-0.1724720328848779,0.0006451245613607205,Low,Sleeping Dog
4994-OBRSZ,14,76.1,Two year,DSL,0,5,24,-0.1835252186563282,0.008214456579151246,Low,Sleeping Dog
0562-FGDCR,72,74.55,Two year,DSL,0,4,24,-0.0128236050279646,0.7800272287068214,High,Lost Cause
2436-QBZFP,22,39.2,Month-to-month,DSL,0,2,1,-0.1184376750058911,0.09748527414947061,Low,Sleeping Dog
3420-YJLQT,2,79.55,Month-to-month,Fiber optic,0,1,1,-0.0242949976125432,0.003110848701264922,Low,Sleeping Dog
6040-CGACY,15,19.6,Month-to-month,No,0,0,1,0.2940007085510896,0.004491912947217316,Low,Sure Thing
6582-PLFUU,51,19.55,Two year,No,0,0,24,0.2874015447877719,0.8274511953467668,High,Persuadable
8242-PDSGJ,70,39.15,Two year,DSL,0,3,24,-0.0814171525330848,0.8086956554032513,High,Lost Cause
0264-CNITK,71,20.1,Two year,No,0,0,24,0.3059406368399833,0.6569932789674081,High,Persuadable
0089-IIQKO,39,99.95,Month-to-month,Fiber optic,0,3,1,-0.1283624318079849,0.00992337108942786,Low,Sleeping Dog
7839-NUIAA,61,59.8,Month-to-month,DSL,0,2,1,-0.0297304680122547,0.3594559950344301,Medium,Lost Cause
6075-QMNRR,52,49.75,Month-to-month,DSL,0,1,1,-0.0479449107776408,0.012698621210974335,Low,Sleeping Dog
5378-IKEEG,1,35.75,Month-to-month,DSL,1,1,1,-0.3322638787828313,0.26604082685418035,Low,Sleeping Dog
5966-EMAZU,64,108.5,One year,Fiber optic,0,5,12,0.0377385481177483,0.002185880227870851,Low,Sure Thing
0440-EKDCF,62,60.15,Two year,DSL,0,3,24,-0.0297304680122547,0.17141052632688603,Low,Sleeping Dog
4774-HHGGS,30,19.05,Two year,No,0,0,24,0.2825021039210989,0.0052934381184378656,Low,Sure Thing
2718-GAXQD,4,46.0,Month-to-month,DSL,1,0,1,-0.0847859362721762,0.004321875782285576,Low,Sleeping Dog
2055-BFOCC,63,84.0,One year,DSL,0,6,12,-0.1120359295829965,0.29002887811624994,Low,Sleeping Dog
8180-AKMJV,1,44.55,Month-to-month,DSL,0,0,1,-0.1340528840520785,0.1848977544387798,Low,Sleeping Dog
4298-OYIFC,15,103.45,Month-to-month,Fiber optic,0,4,1,-0.3238489989264575,0.5777538177669054,Medium,Lost Cause
5566-SOEZD,27,80.65,One year,Fiber optic,0,2,12,-0.1963161696241143,0.26851100854139254,Low,Sleeping Dog
9842-EFSYY,4,57.2,Month-to-month,DSL,0,5,1,-0.0435457598873084,0.6903327920145602,High,Lost Cause
2272-WUSPA,72,110.75,Two year,Fiber optic,0,5,24,0.1527709701109826,0.10498363333959242,Low,Sure Thing
4584-LBNMK,45,24.7,One year,No,0,0,12,0.2817533353223871,0.212877029223132,Low,Sure Thing
3898-GUYTS,45,97.05,Month-to-month,Fiber optic,0,4,1,-0.179971184233154,0.955817923128332,High,Lost Cause
0930-EHUZA,36,76.35,One year,DSL,0,5,12,-0.155834453108037,0.08059090590035635,Low,Sleeping Dog
6413-XKKPU,17,89.4,Month-to-month,Fiber optic,1,3,1,-0.1461505384888911,0.01751145012416726,Low,Sleeping Dog
9975-SKRNR,1,18.9,Month-to-month,No,0,0,1,0.2947389798899313,0.002057257860114889,Low,Sure Thing
3703-KBKZP,16,74.45,Month-to-month,Fiber optic,0,0,1,-0.1165728248760815,0.009565047846977379,Low,Sleeping Dog
1449-XQEMT,3,19.8,Month-to-month,No,1,0,1,0.2794055859435885,0.8451308624932351,High,Persuadable
2626-URJFX,4,50.9,Month-to-month,DSL,1,0,1,-0.0489910386404601,0.5497823636574632,Medium,Lost Cause
4973-MGTON,71,84.4,Two year,DSL,0,6,24,-0.0787568857699125,0.0103633764806621,Low,Sleeping Dog
3682-YEUWS,10,24.4,Month-to-month,No,0,0,1,0.2995482244176907,0.004136927788614994,Low,Sure Thing
1223-UNPKS,20,20.05,Two year,No,0,0,24,0.2905612171599642,0.47762879308269063,Medium,Persuadable
2612-RRIDN,4,81.0,Month-to-month,Fiber optic,1,1,1,-0.1400916380007072,0.008678647207426218,Low,Sleeping Dog
4735-ASGMA,26,98.35,Month-to-month,Fiber optic,1,3,1,-0.1818264544050471,0.019784976184458892,Low,Sleeping Dog
3446-QDSZF,4,55.5,Month-to-month,DSL,0,1,1,-0.0489910386404601,0.21853527940013096,Low,Sleeping Dog
3669-LVWZB,5,51.0,Month-to-month,DSL,1,3,1,-0.0489910386404601,0.01165251042045666,Low,Sleeping Dog
6892-EZDTG,4,91.65,Month-to-month,Fiber optic,1,2,1,-0.0582439899178585,0.0961056223825421,Low,Sleeping Dog
5117-IFGPS,29,84.3,Month-to-month,Fiber optic,0,1,1,-0.1841431621603205,0.02716300701913718,Low,Sleeping Dog
7379-FNIUJ,2,100.2,Month-to-month,Fiber optic,0,4,1,0.0398585132781376,0.4813529880003793,Medium,Persuadable
1627-AFWVJ,29,19.4,Two year,No,0,0,24,0.2658239439832097,0.7463079046987341,High,Persuadable
9725-SCPZG,1,90.85,Month-to-month,Fiber optic,1,2,1,-0.2228773026061093,0.6742367660155654,High,Lost Cause
5884-GCYMI,1,69.4,Month-to-month,Fiber optic,1,0,1,-0.4028498447391783,0.8185073446809716,High,Lost Cause
3217-FZDMN,8,94.45,Month-to-month,Fiber optic,1,3,1,-0.1947171429797015,0.5416156234802822,Medium,Lost Cause
4486-EFAEB,13,20.4,Month-to-month,No,0,0,1,0.3080748297183739,0.16698099007213682,Low,Sure Thing
0060-FUALY,59,94.75,Month-to-month,Fiber optic,0,3,1,-0.1444878533983221,0.6973253979888211,High,Lost Cause
7853-GVUDZ,1,20.15,Month-to-month,No,1,0,1,0.278060819952042,0.028483838251112944,Low,Sure Thing
7480-QNVZJ,50,95.7,Month-to-month,Fiber optic,1,2,1,-0.179971184233154,0.0082277944729565,Low,Sleeping Dog
6954-OOYZZ,18,44.35,Month-to-month,DSL,0,0,1,-0.0733475396620104,0.016468767333792354,Low,Sleeping Dog
7088-FBAWU,17,74.55,Month-to-month,DSL,0,4,1,-0.1165728248760815,0.13332452463372677,Low,Sleeping Dog
8313-AFGBW,47,73.6,Two year,DSL,0,4,24,-0.1336858831392554,0.10233395017584516,Low,Sleeping Dog
3943-KDREE,26,74.95,Month-to-month,Fiber optic,1,0,1,-0.2007841712984188,0.002008155189517413,Low,Sleeping Dog
9239-ZBZZV,6,47.95,Month-to-month,DSL,1,3,1,-0.0787174189653582,0.009806796808228225,Low,Sleeping Dog
3097-IDVPU,19,50.1,Month-to-month,DSL,0,0,1,-0.0496075958682099,0.002874244860326719,Low,Sleeping Dog
4398-HSCJH,3,63.6,Month-to-month,DSL,1,2,1,-0.0578605334613123,0.6190823574141047,High,Lost Cause
2197-OMWGI,68,53.0,Two year,DSL,0,4,24,-0.012024382789602,0.0047676856296872665,Low,Sleeping Dog
2303-PJYHN,2,19.85,Month-to-month,No,0,0,1,0.2794055859435885,0.2597612474362669,Low,Sure Thing
9795-VOWON,7,24.35,One year,DSL,0,0,12,0.2995482244176907,0.05587740674213423,Low,Sure Thing
1237-WIYYZ,18,19.55,Month-to-month,No,0,0,1,0.2940007085510896,0.588708928222143,Medium,Persuadable
1987-AUELQ,71,25.05,Two year,No,0,0,24,0.3200147580072676,0.4637355076370087,Medium,Persuadable
7852-LECYP,13,93.8,Month-to-month,Fiber optic,0,3,1,-0.1461505384888911,0.03004450810180535,Low,Sleeping Dog
4430-UZIPO,3,36.85,Month-to-month,DSL,1,2,1,-0.1264365802249314,0.49566277558535043,Medium,Lost Cause
4822-LPTYJ,72,103.75,Two year,Fiber optic,0,4,24,-0.1479592252606814,0.7978125937665131,High,Lost Cause
8165-CBKXO,66,56.75,Two year,DSL,0,4,24,-0.0298687920090758,0.22638773486607144,Low,Sleeping Dog
6527-PZFPV,24,20.8,One year,No,0,0,12,0.279898065150494,0.7925797198360615,High,Persuadable
4855-SNKMY,1,44.1,Month-to-month,DSL,1,0,1,-0.1340528840520785,0.6885147071012107,High,Lost Cause
9593-CVZKR,56,24.45,Two year,No,0,0,24,0.3014756659550562,0.36694804294158384,Medium,Persuadable
8595-SIZNC,22,25.6,One year,No,0,0,12,0.3046353383272485,0.47889590534844867,Medium,Persuadable
8008-HAWED,14,50.75,Month-to-month,DSL,1,3,1,-0.0496075958682099,0.009706865432894528,Low,Sleeping Dog
7124-UGSUR,61,104.4,One year,Fiber optic,1,4,12,-0.0941789682849774,0.5362150451130479,Medium,Lost Cause
1862-SKORY,40,39.3,Month-to-month,DSL,1,2,1,-0.1413196780107524,0.0518506286552907,Low,Sleeping Dog
5236-XMZJY,42,59.65,Month-to-month,DSL,0,3,1,-0.0153344096546407,0.7837969109622231,High,Lost Cause
4827-DPADN,72,83.3,Two year,DSL,0,5,24,-0.1366136629706088,0.7536445774273505,High,Lost Cause
2694-CIUMO,12,79.55,Month-to-month,Fiber optic,0,1,1,-0.1727877431891253,0.2514932963684527,Low,Sleeping Dog
5846-ABOBJ,71,24.45,Two year,No,0,0,24,0.3200147580072676,0.05598003839062456,Low,Sure Thing
1439-LCGVL,26,19.2,One year,No,0,0,12,0.2825021039210989,0.359091206552783,Medium,Persuadable
0909-SDHNU,7,29.8,Month-to-month,DSL,0,1,1,0.1250841948874323,0.8446338832732551,High,Persuadable
4647-XXZAM,6,45.5,Month-to-month,DSL,0,0,1,-0.0787174189653582,0.00941862964676692,Low,Sleeping Dog
1502-XFCVR,58,106.45,One year,Fiber optic,1,5,12,-0.1532081728707372,0.01702736723755409,Low,Sleeping Dog
7740-KKCXF,51,30.05,Month-to-month,DSL,0,1,1,-0.177583965446867,0.8110027973445012,High,Lost Cause
5360-XGYAZ,72,65.65,Two year,DSL,0,6,24,-0.0019232938436765,0.13565833202649094,Low,Sleeping Dog
9692-TUSXH,18,96.05,Month-to-month,Fiber optic,1,3,1,-0.1536496898371672,0.6114542935684991,High,Lost Cause
7912-SYRQT,7,75.1,Month-to-month,Fiber optic,1,0,1,-0.188895097959676,0.004547927483333005,Low,Sleeping Dog
3557-HTYWR,47,74.05,Two year,DSL,0,4,24,-0.134116555478545,0.02024657055562906,Low,Sleeping Dog
4816-JBHOV,2,44.7,Month-to-month,DSL,1,0,1,-0.0847859362721762,0.6759095969632817,High,Lost Cause
8920-NAVAY,62,110.75,One year,Fiber optic,0,5,12,0.1161919828146154,0.022929244270727827,Low,Sure Thing
1699-TLDLZ,16,19.7,Two year,No,0,0,24,0.2940007085510896,0.5967184653676284,Medium,Persuadable
5600-PDUJF,6,49.5,Month-to-month,DSL,0,1,1,-0.0549774751715577,0.4277255447418149,Medium,Lost Cause
8292-TYSPY,19,55.0,Month-to-month,DSL,1,2,1,-0.0375526420302944,0.01190756097881461,Low,Sleeping Dog
0567-XRHCU,69,43.95,Two year,DSL,0,3,24,-0.0009615517067298,0.12020547750505656,Low,Sleeping Dog
1867-BDVFH,11,74.35,Month-to-month,Fiber optic,1,0,1,-0.1671772003301839,0.05634063795904396,Low,Sleeping Dog
2067-QYTCF,64,111.15,Month-to-month,Fiber optic,0,5,1,-0.0396575567320844,0.05847635025413591,Low,Sleeping Dog
2359-QWQUL,39,104.7,One year,Fiber optic,1,5,12,-0.1048142373253005,0.05230136601084392,Low,Sleeping Dog
9103-TCIHJ,15,55.7,Month-to-month,DSL,1,1,1,-0.0597996705119363,0.766894455185079,High,Lost Cause
7407-SUJIZ,25,20.6,Month-to-month,No,0,0,1,0.279898065150494,0.9389773951565269,High,Persuadable
9150-KPBJQ,6,19.65,Two year,No,0,0,24,0.2854741032504064,0.09563777618517909,Low,Sure Thing
0052-DCKON,66,115.8,One year,Fiber optic,0,6,12,-0.4577904419467113,0.745176918043533,High,Lost Cause
3654-ARMGP,61,88.65,Two year,DSL,0,5,24,-0.1328892896999479,0.1326614788527587,Low,Sleeping Dog
9699-UBQFS,43,94.5,Month-to-month,Fiber optic,0,3,1,-0.1724720328848779,0.012225716801695055,Low,Sleeping Dog
9367-TCUYN,12,20.1,Month-to-month,No,0,0,1,0.2971134563466525,0.4172837743012863,Medium,Persuadable
1261-FWTTE,23,34.65,Month-to-month,DSL,0,1,1,-0.1184376750058911,0.004525993253968533,Low,Sleeping Dog
3528-HFRIQ,71,52.3,Month-to-month,DSL,0,4,1,-0.012024382789602,0.007083648808750526,Low,Sleeping Dog
0708-SJDIS,34,65.0,Month-to-month,DSL,0,2,1,-0.0187313713028554,0.051193203599451786,Low,Sleeping Dog
4140-WJAWW,5,19.85,Month-to-month,No,1,0,1,0.2794055859435885,0.004035003977022615,Low,Sure Thing
2073-QBVBI,41,35.45,One year,DSL,0,2,12,-0.0982252299922637,0.5524645492488817,Medium,Lost Cause
6928-ONTRW,72,19.7,Two year,No,0,0,24,0.2946314954342693,0.04789517715907179,Low,Sure Thing
3320-VEOYC,14,95.6,Month-to-month,Fiber optic,0,2,1,-0.1536496898371672,0.7897401039144611,High,Lost Cause
5231-FIQPA,41,19.85,Two year,No,0,0,24,0.3107736621735916,0.0843182918131502,Low,Sure Thing
6617-WLBQC,23,81.85,One year,Fiber optic,0,1,12,-0.1715788964473599,0.04974407172796965,Low,Sleeping Dog
2599-CIPQE,71,109.3,Two year,Fiber optic,0,6,24,0.1592009561901492,0.39019765933880085,Medium,Persuadable
6653-CBBOM,1,70.3,Month-to-month,Fiber optic,1,0,1,-0.5835279799972217,0.5996001150181482,Medium,Lost Cause
8774-GSBUN,72,25.4,Two year,No,0,0,24,0.3087056166015536,0.4084984339524898,Medium,Persuadable
7326-RIGQZ,6,69.8,Month-to-month,Fiber optic,0,0,1,-0.1435298108351631,0.06490960967863312,Low,Sleeping Dog
1401-FTHFQ,23,20.0,One year,No,0,0,12,0.2905612171599642,0.06183753212768458,Low,Sure Thing
3247-ZVOUO,10,85.55,Month-to-month,Fiber optic,1,1,1,-0.153612216482867,0.7923763924461841,High,Lost Cause
0254-FNMCI,72,109.9,Two year,Fiber optic,0,6,24,0.1527709701109826,0.04689215866290366,Low,Sure Thing
1848-LBZHY,7,50.3,Month-to-month,DSL,0,1,1,-0.0549774751715577,0.5440888740807325,Medium,Lost Cause
6101-IMRMM,6,94.5,Month-to-month,Fiber optic,1,3,1,-0.1947171429797015,0.6811715488453349,High,Lost Cause
8118-TJAFG,9,101.5,Month-to-month,Fiber optic,0,4,1,-0.4689748116084532,0.006472306201659714,Low,Sleeping Dog
5429-LWCMV,12,89.15,Month-to-month,Fiber optic,0,2,1,-0.0811574860521896,0.15667126867501363,Low,Sleeping Dog
7298-IZWLY,1,19.4,Month-to-month,No,0,0,1,0.278060819952042,0.33775613212870637,Medium,Persuadable
9758-MFWGD,48,29.9,One year,DSL,0,1,12,0.0246306517524522,0.08997833830964448,Low,Sure Thing
3955-JBZZM,20,78.8,Month-to-month,Fiber optic,0,1,1,-0.1760468981216644,0.933435991846329,High,Lost Cause
1268-ASBGA,16,85.35,Month-to-month,Fiber optic,1,1,1,-0.1482423371795192,0.0027928162050816145,Low,Sleeping Dog
8943-URTMR,2,79.65,Month-to-month,Fiber optic,1,1,1,-0.0242949976125432,0.00898756562944393,Low,Sleeping Dog
4815-TUMEQ,10,19.3,One year,No,0,0,12,0.2854741032504064,0.5900979738103663,Medium,Persuadable
4713-LZDRV,2,79.6,Month-to-month,Fiber optic,1,1,1,-0.0242949976125432,0.0021837536439092615,Low,Sleeping Dog
9909-IDLEK,20,96.8,Month-to-month,Fiber optic,0,3,1,-0.1570891812282926,0.00565350651607488,Low,Sleeping Dog
4092-OFQZS,20,20.65,One year,No,0,0,12,0.3046353383272485,0.011879175398844104,Low,Sure Thing
1561-BWHIN,19,19.8,One year,No,0,0,12,0.2940007085510896,0.004271425116034207,Low,Sure Thing
4325-NFSKC,19,90.6,Month-to-month,Fiber optic,1,2,1,-0.1461505384888911,0.4900100175916335,Medium,Lost Cause
9927-DSWDF,22,104.6,Month-to-month,Fiber optic,0,5,1,-0.141548927685547,0.019908926209424988,Low,Sleeping Dog
9500-LTVBP,35,80.05,Month-to-month,Fiber optic,0,1,1,-0.1513664514337325,0.8035505106065258,High,Lost Cause
7252-NTGSS,1,45.15,Month-to-month,DSL,0,0,1,-0.1340528840520785,0.04938338478083554,Low,Sleeping Dog
8149-AIQCG,39,73.15,Month-to-month,Fiber optic,0,0,1,-0.1336858831392554,0.7815446209256809,High,Lost Cause
1360-JYXKQ,54,99.1,One year,Fiber optic,0,4,12,-0.1714568798264736,0.009560660748727275,Low,Sleeping Dog
2955-PSXOE,1,20.2,Month-to-month,No,1,0,1,0.278060819952042,0.3043476290079601,Medium,Persuadable
7762-URZQH,66,106.05,Two year,Fiber optic,1,4,24,-0.141609609172363,0.24926436274137256,Low,Sleeping Dog
0899-WZRSD,56,105.35,Month-to-month,Fiber optic,0,4,1,-0.1199245058572334,0.4503330598539214,Medium,Lost Cause
3255-GRXMG,18,45.65,Month-to-month,DSL,0,0,1,-0.0733475396620104,0.04003614005506098,Low,Sleeping Dog
4828-FAZPK,16,79.95,Month-to-month,Fiber optic,0,1,1,-0.1790572169820237,0.06443615844882744,Low,Sleeping Dog
6094-ZIVKX,68,54.45,One year,DSL,0,2,12,-0.0039716109486135,0.007111250159015435,Low,Sleeping Dog
6925-BAYGL,53,25.1,Two year,No,0,0,24,0.2734914864685003,0.38700530823561086,Medium,Persuadable
3262-EIDHV,72,84.7,Two year,DSL,0,5,24,-0.0787568857699125,0.7414305420233834,High,Lost Cause
7354-OIJLX,9,75.85,Month-to-month,Fiber optic,0,0,1,-0.188895097959676,0.4497636293384822,Medium,Lost Cause
1376-HHBDV,30,48.8,Month-to-month,DSL,0,1,1,-0.1015243042298903,0.4046431017454386,Medium,Lost Cause
6907-NZZIJ,36,99.15,Month-to-month,Fiber optic,1,3,1,-0.1283624318079849,0.056007306077421604,Low,Sleeping Dog
6133-OZILE,18,35.2,Month-to-month,DSL,0,2,1,-0.1149981836147657,0.0034498398034195498,Low,Sleeping Dog
4135-FRWKJ,55,76.25,One year,DSL,0,4,12,-0.1833070050267261,0.05584341755548252,Low,Sleeping Dog
2911-UREFD,39,55.9,Month-to-month,DSL,1,4,1,-0.0430267168894344,0.0016224239737086107,Low,Sleeping Dog
3744-ZRRDZ,21,82.35,Month-to-month,Fiber optic,1,1,1,-0.1715788964473599,0.4547269419014565,Medium,Lost Cause
5673-TIYIB,2,40.4,Month-to-month,DSL,1,3,1,-0.1264365802249314,0.8811665699111417,High,Lost Cause
6551-ZCOTS,33,24.9,One year,No,0,0,12,0.2817533353223871,0.03548971022450909,Low,Sure Thing
7191-ADRGF,44,54.3,Two year,DSL,0,4,24,-0.0207796884077924,0.6325996981088051,High,Lost Cause
5018-LXQQG,30,66.3,Month-to-month,DSL,0,3,1,-0.0636810894932372,0.0005986010479261485,Low,Sleeping Dog
6892-BOGQE,71,20.9,Two year,No,0,0,24,0.3200147580072676,0.05473779737816914,Low,Sure Thing
1602-IJQQE,4,75.35,Month-to-month,Fiber optic,1,0,1,-0.1445596396750117,0.41010529479276175,Medium,Lost Cause
4628-WQCQQ,35,85.15,One year,Fiber optic,1,2,12,-0.1391934439699387,0.12459292247303187,Low,Sleeping Dog
1746-TGTWV,1,75.35,Month-to-month,Fiber optic,0,1,1,-0.7112487026152903,0.2864128210351741,Low,Sleeping Dog
5995-SNNEW,23,104.45,Month-to-month,Fiber optic,0,4,1,-0.141548927685547,0.2980864441521459,Low,Sleeping Dog
8050-WYBND,22,49.45,One year,DSL,0,3,12,-0.0530470872593353,0.007707769567738896,Low,Sleeping Dog
2821-WARNZ,49,19.45,One year,No,0,0,12,0.2874015447877719,0.4964371460708639,Medium,Persuadable
4879-GZLFH,42,92.15,Month-to-month,Fiber optic,0,3,1,-0.1293775848663892,0.31523293662903534,Medium,Lost Cause
1644-IRKSF,33,93.8,One year,Fiber optic,1,3,12,-0.1293775848663892,0.8722404544129372,High,Lost Cause
8314-HTWVE,7,19.85,Two year,No,0,0,24,0.2854741032504064,0.2608729162448929,Low,Sure Thing
9402-ROUMJ,67,100.25,One year,Fiber optic,0,4,12,-0.1318741366415435,0.14887281766129518,Low,Sleeping Dog
2507-QZPQS,15,95.7,Month-to-month,Fiber optic,0,3,1,-0.1536496898371672,0.012627027159014035,Low,Sleeping Dog
7159-NOKYQ,67,93.15,Two year,Fiber optic,0,3,24,-0.1328892896999479,0.01811484232514109,Low,Sleeping Dog
5707-ZMDJP,53,69.7,Two year,DSL,0,4,24,-0.1099575384156574,0.51215332770613,Medium,Lost Cause
8779-YIQQA,21,19.8,One year,No,0,0,12,0.2905612171599642,0.7361865589545177,High,Persuadable
7136-IHZJA,40,71.35,Month-to-month,DSL,0,4,1,-0.1231577745125081,0.04592603007410242,Low,Sleeping Dog
8966-OIQHG,22,20.75,One year,No,0,0,12,0.3046353383272485,0.005620382926741976,Low,Sure Thing
7074-STDCN,39,40.6,Month-to-month,DSL,0,2,1,-0.0982252299922637,0.0014666249212636612,Low,Sleeping Dog
3705-PSNGL,45,20.4,One year,No,1,0,12,0.3248477833408759,0.23362620019275723,Low,Sure Thing
8739-QOTTN,2,20.35,Month-to-month,No,0,0,1,0.2934797071108728,0.007605029659551313,Low,Sure Thing
1399-OUPJN,57,19.75,Two year,No,0,0,24,0.2874015447877719,0.008969119758403489,Low,Sure Thing
0277-BKSQP,8,54.4,Month-to-month,DSL,0,1,1,-0.0429225213336422,0.004744816219732768,Low,Sleeping Dog
6502-HCJTI,7,94.7,Month-to-month,Fiber optic,1,3,1,-0.1947171429797015,0.05998333247936,Low,Sleeping Dog
2606-RMDHZ,6,30.5,Month-to-month,DSL,1,1,1,-0.2619765528497065,0.020730972167837657,Low,Sleeping Dog
5774-XZTQC,7,20.45,Month-to-month,No,0,0,1,0.2995482244176907,0.004412367202838839,Low,Sure Thing
2676-SSLTO,49,66.15,Two year,DSL,0,2,24,-0.0338416398347883,0.0018376185944114747,Low,Sleeping Dog
6266-QHOJZ,65,89.85,One year,Fiber optic,0,3,12,-0.1328892896999479,0.7632565917028865,High,Lost Cause
7269-JISCY,55,45.05,One year,DSL,0,0,12,-0.0716848545714414,0.6935651078550058,High,Lost Cause
0363-SVHYR,71,86.85,Two year,DSL,0,6,24,-0.0710328253569911,0.2571052292672678,Low,Sleeping Dog
8547-NSBBO,35,96.75,Month-to-month,Fiber optic,0,4,1,-0.1368767362146653,0.05065866550775359,Low,Sleeping Dog
8258-GSTJK,3,77.0,Month-to-month,Fiber optic,1,0,1,-0.0623776027790588,0.1371125958484224,Low,Sleeping Dog
6861-OKBCE,11,20.1,Month-to-month,No,1,0,1,0.2854741032504064,0.2803608186975987,Low,Sure Thing
9940-RHLFB,1,75.3,Month-to-month,Fiber optic,1,1,1,-0.7112487026152903,0.04046952248171646,Low,Sleeping Dog
6591-QGOYB,17,106.65,Month-to-month,Fiber optic,0,5,1,-0.4003951572933895,0.058974013279003645,Low,Sleeping Dog
9070-BCKQP,72,110.15,Two year,Fiber optic,0,5,24,0.1527709701109826,0.2790005787259257,Low,Sure Thing
6421-SZVEM,28,82.85,One year,Fiber optic,0,2,12,-0.1963161696241143,0.02081314815256662,Low,Sleeping Dog
1328-EUZHC,18,20.1,Two year,No,0,0,24,0.2940007085510896,0.5359101531932945,Medium,Persuadable
2995-UPRYS,40,99.2,One year,Fiber optic,1,4,12,-0.1714568798264736,0.8582177754985141,High,Lost Cause
8878-RYUKI,52,59.45,Month-to-month,DSL,0,2,1,-0.0304446781865736,0.006137168377940191,Low,Sleeping Dog
9633-DENPU,47,58.6,Month-to-month,DSL,0,2,1,-0.0153344096546407,0.011701663092517621,Low,Sleeping Dog
7811-JIVPF,23,49.7,Month-to-month,DSL,0,1,1,-0.0530470872593353,0.08792113372581094,Low,Sleeping Dog
7113-HIPFI,66,65.85,Two year,DSL,0,4,24,-0.0332657536572905,0.6996735877191239,High,Lost Cause
8541-QVFKM,8,73.5,Month-to-month,Fiber optic,0,0,1,-0.1667465279908943,0.22533566523306928,Low,Sleeping Dog
6686-YPGHK,47,85.5,Month-to-month,Fiber optic,1,2,1,-0.174563831575506,0.06449595873577425,Low,Sleeping Dog
1383-EZRWL,7,20.05,Month-to-month,No,1,0,1,0.2854741032504064,0.008756354148572424,Low,Sure Thing
9258-CNWAC,71,113.65,Two year,Fiber optic,0,6,24,-0.2892103849460567,0.8878503923447378,High,Lost Cause
5371-VYLSX,50,83.4,Month-to-month,Fiber optic,0,2,1,-0.2557665652889234,0.6354965633625944,High,Lost Cause
6374-AFWOX,46,65.65,Two year,DSL,0,4,24,-0.0187313713028554,0.6932696434621262,High,Lost Cause
4759-TRPLW,1,70.4,Month-to-month,Fiber optic,1,0,1,-0.5835279799972217,0.00540853907039146,Low,Sleeping Dog
5317-FLPJF,66,61.35,Two year,DSL,0,5,24,-0.0297304680122547,0.8161511355954042,High,Lost Cause
7621-VPNET,42,85.9,Month-to-month,Fiber optic,0,2,1,-0.1314693835570173,0.0009864931748990917,Low,Sleeping Dog
6034-YMTOB,5,75.65,Month-to-month,Fiber optic,0,1,1,-0.1445596396750117,0.0342279410268854,Low,Sleeping Dog
8563-IIOXK,7,49.75,One year,DSL,1,1,12,-0.0549774751715577,0.02782829059012547,Low,Sleeping Dog
4903-CNOZC,29,70.9,One year,DSL,0,3,12,-0.1681074927028898,0.6067202734927527,High,Lost Cause
4353-HYOJD,27,49.85,Month-to-month,DSL,0,1,1,-0.0777843604360898,0.579111887620405,Medium,Lost Cause
8020-BWHYL,15,75.3,Month-to-month,Fiber optic,1,1,1,-0.1835252186563282,0.8856072805532968,High,Lost Cause
7267-FRMJW,25,20.1,Two year,No,0,0,24,0.2658239439832097,0.49320236690086133,Medium,Persuadable
2982-VPSGI,11,94.0,Month-to-month,Fiber optic,1,2,1,-0.1515204177922389,0.013541341587277553,Low,Sleeping Dog
4188-FRABG,57,103.05,Month-to-month,Fiber optic,0,5,1,-0.2235060519926404,0.01751988659505189,Low,Sleeping Dog
8199-ZLLSA,67,118.35,One year,Fiber optic,1,6,12,-0.4577904419467113,0.19342142281775784,Low,Sleeping Dog
4128-ETESU,47,99.7,Month-to-month,Fiber optic,0,3,1,-0.1714568798264736,0.8604851680905857,High,Lost Cause
0620-DLSLK,13,81.9,Month-to-month,Fiber optic,0,1,1,-0.1790572169820237,0.11363199687760683,Low,Sleeping Dog
4625-EWPTF,8,30.45,Month-to-month,DSL,1,1,1,-0.2619765528497065,0.49319405204837485,Medium,Lost Cause
5980-NOPLP,44,96.1,Month-to-month,Fiber optic,1,2,1,-0.1368767362146653,0.2863969830139975,Low,Sleeping Dog
3850-OKINF,71,66.2,One year,DSL,0,2,12,-0.0019232938436765,0.5560951634095233,Medium,Lost Cause
6892-XPFPU,24,104.25,Month-to-month,Fiber optic,1,4,1,-0.1662862008623015,0.31105149376973723,Medium,Lost Cause
8010-EZLOU,15,80.2,Month-to-month,Fiber optic,1,1,1,-0.1790572169820237,0.24332160268771166,Low,Sleeping Dog
1156-ZFYDO,1,19.75,Month-to-month,No,0,0,1,0.278060819952042,0.02146705100413313,Low,Sure Thing
3295-YVUSR,2,72.6,Month-to-month,Fiber optic,0,0,1,-0.1705991345036694,0.06415202324245146,Low,Sleeping Dog
8016-NCFVO,55,116.5,Month-to-month,Fiber optic,0,6,1,-0.5382758196505921,0.0018824241007967544,Low,Sleeping Dog
4119-ZYPZY,71,106.8,Two year,Fiber optic,0,4,24,0.0185522181233118,0.2813229604265422,Low,Sure Thing
5549-ZGHFB,50,24.95,Two year,No,0,0,24,0.3014756659550562,0.00888947803049806,Low,Sure Thing
7577-SWIFR,1,89.25,Month-to-month,Fiber optic,0,2,1,-0.2228773026061093,0.004367432891946463,Low,Sleeping Dog
0303-WMMRN,5,19.25,Month-to-month,No,0,0,1,0.2794055859435885,0.06858368516288144,Low,Sure Thing
6408-OTUBZ,66,104.55,One year,Fiber optic,0,5,12,-0.1248481875054783,0.7902013242386118,High,Lost Cause
5204-HMGYF,49,87.2,One year,DSL,0,6,12,-0.1465796520889501,0.0027752594418379967,Low,Sleeping Dog
1078-TDCRN,3,30.75,Month-to-month,DSL,0,1,1,0.1440597941518006,0.14113041372758459,Low,Sure Thing
3727-OVPRY,66,25.7,One year,No,0,0,12,0.3020515521325539,0.7982074487817264,High,Persuadable
3797-FKOGQ,11,86.2,Month-to-month,Fiber optic,0,1,1,-0.153612216482867,0.15902940719745984,Low,Sleeping Dog
7622-NXQZR,28,30.1,Month-to-month,DSL,0,1,1,-0.2816267121169032,0.6055506057248407,High,Lost Cause
6196-HBOBZ,65,99.35,Two year,Fiber optic,0,4,24,-0.1318741366415435,0.6583407712371884,High,Lost Cause
3970-XGJDU,62,19.2,Two year,No,0,0,24,0.3046555909031589,0.0015024958053967419,Low,Sure Thing
7017-VFULY,2,20.1,Month-to-month,No,0,0,1,0.2794055859435885,0.003283778202967307,Low,Sure Thing
5562-YJQGT,2,20.35,Month-to-month,No,0,0,1,0.2934797071108728,0.06164985477921254,Low,Sure Thing
8807-OPMBM,55,25.65,Two year,No,0,0,24,0.3014756659550562,0.08331722195209615,Low,Sure Thing
5439-WIKXB,41,94.55,Month-to-month,Fiber optic,0,3,1,-0.1724720328848779,0.2011166338560827,Low,Sleeping Dog
9874-QLCLH,17,104.2,Month-to-month,Fiber optic,1,4,1,-0.1381094362944216,0.8247735437481,High,Lost Cause
8294-UIMBA,30,94.4,One year,Fiber optic,0,3,12,-0.174327303056771,0.09235057032346099,Low,Sleeping Dog
8109-YUOHE,17,56.1,One year,DSL,0,2,12,-0.0597996705119363,0.3812031977124844,Medium,Lost Cause
5840-NVDCG,16,68.25,Two year,DSL,0,4,24,-0.1381599315318153,0.0021280117111947086,Low,Sleeping Dog
8092-NLTGF,72,24.75,Two year,No,0,0,24,0.3087056166015536,0.9359907420127639,High,Persuadable
5928-QLDHB,9,76.25,Month-to-month,Fiber optic,0,0,1,-0.188895097959676,0.3302538199861236,Medium,Lost Cause
9840-EFJQB,1,74.35,Month-to-month,Fiber optic,0,1,1,-1.0589780680955478,0.28951128492894457,Low,Sleeping Dog
0696-UKTOX,23,54.15,Month-to-month,DSL,0,2,1,-0.0409921334214198,0.3881612355320083,Medium,Lost Cause
4801-KFYKL,8,19.45,Month-to-month,No,0,0,1,0.2854741032504064,0.005221393899565004,Low,Sure Thing
3472-OAOOR,19,34.95,Month-to-month,DSL,0,2,1,-0.1149981836147657,0.6964245916507742,High,Lost Cause
6135-OZQVA,7,53.65,Month-to-month,DSL,0,1,1,-0.0429225213336422,0.09034034335493535,Low,Sleeping Dog
8062-YBDOE,1,69.65,Month-to-month,Fiber optic,1,0,1,-0.4028498447391783,0.0005715386608406574,Low,Sleeping Dog
2252-JHJGE,61,104.0,One year,Fiber optic,0,4,12,0.0425420587534881,0.0028308144799036434,Low,Sure Thing
4188-PCPIG,57,70.35,Two year,DSL,0,4,24,-0.1295878253795968,0.014041424159636322,Low,Sleeping Dog
6000-APYLU,9,80.8,Month-to-month,Fiber optic,1,1,1,-0.1844270962853715,0.6677953849465044,High,Lost Cause
7105-BENQF,15,64.85,One year,DSL,0,3,12,-0.0464221368511466,0.7777086886140175,High,Lost Cause
7721-DVEKZ,1,19.65,Month-to-month,No,0,0,1,0.278060819952042,0.6778418076193171,High,Persuadable
3566-VVORZ,12,45.9,Month-to-month,DSL,0,0,1,-0.0670780658691121,0.571603056678483,Medium,Lost Cause
9507-HSMMZ,54,20.0,Two year,No,0,0,24,0.2874015447877719,0.36953587124951687,Medium,Persuadable
2480-SQIOB,4,44.8,Month-to-month,DSL,0,0,1,-0.0847859362721762,0.2346120349086617,Low,Sleeping Dog
0947-IDHRQ,7,80.3,Month-to-month,Fiber optic,1,1,1,-0.1844270962853715,0.07044842095051292,Low,Sleeping Dog
7813-TKCVO,20,20.35,One year,No,0,0,12,0.3046353383272485,0.15412680197741627,Low,Sure Thing
0128-MKWSG,26,45.8,Month-to-month,DSL,0,3,1,-0.1015243042298903,0.09146956177449507,Low,Sleeping Dog
3672-YITQD,36,84.1,Month-to-month,Fiber optic,1,1,1,-0.1822878919884275,0.3372786889734501,Medium,Lost Cause
4350-ZTLPI,53,108.95,One year,Fiber optic,0,5,12,0.0217497378886498,0.7831976290420796,High,Persuadable
9048-JVYVF,3,69.35,Month-to-month,DSL,1,3,1,-0.0896779329829589,0.6333035146979876,High,Lost Cause
0361-HJRDX,68,64.35,Two year,DSL,0,6,24,-0.0019232938436765,0.1595373627074186,Low,Sleeping Dog
5727-MYATE,72,90.8,Two year,DSL,0,6,24,-0.068941026666363,0.3219846131489625,Medium,Lost Cause
3823-KYNQY,12,24.95,One year,No,0,0,12,0.3111875775139368,0.6303362471265612,High,Persuadable
8988-ECPJR,34,79.6,Month-to-month,Fiber optic,1,1,1,-0.1944608994522212,0.3254457809905939,Medium,Lost Cause
7570-WELNY,68,84.7,Two year,Fiber optic,0,2,24,-0.0787568857699125,0.09067717892231415,Low,Sleeping Dog
3021-VLNRJ,50,70.8,One year,DSL,0,4,12,-0.1382680430444409,0.030577607563764857,Low,Sleeping Dog
3776-EKTKM,1,36.45,Month-to-month,DSL,1,1,1,-0.3322638787828313,0.31631670086181757,Medium,Lost Cause
2080-CAZNM,41,104.4,Month-to-month,Fiber optic,0,4,1,-0.1644309306904084,0.0058223198471104775,Low,Sleeping Dog
1028-FFNJK,30,101.5,Month-to-month,Fiber optic,0,3,1,-0.1966215223983509,0.39933726997150965,Medium,Lost Cause
6907-FLBER,1,54.3,Month-to-month,DSL,0,1,1,0.0599551303353236,0.43626273739074795,Medium,Persuadable
3001-UNBTL,29,103.95,Month-to-month,Fiber optic,0,3,1,-0.2533455016510894,0.026635613786412868,Low,Sleeping Dog
5982-PSMKW,23,91.1,Two year,DSL,0,6,24,-0.1495900298800166,0.5787559261810468,Medium,Lost Cause
3507-GASNP,60,19.95,Two year,No,0,0,24,0.2879774309652697,0.9021291501315502,High,Persuadable
7096-ZNBZI,72,26.45,Two year,No,0,0,24,0.4046272779881143,0.7797945199694812,High,Persuadable
1902-XBTFB,22,89.4,Month-to-month,Fiber optic,1,3,1,-0.1495900298800166,0.641530718748549,High,Lost Cause
1676-MQAOA,72,75.1,Two year,DSL,0,5,24,-0.0797759988082112,0.8265845888394797,High,Lost Cause
0786-IVLAW,66,108.1,One year,Fiber optic,0,4,12,0.0684077673382492,0.7889794320595725,High,Persuadable
7566-DSRLQ,72,110.15,Two year,Fiber optic,0,5,24,0.1527709701109826,0.1330469669494551,Low,Sure Thing
0643-OKLRP,47,80.35,Month-to-month,Fiber optic,1,1,1,-0.1944608994522212,0.0035816678386554487,Low,Sleeping Dog
7245-JMTTQ,51,111.5,One year,Fiber optic,0,5,12,-0.0491794222553867,0.6620617158160788,High,Lost Cause
6050-IJRHS,70,106.5,One year,Fiber optic,0,4,12,0.2216318506411266,0.3498263423676005,Medium,Persuadable
6202-JVYEU,9,19.9,One year,No,0,0,12,0.2854741032504064,0.9215069663675823,High,Persuadable
8591-TKMZH,59,111.1,Two year,Fiber optic,0,5,24,0.1506044088369117,0.0005154361515797669,Low,Sure Thing
0734-OXWBT,3,70.7,Month-to-month,DSL,0,3,1,-0.1023665415119428,0.18906248311374688,Low,Sleeping Dog
4282-ACRXS,38,24.85,Month-to-month,DSL,0,0,1,0.2817533353223871,0.8453435267441568,High,Persuadable
0365-TRTPY,37,91.2,Month-to-month,Fiber optic,0,3,1,-0.1293775848663892,0.042404077223680246,Low,Sleeping Dog
7349-ALMUX,37,65.6,Two year,DSL,0,4,24,-0.0187313713028554,0.0033456176486027465,Low,Sleeping Dog
9381-NDKME,24,40.65,Month-to-month,DSL,1,2,1,-0.1431749481826455,0.09128279926218981,Low,Sleeping Dog
6502-KUGLL,14,59.45,Month-to-month,DSL,0,3,1,-0.0321073632771427,0.8868503124213105,High,Lost Cause
1841-YSJGV,72,109.95,Two year,Fiber optic,0,5,24,0.1527709701109826,0.10079839699868347,Low,Sure Thing
2794-XIMMO,53,60.45,One year,DSL,1,5,12,-0.0029273398403703,0.04447933950797777,Low,Sleeping Dog
8382-SHQEH,8,84.9,Month-to-month,Fiber optic,1,1,1,-0.1613362768957884,0.4912368637577882,Medium,Lost Cause
3511-BFTJW,72,38.5,Two year,DSL,0,3,24,-0.0814171525330848,0.07358879347320724,Low,Sleeping Dog
7668-XCFYV,17,92.55,Month-to-month,Fiber optic,0,2,1,-0.1461505384888911,0.13153826031766858,Low,Sleeping Dog
2983-ZANRP,2,73.55,Month-to-month,Fiber optic,1,1,1,-0.0413172711832716,0.06957862752669693,Low,Sleeping Dog
7845-URHJN,8,20.15,Month-to-month,No,1,0,1,0.2854741032504064,0.006115186592730817,Low,Sure Thing
3034-ZBEQN,48,34.7,One year,DSL,1,2,12,-0.1133354985241966,0.6224894139681695,High,Lost Cause
5018-HEKFO,10,24.5,Month-to-month,No,0,0,1,0.2995482244176907,0.04633983316294737,Low,Sure Thing
2923-ARZLG,0,19.7,One year,No,0,0,12,0.278060819952042,0.012821036362094649,Low,Sure Thing
3976-NLDEZ,1,20.6,Month-to-month,No,0,0,1,0.2921349411193263,0.9529075229857092,High,Persuadable
2282-YGNOR,29,58.0,One year,DSL,0,3,12,-0.0602841278450226,0.8021345746457073,High,Lost Cause
5336-UFNZP,65,107.45,One year,Fiber optic,0,4,12,-0.0908623089170304,0.005051972020437702,Low,Sleeping Dog
6854-EXGSF,8,65.5,Month-to-month,DSL,0,3,1,-0.0517920161544944,0.8564091823608623,High,Lost Cause
1241-EZFMJ,61,25.45,Two year,No,0,0,24,0.3020515521325539,0.001393518046000359,Low,Sure Thing
9233-PSYHO,45,100.15,One year,Fiber optic,0,3,12,-0.1714568798264736,0.49159677612479324,Medium,Lost Cause
5376-PCKNB,72,104.45,One year,Fiber optic,0,4,12,-0.0608999244718934,0.007406088590534564,Low,Sleeping Dog
8044-BGWPI,12,21.15,Month-to-month,No,0,0,1,0.3111875775139368,0.0035782130444707637,Low,Sure Thing
4060-LDNLU,7,96.2,Month-to-month,Fiber optic,0,2,1,-0.1135576551542658,0.44192939591792735,Medium,Lost Cause
3589-PPVKW,9,44.4,Month-to-month,DSL,0,0,1,-0.0787174189653582,0.6105830869955289,High,Lost Cause
8327-LZKAS,43,107.55,One year,Fiber optic,1,4,12,0.1084505276972303,0.33445904835417944,Medium,Persuadable
5887-IKKYO,58,94.35,Two year,Fiber optic,0,3,24,-0.1444878533983221,0.26317563353356155,Low,Sleeping Dog
1075-BGWOH,16,98.75,Month-to-month,Fiber optic,1,3,1,-0.0595805070631832,0.0012813784139178443,Low,Sleeping Dog
1755-RMCXH,2,20.3,Month-to-month,No,0,0,1,0.2794055859435885,0.14658481161682774,Low,Sure Thing
0302-JOIVN,8,101.15,Month-to-month,Fiber optic,1,4,1,-0.4689748116084532,0.27594621012217146,Low,Sleeping Dog
3858-XHYJO,40,105.75,One year,Fiber optic,0,4,12,-0.1380979043388044,0.0015276390526869962,Low,Sleeping Dog
4299-SIMNS,9,81.15,Month-to-month,Fiber optic,0,1,1,-0.1844270962853715,0.016082034373084295,Low,Sleeping Dog
7025-IWFHT,41,89.55,One year,Fiber optic,0,3,12,-0.1293775848663892,0.9060076607251246,High,Lost Cause
6261-LHRTG,26,54.75,Month-to-month,DSL,0,2,1,-0.0657294065981742,0.4863937733562538,Medium,Lost Cause
7841-FCRQD,33,53.75,One year,DSL,0,2,12,-0.0207796884077924,0.1751060805190341,Low,Sleeping Dog
2056-EVGZL,68,105.75,One year,Fiber optic,0,5,12,-0.1541897750276502,0.7694283582608948,High,Lost Cause
8777-MBMTS,65,105.85,Two year,Fiber optic,0,5,24,-0.1109403899518621,0.010245581433969522,Low,Sleeping Dog
7753-USQYQ,55,64.2,One year,DSL,0,3,12,-0.0338416398347883,0.05793122185765665,Low,Sleeping Dog
5366-IJEQJ,20,88.7,Month-to-month,Fiber optic,1,2,1,-0.1495900298800166,0.011897277974723878,Low,Sleeping Dog
7661-CPURM,19,87.7,One year,Fiber optic,0,2,12,-0.1482423371795192,0.0017060303814360504,Low,Sleeping Dog
6233-HXJMX,45,89.3,Month-to-month,Fiber optic,0,2,1,-0.1293775848663892,0.020678521757026513,Low,Sleeping Dog
5902-WBLSE,70,20.15,Two year,No,0,0,24,0.3059406368399833,0.06063185000282509,Low,Sure Thing
1981-INRFU,2,79.75,Month-to-month,Fiber optic,1,1,1,-0.0242949976125432,0.0053200866528822915,Low,Sleeping Dog
4971-PUYQO,27,94.55,Month-to-month,Fiber optic,1,2,1,-0.174327303056771,0.8193472911855556,High,Lost Cause
3239-TPHPZ,12,20.05,Two year,No,0,0,24,0.2971134563466525,0.023493312753586144,Low,Sure Thing
5115-GZDEL,72,67.2,Two year,DSL,0,6,24,-0.0019232938436765,0.8228133844809701,High,Lost Cause
3338-CVVEH,12,94.55,Month-to-month,Fiber optic,0,2,1,-0.0811574860521896,0.2949207267079949,Low,Sleeping Dog
8485-GJCDN,5,69.05,Month-to-month,Fiber optic,1,0,1,-0.1495983281419811,0.25550376163455235,Low,Sleeping Dog
2615-YVMYX,71,107.5,Month-to-month,Fiber optic,0,5,1,0.0185522181233118,0.036491872562977645,Low,Sure Thing
2851-STERV,35,73.0,One year,DSL,0,4,12,-0.1767803311577441,0.007333460490310941,Low,Sleeping Dog
4393-GEADV,70,114.75,Two year,Fiber optic,0,6,24,-0.2724145558571237,0.7145797063566031,High,Lost Cause
8486-AYEQH,31,76.05,Month-to-month,Fiber optic,0,0,1,-0.1072666591587911,0.1039215772356545,Low,Sleeping Dog
1527-SXDPN,52,96.25,Two year,Fiber optic,1,3,24,-0.1519870047465982,0.15964137710260515,Low,Sleeping Dog
6029-WTIPC,37,101.1,Month-to-month,Fiber optic,1,3,1,-0.1947662522264578,0.03165361705501262,Low,Sleeping Dog
8634-CILSZ,69,104.7,One year,Fiber optic,1,4,12,-0.0443776791252743,0.008727308864415773,Low,Sleeping Dog
5419-JKZNQ,30,77.9,Month-to-month,Fiber optic,0,0,1,-0.2007841712984188,0.008601443656328823,Low,Sleeping Dog
2495-KZNFB,33,90.65,Month-to-month,Fiber optic,0,2,1,-0.1293775848663892,0.04648791740323862,Low,Sleeping Dog
1409-PHXTF,54,110.45,Two year,Fiber optic,0,5,24,0.1088882589335908,0.1399410284661059,Low,Sure Thing
4560-WQAQW,59,68.7,One year,DSL,0,3,12,-0.1099575384156574,0.07683920354003129,Low,Sleeping Dog
9591-YVTEB,55,44.85,Month-to-month,DSL,0,3,1,-0.0996690340579972,0.020952259767467108,Low,Sleeping Dog
9309-BZGNT,69,29.8,One year,DSL,0,1,12,0.2819599330531401,0.7618689555929489,High,Persuadable
4274-DRSQT,66,88.9,One year,Fiber optic,0,2,12,-0.1328892896999479,0.07391278240100436,Low,Sleeping Dog
2027-DNKIV,37,58.75,One year,DSL,0,3,12,-0.0153344096546407,0.5170651283685693,Medium,Lost Cause
8075-GXIUB,9,19.85,One year,No,0,0,12,0.2854741032504064,0.013323204050597386,Low,Sure Thing
2885-HIJDH,69,86.9,Two year,DSL,0,5,24,-0.0710328253569911,0.029048949578102213,Low,Sleeping Dog
5424-RLQLC,10,59.65,Month-to-month,DSL,0,2,1,-0.0374772425804905,0.004638144245469981,Low,Sleeping Dog
6682-QJDGB,40,55.25,Month-to-month,DSL,1,2,1,-0.0207796884077924,0.9169347320519781,High,Lost Cause
6507-DTJZV,13,66.4,Month-to-month,DSL,0,2,1,-0.0464221368511466,0.419918071988254,Medium,Lost Cause
8780-IXSTS,6,90.1,Month-to-month,Fiber optic,1,2,1,-0.1947171429797015,0.0029526684891494656,Low,Sleeping Dog
7673-BQGKU,69,20.15,Two year,No,0,0,24,0.3059406368399833,0.8904350502607071,High,Persuadable
6723-WSNTY,66,108.1,One year,Fiber optic,0,5,12,0.0684077673382492,0.5694848662562443,Medium,Persuadable
9530-EHPOH,11,53.75,Month-to-month,DSL,1,1,1,-0.0429225213336422,0.20205771875636094,Low,Sleeping Dog
2725-IWWBA,46,56.9,One year,DSL,0,3,12,-0.0153344096546407,0.6130559600997766,High,Lost Cause
0345-HKJVM,6,89.3,Month-to-month,Fiber optic,1,2,1,-0.1947171429797015,0.8265205357921607,High,Lost Cause
1061-PNTHC,56,109.6,Month-to-month,Fiber optic,0,5,1,0.0217497378886498,0.33451253889013016,Medium,Persuadable
0394-YONDK,70,25.15,Two year,No,0,0,24,0.3200147580072676,0.3049294022816095,Medium,Persuadable
6574-MCOEH,33,79.15,One year,DSL,0,4,12,-0.155834453108037,0.25022461712013006,Low,Sleeping Dog
7399-QHBJS,72,66.75,Two year,DSL,0,3,24,-0.0019232938436765,0.05767425019229703,Low,Sleeping Dog
3049-SOLAY,3,95.2,Month-to-month,Fiber optic,1,2,1,0.0164388956298182,0.7022870507109267,High,Persuadable
0997-YTLNY,19,48.8,Month-to-month,DSL,0,1,1,-0.0733475396620104,0.31148924210598533,Medium,Lost Cause
3317-HRTNN,5,45.7,Month-to-month,DSL,1,2,1,-0.0847859362721762,0.006833663276146619,Low,Sleeping Dog
9479-HYNYL,71,80.7,Two year,DSL,0,5,24,-0.0753079971339067,0.8851933324204339,High,Lost Cause
3235-ETOOB,8,74.5,Month-to-month,Fiber optic,1,1,1,-0.1219427041794293,0.008261854903877373,Low,Sleeping Dog
9708-KFDBY,1,20.55,Month-to-month,No,0,0,1,0.2921349411193263,0.26658011952640726,Low,Sure Thing
8058-INTPH,1,79.65,Month-to-month,Fiber optic,1,1,1,-0.332014788873508,0.16021266145273713,Low,Sleeping Dog
3642-GKTCT,61,115.1,One year,Fiber optic,0,6,12,-0.4577904419467113,0.7046387784582846,High,Lost Cause
0774-RMNUW,71,59.7,Two year,DSL,0,5,24,0.0014736678045381,0.048494003433130435,Low,Sure Thing
1334-PDUKM,68,86.45,One year,Fiber optic,0,2,12,-0.0710328253569911,0.0037105577465203466,Low,Sleeping Dog
0756-MPZRL,46,33.7,One year,DSL,0,2,12,-0.0982252299922637,0.6517957741733826,High,Lost Cause
2242-MFOTG,33,80.1,One year,Fiber optic,0,1,12,-0.1513664514337325,0.002451639115109751,Low,Sleeping Dog
2927-CVULT,53,104.05,Two year,Fiber optic,0,5,24,0.0309434950551138,0.19242236235766022,Low,Sure Thing
2144-BFDSO,50,108.75,Month-to-month,Fiber optic,0,5,1,-0.0062344415979059,0.9191628358427489,High,Lost Cause
8745-PVESG,57,41.1,One year,DSL,0,3,12,-0.1658423970523258,0.015176353534712786,Low,Sleeping Dog
7647-GYYKX,54,20.35,Two year,No,0,0,24,0.3014756659550562,0.005085141452887346,Low,Sure Thing
5647-FXOTP,60,105.9,Month-to-month,Fiber optic,0,4,1,-0.1109403899518621,0.015763273423365008,Low,Sleeping Dog
5569-OUICF,28,101.3,Month-to-month,Fiber optic,1,3,1,-0.1966215223983509,0.005022544354786839,Low,Sleeping Dog
8821-XNHVZ,1,80.05,Month-to-month,Fiber optic,1,1,1,-0.332014788873508,0.012625217803613161,Low,Sleeping Dog
2082-OJVTK,29,89.2,Month-to-month,Fiber optic,1,2,1,-0.174327303056771,0.795924265961168,High,Lost Cause
9700-ISPUP,10,65.5,Month-to-month,DSL,0,3,1,-0.0517920161544944,0.03265756267845373,Low,Sleeping Dog
9839-ETQOE,43,40.45,Month-to-month,DSL,0,3,1,-0.0982252299922637,0.4569935258458329,Medium,Lost Cause
6078-VESFR,13,70.45,Month-to-month,Fiber optic,0,0,1,-0.2411968856020853,0.09693360075510267,Low,Sleeping Dog
9027-TMATR,43,78.8,Two year,DSL,0,5,24,-0.155834453108037,0.1926199958660283,Low,Sleeping Dog
5940-NFXKV,19,83.65,Month-to-month,Fiber optic,1,1,1,-0.2294450708929365,0.06567333536987498,Low,Sleeping Dog
1941-HOSAM,1,90.1,Month-to-month,Fiber optic,0,2,1,-0.2228773026061093,0.7856184707177638,High,Lost Cause
9110-HSGTV,69,82.45,Two year,DSL,0,5,24,-0.0753079971339067,0.7632837128545282,High,Lost Cause
0704-VCUMB,61,20.25,Two year,No,0,0,24,0.2879774309652697,0.6727122511721997,High,Persuadable
6171-ZTVYB,43,66.25,Month-to-month,DSL,0,3,1,-0.0187313713028554,0.4301631105972786,Medium,Lost Cause
8053-WWDRO,6,19.5,Month-to-month,No,1,0,1,0.2854741032504064,0.8088005072732315,High,Persuadable
9564-KCLHR,1,51.25,Month-to-month,DSL,1,1,1,0.0599551303353236,0.5002582639485157,Medium,Persuadable
1935-IMVBB,56,89.7,Month-to-month,Fiber optic,0,2,1,-0.1444878533983221,0.14781522940259578,Low,Sleeping Dog
2535-PBCGC,70,64.55,Two year,DSL,0,6,24,-0.0019232938436765,0.538893617990414,Medium,Lost Cause
2082-CEFLT,1,45.6,Month-to-month,DSL,1,0,1,-0.1340528840520785,0.9492962352488571,High,Lost Cause
1470-PSXNM,49,93.65,One year,Fiber optic,0,3,12,-0.1444878533983221,0.5491960530782279,Medium,Lost Cause
1213-NGCUN,6,49.65,Month-to-month,DSL,1,1,1,-0.0549774751715577,0.0800429884693958,Low,Sleeping Dog
2498-XLDZR,32,73.6,Two year,DSL,0,5,24,-0.1336858831392554,0.3648484946851962,Medium,Lost Cause
9866-OCCKE,72,109.75,Two year,Fiber optic,0,5,24,0.1447181982699941,0.19738342205112933,Low,Sure Thing
5338-YHWYT,37,61.45,Two year,DSL,0,3,24,0.0121829286915625,0.797275481861365,High,Persuadable
7718-UPSKJ,69,106.4,One year,Fiber optic,0,5,12,-0.1294532223786254,0.7422942459553435,High,Lost Cause
8731-WBBMB,26,81.9,Month-to-month,DSL,0,5,1,-0.1963161696241143,0.008509090191297353,Low,Sleeping Dog
1448-CYWKC,58,105.2,One year,Fiber optic,0,4,12,-0.1199245058572334,0.8383250557459961,High,Lost Cause
7901-IIDQV,24,54.6,One year,DSL,0,1,12,-0.0657294065981742,0.018473867737543292,Low,Sleeping Dog
2690-DVRVK,5,20.55,One year,No,0,0,12,0.2934797071108728,0.5560333497869724,Medium,Persuadable
5688-KZTSN,15,20.0,Month-to-month,No,1,0,1,0.2940007085510896,0.06153908557218737,Low,Sure Thing
1270-XKUCC,30,19.7,Two year,No,0,0,24,0.2658239439832097,0.7057957198313963,High,Persuadable
0334-ZFJSR,55,66.05,One year,DSL,0,3,12,-0.0338416398347883,0.3875954416759217,Medium,Lost Cause
2894-QOJRX,25,34.0,Month-to-month,DSL,1,1,1,-0.1431749481826455,0.03769768719033945,Low,Sleeping Dog
5747-PMBSQ,10,92.5,Month-to-month,Fiber optic,1,4,1,-0.1515204177922389,0.18412356819372364,Low,Sleeping Dog
5583-EJXRD,44,54.05,Two year,DSL,0,5,24,-0.0207796884077924,0.3669984526209329,Medium,Lost Cause
4565-EVZMJ,47,58.9,One year,DSL,0,3,12,-0.0153344096546407,0.01329965779421005,Low,Sleeping Dog
3143-JQEGI,13,88.35,Month-to-month,Fiber optic,1,2,1,0.0286916344524251,0.3569098883301545,Medium,Persuadable
6386-SZZKH,49,107.95,Two year,Fiber optic,1,5,24,0.1364347071837862,0.06273761108496057,Low,Sure Thing
3327-YBAKM,64,96.9,One year,Fiber optic,0,4,12,-0.1403884410482239,0.010642500979076208,Low,Sleeping Dog
9441-QHEVC,1,19.1,Month-to-month,No,0,0,1,0.2947389798899313,0.023376836311758558,Low,Sure Thing
6705-LNMDD,20,50.0,Month-to-month,DSL,0,1,1,-0.0530470872593353,0.7717114455240925,High,Lost Cause
2580-ASVVY,37,45.4,Two year,DSL,0,3,24,-0.0565745860395085,0.010171785832704896,Low,Sleeping Dog
3370-GQEAL,30,85.45,Month-to-month,Fiber optic,0,1,1,-0.1764191017473991,0.11036472674144858,Low,Sleeping Dog
5032-USPKF,38,84.1,One year,DSL,0,5,12,-0.1391934439699387,0.06914067148655582,Low,Sleeping Dog
2982-IHMFT,1,74.45,Month-to-month,Fiber optic,1,0,1,-1.013743571944793,0.016967094580088344,Low,Sleeping Dog
3521-SYVOR,37,64.75,Month-to-month,DSL,1,2,1,-0.0187313713028554,0.15210196846055815,Low,Sleeping Dog
4254-QPEDE,52,66.25,Two year,DSL,0,6,24,-0.0338416398347883,0.8077966311576423,High,Lost Cause
6283-GITPX,71,76.9,Two year,DSL,0,5,24,-0.0797759988082112,0.7846134840981035,High,Lost Cause
9526-JAWYF,26,89.8,Month-to-month,Fiber optic,1,3,1,-0.174327303056771,0.007621679962633912,Low,Sleeping Dog
0771-CHWSK,66,74.6,Two year,DSL,0,4,24,-0.0187292762984753,0.035486676837897475,Low,Sleeping Dog
9788-HNGUT,72,116.95,Two year,Fiber optic,0,6,24,-0.2389415814402401,0.8280488853220128,High,Lost Cause
9495-REDIY,25,40.65,One year,DSL,0,2,12,-0.1431749481826455,0.7680889653802176,High,Lost Cause
5375-XLDOF,69,114.35,Two year,Fiber optic,0,6,24,-0.2724145558571237,0.011028221595472884,Low,Sleeping Dog
1172-VIYBP,53,69.7,Two year,DSL,0,3,24,-0.1099575384156574,0.007073521145568559,Low,Sleeping Dog
5649-VUKMC,12,95.5,One year,Fiber optic,1,3,12,-0.0886566374004657,0.579349502626452,Medium,Lost Cause
6559-PDZLR,26,98.65,Month-to-month,Fiber optic,0,4,1,-0.087757271631063,0.6884889942819822,High,Lost Cause
8992-OBVDG,21,61.65,Month-to-month,DSL,0,2,1,-0.0080295163220648,0.07666931333853874,Low,Sleeping Dog
4273-MBHYA,1,89.35,Month-to-month,Fiber optic,0,2,1,-0.2228773026061093,0.0022536564184942464,Low,Sleeping Dog
4724-WXVWF,48,95.4,Month-to-month,Fiber optic,0,3,1,-0.1519870047465982,0.03761511052274272,Low,Sleeping Dog
5701-GUXDC,26,35.4,One year,DSL,0,2,12,-0.1431749481826455,0.3494636022715003,Medium,Lost Cause
1460-UZPRJ,60,19.95,Two year,No,0,0,24,0.2879774309652697,0.4220576685020647,Medium,Persuadable
6082-GLJIX,18,19.25,Month-to-month,No,0,0,1,0.2940007085510896,0.2900327295961676,Low,Sure Thing
5143-EGQFK,10,29.65,Month-to-month,DSL,1,1,1,0.2479050685117646,0.0744472462061019,Low,Sure Thing
4919-IKATY,5,84.5,Month-to-month,Fiber optic,1,2,1,-0.0906814667368234,0.27190722900881953,Low,Sleeping Dog
2495-TTHBQ,4,20.4,One year,No,0,0,12,0.2934797071108728,0.16498586387355063,Low,Sure Thing
0485-ZBSLN,65,24.75,Two year,No,0,0,24,0.3020515521325539,0.8031477416548308,High,Persuadable
3810-PJUHR,70,25.35,Two year,No,0,0,24,0.3200147580072676,0.7765827896703742,High,Persuadable
9050-QLROH,18,90.7,Month-to-month,Fiber optic,1,2,1,-0.1461505384888911,0.34559167356580994,Medium,Lost Cause
0847-HGRML,62,20.0,Two year,No,0,0,24,0.2879774309652697,0.004183155624502899,Low,Sure Thing
8232-CTLKO,66,59.75,Two year,DSL,0,2,24,-0.0298687920090758,0.002873769687312089,Low,Sleeping Dog
9227-YBAXE,65,82.5,Two year,DSL,0,5,24,-0.1392562601674915,0.5056581030802084,Medium,Lost Cause
6168-WFVVF,3,70.3,Month-to-month,Fiber optic,1,0,1,-0.3287031810691396,0.40797504026159653,Medium,Lost Cause
9860-LISIZ,34,20.35,Month-to-month,No,0,0,1,0.3248477833408759,0.08583799394689424,Low,Sure Thing
0112-QAWRZ,16,90.8,Month-to-month,Fiber optic,0,2,1,-0.1461505384888911,0.7626961092595542,High,Lost Cause
0877-SDMBN,54,103.95,One year,Fiber optic,1,4,12,-0.2235060519926404,0.053201382603401015,Low,Sleeping Dog
2786-GCDPI,50,104.95,Month-to-month,Fiber optic,0,4,1,-0.1479086853437892,0.05298762202499415,Low,Sleeping Dog
4043-MKDTV,71,105.25,Two year,Fiber optic,0,5,24,-0.1209061080141463,0.027499867574959164,Low,Sleeping Dog
8065-YKXKD,10,74.75,Month-to-month,Fiber optic,1,0,1,-0.188895097959676,0.9243942248745776,High,Lost Cause
9637-EIHEQ,1,50.8,Month-to-month,DSL,1,1,1,0.0599551303353236,0.015431969464248928,Low,Sure Thing
9229-RQABD,18,23.75,One year,No,0,0,12,0.3080748297183739,0.01416138442231246,Low,Sure Thing
8313-KTIHG,4,61.3,Month-to-month,DSL,0,2,1,0.0130287779335258,0.021281067500451428,Low,Sure Thing
5320-BRKGK,58,75.8,Two year,DSL,0,4,24,-0.1553228255401703,0.00523947737177449,Low,Sleeping Dog
6284-KMNUF,56,98.0,One year,Fiber optic,0,3,12,-0.1519870047465982,0.07770163979435847,Low,Sleeping Dog
9689-PTNPG,2,80.25,Month-to-month,Fiber optic,1,1,1,-0.0242949976125432,0.06618955685842058,Low,Sleeping Dog
9465-RWMXL,32,78.9,Month-to-month,Fiber optic,1,1,1,-0.155834453108037,0.5268465068897582,Medium,Lost Cause
6229-UOLQL,56,52.0,One year,DSL,0,4,12,-0.0358899569397253,0.0062461446823291146,Low,Sleeping Dog
2362-IBOOY,36,84.75,Month-to-month,Fiber optic,1,1,1,-0.1391934439699387,0.027282799487737267,Low,Sleeping Dog
3137-LUPIX,4,64.4,Month-to-month,DSL,0,2,1,-0.0578605334613123,0.6146760571969986,High,Lost Cause
0843-WTBXE,53,85.45,Month-to-month,Fiber optic,1,1,1,-0.1465796520889501,0.174590818268593,Low,Sleeping Dog
6143-JQKEA,10,45.8,Month-to-month,DSL,0,0,1,-0.0787174189653582,0.4346164017539296,Medium,Lost Cause
8676-OOQEJ,4,30.5,Month-to-month,DSL,0,1,1,-0.2680450701565244,0.02471639144862119,Low,Sleeping Dog
5515-IDEJJ,1,19.9,Month-to-month,No,1,0,1,0.278060819952042,0.006040315951030423,Low,Sure Thing
9701-CDXHR,51,69.15,Month-to-month,Fiber optic,0,0,1,-0.125579434515457,0.9674662197935969,High,Lost Cause
7450-NWRTR,12,99.45,Month-to-month,Fiber optic,1,3,1,-0.0801423329937853,0.20166377030748875,Low,Sleeping Dog
8124-NZVGJ,6,49.25,One year,DSL,0,3,12,-0.0549774751715577,0.38715832971120706,Medium,Lost Cause
2162-FRZAA,63,39.35,Two year,DSL,0,3,24,-0.1127596123466988,0.09700282649796022,Low,Sleeping Dog
5376-DEQCP,1,70.6,Month-to-month,Fiber optic,1,0,1,-0.5765863015622662,0.7847162416848952,High,Lost Cause
5118-MUEYH,48,105.1,Month-to-month,Fiber optic,0,4,1,-0.1199245058572334,0.01367552747072238,Low,Sleeping Dog
9095-HFAFX,5,81.0,Month-to-month,Fiber optic,1,1,1,-0.1400916380007072,0.8065697843658811,High,Lost Cause
5627-TVBPP,35,20.1,One year,No,0,0,12,0.3107736621735916,0.011865656551820265,Low,Sure Thing
2379-ENZGV,6,84.85,Month-to-month,Fiber optic,1,2,1,-0.1613362768957884,0.531444122285358,Medium,Lost Cause
3936-QQFLL,2,19.75,Month-to-month,No,0,0,1,0.2794055859435885,0.12393599668393551,Low,Sure Thing
2589-AYCRP,50,19.75,One year,No,0,0,12,0.2874015447877719,0.7808858383755949,High,Persuadable
4067-HLYQI,33,70.4,Month-to-month,Fiber optic,0,0,1,-0.1300994529474636,0.24396935502671613,Low,Sleeping Dog
5124-EOGYE,31,20.45,Two year,No,0,0,24,0.3734155772901217,0.004067339541733734,Low,Sure Thing
5057-RKGLH,9,20.35,Two year,No,0,0,24,0.2995482244176907,0.014370271548213165,Low,Sure Thing
0292-WEGCH,54,86.2,Month-to-month,DSL,0,5,1,-0.1465796520889501,0.2576730604400635,Low,Sleeping Dog
8910-ICHIU,46,95.65,One year,Fiber optic,0,4,12,-0.1368767362146653,0.1436062060207366,Low,Sleeping Dog
4097-YODCF,34,103.8,One year,Fiber optic,0,4,12,-0.2083957834607075,0.014260616613967618,Low,Sleeping Dog
9715-WZCLW,71,97.2,Two year,Fiber optic,0,3,24,-0.0764401780146391,0.31114471236408714,Medium,Lost Cause
9786-YWNHU,63,63.55,Two year,DSL,0,4,24,-0.0332657536572905,0.3823536388713235,Medium,Lost Cause
6407-GSJNL,51,24.95,Two year,No,0,0,24,0.3014756659550562,0.08259698138583632,Low,Sure Thing
6005-OBZPH,26,89.15,Month-to-month,Fiber optic,1,2,1,-0.174327303056771,0.5866374834063605,Medium,Lost Cause
4049-ZPALD,64,99.0,Two year,Fiber optic,0,4,24,-0.132208231351697,0.04298225296455067,Low,Sleeping Dog
7932-WPTDS,1,24.8,Month-to-month,DSL,1,0,1,0.2921349411193263,0.12095148108457375,Low,Sure Thing
3733-UOCWF,61,85.55,One year,Fiber optic,0,2,12,-0.104311869170075,0.010121685124983052,Low,Sleeping Dog
6833-JMZYP,15,94.0,Month-to-month,Fiber optic,0,3,1,-0.1461505384888911,0.0028976687802720175,Low,Sleeping Dog
2722-VOJQL,64,105.65,One year,Fiber optic,1,4,12,-0.1083259421588591,0.0013873010473257471,Low,Sleeping Dog
1310-QRITU,18,50.3,Month-to-month,DSL,0,0,1,-0.0496075958682099,0.10221976138005297,Low,Sleeping Dog
8961-QDZZJ,57,95.0,One year,Fiber optic,0,3,12,-0.1444878533983221,0.621329611830261,High,Lost Cause
9715-SBVSU,14,61.4,Two year,DSL,0,3,24,0.0244671745436915,0.020112120907963663,Low,Sure Thing
8490-BXHEO,18,80.55,Month-to-month,Fiber optic,0,1,1,-0.1681394050562344,0.016028738580534562,Low,Sleeping Dog
7173-TETGO,72,78.5,Two year,Fiber optic,0,1,24,-0.0878287706491996,0.009070821308252434,Low,Sleeping Dog
7929-SKFGK,70,114.3,Two year,Fiber optic,0,6,24,-0.2724145558571237,0.086034315437531,Low,Sleeping Dog
2300-RQGOI,38,20.05,Two year,No,0,0,24,0.3107736621735916,0.9187021994808102,High,Persuadable
3563-SVYLG,68,62.65,Two year,DSL,0,4,24,0.0016119918013591,0.2221813762822437,Low,Sure Thing
5228-EXCET,13,80.85,Month-to-month,Fiber optic,1,1,1,-0.1790572169820237,0.20019361578163744,Low,Sleeping Dog
6435-VWCCY,65,92.7,Two year,Fiber optic,0,3,24,-0.1022200704794469,0.1838369301292684,Low,Sleeping Dog
4998-IKFSE,30,100.45,Month-to-month,Fiber optic,0,3,1,-0.1733121499983667,0.4349574381052024,Medium,Lost Cause
8630-QSGXK,51,75.2,Two year,DSL,0,3,24,-0.1709447216399699,0.11257060468395053,Low,Sleeping Dog
2455-USLMV,31,84.75,Month-to-month,Fiber optic,0,2,1,-0.0906256500206928,0.22672050111218164,Low,Sleeping Dog
7394-FKDNK,9,89.45,Month-to-month,Fiber optic,1,2,1,-0.1947171429797015,0.03094735867765355,Low,Sleeping Dog
9488-FVZCC,72,79.5,Two year,DSL,0,5,24,-0.0753079971339067,0.11782790879971616,Low,Sleeping Dog
6331-LWDTQ,10,72.15,Month-to-month,DSL,1,2,1,-0.156218419364147,0.6264097208365476,High,Lost Cause
5995-WWKKG,37,19.8,One year,No,0,0,12,0.3107736621735916,0.07455840227144829,Low,Sure Thing
1597-FZREH,2,76.4,Month-to-month,DSL,1,4,1,-0.0287629992868477,0.006413762934639995,Low,Sleeping Dog
7879-CGSFV,55,100.9,One year,Fiber optic,0,4,12,-0.1667820727399019,0.01789420631729939,Low,Sleeping Dog
9921-EZKBY,33,95.3,Month-to-month,Fiber optic,0,3,1,-0.1368767362146653,0.12069830531651833,Low,Sleeping Dog
7432-FFVAR,46,90.95,One year,Fiber optic,0,3,12,-0.1293775848663892,0.18796576857645245,Low,Sleeping Dog
7246-ZGQDF,1,54.5,Month-to-month,DSL,0,2,1,0.0599551303353236,0.28833722945400275,Low,Sure Thing
7000-WCEVQ,20,61.6,Month-to-month,DSL,1,1,1,-0.0080295163220648,0.014541574063435333,Low,Sleeping Dog
0727-IWKVK,9,79.9,Month-to-month,Fiber optic,1,2,1,-0.1844270962853715,0.7986066715225072,High,Lost Cause
5959-BELXA,32,96.15,Month-to-month,Fiber optic,1,2,1,-0.179971184233154,0.015022965713610371,Low,Sleeping Dog
4456-RHSNB,19,49.6,Month-to-month,DSL,0,1,1,-0.0496075958682099,0.9061464984409779,High,Lost Cause
3512-IZIKN,70,65.3,Two year,DSL,1,3,24,-0.0019232938436765,0.005875619512958703,Low,Sleeping Dog
2481-SBOYW,61,25.0,Two year,No,0,0,24,0.3020515521325539,0.6972910263547529,High,Persuadable
7109-MFBYV,26,45.45,Month-to-month,DSL,0,0,1,-0.1015243042298903,0.6102211499848967,High,Lost Cause
1833-TCXKK,45,107.75,Month-to-month,Fiber optic,0,4,1,0.1515449757157191,0.9299430033336115,High,Persuadable
1832-PEUTS,62,89.1,Two year,Fiber optic,0,2,24,-0.1328892896999479,0.6043173717232109,High,Lost Cause
6141-OOXUQ,1,19.65,Month-to-month,No,1,0,1,0.278060819952042,0.2997577893750123,Low,Sure Thing
8660-BUETV,3,44.75,Month-to-month,DSL,0,0,1,-0.0847859362721762,0.09612242618810309,Low,Sleeping Dog
0580-PIQHM,41,101.6,One year,Fiber optic,0,4,12,-0.151671804207969,0.6493619543383896,High,Lost Cause
5696-CEIQJ,67,103.15,Two year,Fiber optic,0,5,24,-0.2119074882942662,0.1613610080710793,Low,Sleeping Dog
7503-ZGUZJ,1,84.65,Month-to-month,Fiber optic,1,1,1,-0.2826046176096241,0.04646632495090083,Low,Sleeping Dog
1696-HXOWK,71,95.65,One year,Fiber optic,0,3,12,-0.0764401780146391,0.011228777464554626,Low,Sleeping Dog
3026-ATZYV,37,75.1,One year,DSL,0,4,12,-0.155834453108037,0.023416260148446676,Low,Sleeping Dog
4012-YCFAI,60,61.35,Two year,DSL,0,3,24,-0.0297304680122547,0.6992336475647098,High,Lost Cause
2506-TNFCO,1,69.55,Month-to-month,Fiber optic,1,0,1,-0.4028498447391783,0.02259798863197185,Low,Sleeping Dog
9970-QBCDA,6,19.7,Month-to-month,No,0,0,1,0.2854741032504064,0.9447694736386202,High,Persuadable
8718-PTMEZ,13,31.05,Month-to-month,DSL,1,1,1,-0.1149981836147657,0.00102875754441064,Low,Sleeping Dog
9496-IVVRP,11,51.0,Month-to-month,DSL,0,1,1,-0.0429225213336422,0.004339242376930408,Low,Sleeping Dog
2207-OBZNX,7,51.0,Month-to-month,DSL,1,1,1,-0.0429225213336422,0.0009537982296413413,Low,Sleeping Dog
2657-VPXTA,10,88.85,Month-to-month,Fiber optic,0,2,1,-0.1515204177922389,0.08916893696049545,Low,Sleeping Dog
6551-VLJMV,34,20.05,Two year,No,0,0,24,0.3107736621735916,0.4678522907874854,Medium,Persuadable
1221-GHZEP,62,65.1,Two year,DSL,0,3,24,-0.0332657536572905,0.09727008173406267,Low,Sleeping Dog
9289-LBQVU,64,70.15,One year,DSL,0,3,12,0.0490366949582542,0.26700068186788206,Low,Sure Thing
6142-VSJQO,1,44.35,Month-to-month,DSL,1,0,1,-0.1340528840520785,0.07011555045236083,Low,Sleeping Dog
3458-IDMFK,25,20.75,Two year,No,0,0,24,0.279898065150494,0.9449271860766659,High,Persuadable
6933-FHBZC,26,56.05,One year,DSL,0,2,12,-0.0879764350798162,0.12060387367246012,Low,Sleeping Dog
0221-NAUXK,10,19.95,One year,No,0,0,12,0.2854741032504064,0.014230075007900451,Low,Sure Thing
9770-KXGQU,53,98.6,One year,Fiber optic,0,4,12,-0.1438067950500712,0.011480190954198957,Low,Sleeping Dog
6437-UKHMV,7,79.7,Month-to-month,Fiber optic,1,1,1,-0.1844270962853715,0.6121256568056749,High,Lost Cause
6538-POCHL,33,79.0,Month-to-month,Fiber optic,0,2,1,-0.155834453108037,0.1534965990821754,Low,Sleeping Dog
6726-NNFWD,71,89.45,Two year,Fiber optic,0,3,24,-0.0769937985073515,0.4171539966562194,Medium,Lost Cause
3002-WQZWT,29,74.2,Month-to-month,Fiber optic,0,0,1,-0.1790662736689268,0.17737805615225088,Low,Sleeping Dog
4277-UDIEF,24,81.0,Month-to-month,DSL,0,4,1,-0.1963161696241143,0.7090634068905747,High,Lost Cause
1208-NBVFH,20,49.6,Month-to-month,DSL,0,1,1,-0.0530470872593353,0.02112741432323408,Low,Sleeping Dog
4912-PIGUY,1,84.6,Month-to-month,Fiber optic,0,1,1,-0.2826046176096241,0.008846608877865576,Low,Sleeping Dog
1114-CENIM,54,55.0,Month-to-month,DSL,1,1,1,-0.0358899569397253,0.04210135586257772,Low,Sleeping Dog
6060-DRTNL,5,84.85,Month-to-month,Fiber optic,1,2,1,-0.0906814667368234,0.5859495755970866,Medium,Lost Cause
2725-TTRIQ,72,84.2,Two year,DSL,0,5,24,-0.0787568857699125,0.5848873502352196,Medium,Lost Cause
3374-TTZTK,52,106.3,Two year,Fiber optic,0,6,24,-0.1532081728707372,0.002046024171389363,Low,Sleeping Dog
8990-ZXLSU,9,69.05,Month-to-month,Fiber optic,0,0,1,-0.1435298108351631,0.10754352821553426,Low,Sleeping Dog
2275-RBYQS,1,45.4,Month-to-month,DSL,0,0,1,-0.1340528840520785,0.0024602615796683945,Low,Sleeping Dog
8473-VUVJN,1,73.65,Month-to-month,Fiber optic,1,0,1,-0.9278426556689646,0.005842671121394395,Low,Sleeping Dog
6289-CPNLD,33,73.9,One year,DSL,1,4,12,0.0003755058431912,0.727517655181317,High,Persuadable
5536-SLHPM,55,77.75,Month-to-month,Fiber optic,1,1,1,-0.1553228255401703,0.006595186631094395,Low,Sleeping Dog
4419-UJMUS,69,99.35,Two year,Fiber optic,0,3,24,-0.0679258736079587,0.6605909577424602,High,Lost Cause
7794-JASDG,1,50.75,Month-to-month,DSL,0,1,1,0.0003955187389117,0.009956312970415885,Low,Sure Thing
7609-YBPXG,54,87.1,Two year,DSL,0,5,24,-0.1465796520889501,0.15140311769908835,Low,Sleeping Dog
5519-TEEUH,33,20.15,One year,No,0,0,12,0.3107736621735916,0.015734769931259454,Low,Sure Thing
7856-GANIL,45,98.7,One year,Fiber optic,0,4,12,-0.1717909745366271,0.01105927227093186,Low,Sleeping Dog
0804-XBFBV,11,25.2,Month-to-month,DSL,0,0,1,0.2995482244176907,0.01054864955046079,Low,Sure Thing
2676-OXPPQ,6,55.7,Month-to-month,DSL,0,2,1,-0.0651695498152842,0.00472456685700338,Low,Sleeping Dog
3703-TTEPD,21,65.35,Month-to-month,DSL,0,3,1,-0.0389438163164828,0.432093453909117,Medium,Lost Cause
2799-TSLAG,65,25.3,Two year,No,0,0,24,0.3020515521325539,0.016120803482037805,Low,Sure Thing
0196-VULGZ,6,84.35,Month-to-month,Fiber optic,1,1,1,-0.1613362768957884,0.025689189582278532,Low,Sleeping Dog
8837-VVWLQ,8,84.95,Month-to-month,Fiber optic,1,2,1,-0.1613362768957884,0.890439402504963,High,Lost Cause
2696-NARTR,11,73.85,Month-to-month,Fiber optic,1,1,1,-0.1667465279908943,0.6840650573091104,High,Lost Cause
2208-NKVVH,43,24.25,Two year,No,0,0,24,0.3248477833408759,0.6640902210703009,High,Persuadable
7614-QVWQL,49,51.8,One year,DSL,1,3,12,-0.0358899569397253,0.4884067701942499,Medium,Lost Cause
1976-CFOCS,1,46.0,Month-to-month,DSL,1,0,1,-0.1340528840520785,0.04476138691545995,Low,Sleeping Dog
4631-OACRM,15,79.4,Month-to-month,Fiber optic,1,1,1,-0.1790572169820237,0.0039002569847584067,Low,Sleeping Dog
7139-JZFVG,60,60.5,Two year,DSL,0,3,24,-0.0297304680122547,0.11113852038407697,Low,Sleeping Dog
4987-GQWPO,17,25.1,Month-to-month,DSL,0,0,1,0.3080748297183739,0.02994604906328636,Low,Sure Thing
3755-JBMNH,16,71.8,Month-to-month,Fiber optic,1,0,1,-0.1508485400607992,0.5637399904285262,Medium,Lost Cause
1757-TCATG,35,20.05,One year,No,0,0,12,0.3107736621735916,0.038431864340973454,Low,Sure Thing
6345-ULYRW,44,88.4,One year,Fiber optic,1,2,12,-0.1724720328848779,0.18313561665893996,Low,Sleeping Dog
4776-XSKYQ,12,30.25,One year,DSL,0,1,12,-0.2503371997534603,0.18096428127247297,Low,Sleeping Dog
8048-DSDFQ,1,20.2,Month-to-month,No,0,0,1,0.278060819952042,0.040252357931205296,Low,Sure Thing
5753-QQWPW,28,59.9,One year,DSL,0,3,12,-0.0327667894988193,0.007999909560986373,Low,Sleeping Dog
6010-DDPPW,70,25.15,Two year,No,0,0,24,0.3200147580072676,0.029883159860148344,Low,Sure Thing
1809-DMJHQ,5,46.0,Month-to-month,DSL,1,0,1,-0.0847859362721762,0.24654527977328722,Low,Sleeping Dog
6693-FRIRW,18,101.3,Month-to-month,Fiber optic,0,4,1,-0.168444757830471,0.5405120686399081,Medium,Lost Cause
6586-MYGKD,70,76.95,Two year,DSL,0,4,24,-0.0797759988082112,0.29391805775999646,Low,Sleeping Dog
3173-NVMPX,9,55.3,Month-to-month,DSL,0,1,1,-0.0429225213336422,0.008455665146151576,Low,Sleeping Dog
0248-PGHBZ,67,92.45,Two year,Fiber optic,0,4,24,-0.1197830455526169,0.0038637831761515785,Low,Sleeping Dog
0623-GDISB,1,48.45,Month-to-month,DSL,0,1,1,-0.1340528840520785,0.12407248133072853,Low,Sleeping Dog
2892-GESUL,18,19.35,Two year,No,0,0,24,0.2940007085510896,0.04028532450168544,Low,Sure Thing
6923-EFPNL,4,51.75,Month-to-month,DSL,1,0,1,-0.0489910386404601,0.003112185266178895,Low,Sleeping Dog
7472-EQOAV,71,86.7,One year,Fiber optic,0,3,12,-0.0790855971979795,0.09450260270133752,Low,Sleeping Dog
9574-RKJIF,30,94.4,Month-to-month,Fiber optic,1,3,1,-0.174327303056771,0.7964431508535452,High,Lost Cause
2043-WVTQJ,1,55.7,Month-to-month,DSL,0,2,1,0.0377081018536816,0.021000809385558677,Low,Sure Thing
8034-RYTVV,55,84.25,One year,Fiber optic,0,2,12,-0.1543037125018716,0.004727610580421056,Low,Sleeping Dog
3863-QSTYI,59,64.65,Month-to-month,DSL,0,3,1,-0.0338416398347883,0.2979725943926957,Low,Sleeping Dog
2619-WFQWU,1,70.15,Month-to-month,Fiber optic,1,0,1,-0.3648778532505068,0.6717461362589825,High,Lost Cause
5044-LRQAQ,7,69.2,Month-to-month,Fiber optic,0,0,1,-0.1435298108351631,0.08746045340009485,Low,Sleeping Dog
1716-LSAMB,45,54.65,Two year,DSL,0,2,24,-0.0207796884077924,0.9462659158074507,High,Lost Cause
1333-PBMXB,54,24.75,One year,No,0,0,12,0.3014756659550562,0.07904407049410266,Low,Sure Thing
6546-OPBBH,51,23.95,One year,No,0,0,12,0.3014756659550562,0.43246268881600125,Medium,Persuadable
5985-BEHZK,72,105.0,One year,Fiber optic,0,4,12,-0.0524304509662627,0.012499207002787852,Low,Sleeping Dog
9127-QRZMH,44,59.85,One year,DSL,0,3,12,0.0121829286915625,0.661582683951293,High,Persuadable
5919-VCZYM,2,20.05,Month-to-month,No,0,0,1,0.2794055859435885,0.00254969154793356,Low,Sure Thing
9644-KVCNC,66,92.15,One year,Fiber optic,0,2,12,-0.1328892896999479,0.8842409762654384,High,Lost Cause
2137-DQMEV,68,44.8,One year,DSL,0,3,12,-0.0397665085803296,0.6676692866534338,High,Lost Cause
8174-LNWMW,31,20.9,Two year,No,0,0,24,0.3734155772901217,0.14951839233884143,Low,Sure Thing
9279-CJEOJ,21,95.4,Month-to-month,Fiber optic,0,2,1,-0.1570891812282926,0.044875988175698045,Low,Sleeping Dog
7964-VEXDG,21,80.35,Month-to-month,Fiber optic,0,1,1,-0.1715788964473599,0.2248740565035318,Low,Sleeping Dog
2404-JIBFC,55,85.1,Two year,DSL,0,5,24,-0.1543037125018716,0.35362407518196365,Medium,Lost Cause
0778-NELLA,9,34.7,Month-to-month,DSL,1,1,1,-0.1203680629181135,0.7506126750004313,High,Lost Cause
8029-XYPWT,71,115.05,Two year,Fiber optic,0,6,24,-0.2405737044192714,0.0472305331484568,Low,Sleeping Dog
4614-NUVZD,1,81.1,Month-to-month,Fiber optic,1,1,1,-0.332014788873508,0.09325494305562072,Low,Sleeping Dog
4632-PAOYU,22,19.95,One year,No,0,0,12,0.2905612171599642,0.2354318914102612,Low,Sure Thing
3803-KMQFW,1,20.55,Month-to-month,No,1,0,1,0.2921349411193263,0.0522431532742532,Low,Sure Thing
6804-GDMOI,61,106.6,Two year,Fiber optic,1,4,24,-0.026058809118001,0.384147240545738,Medium,Lost Cause
2990-OGYTD,67,86.15,Two year,DSL,0,5,24,-0.1349810883905759,0.039964363464034786,Low,Sleeping Dog
6646-JPPHA,14,78.85,Month-to-month,Fiber optic,0,2,1,-0.1835252186563282,0.13023973861325777,Low,Sleeping Dog
9572-MTILT,59,106.75,Month-to-month,Fiber optic,1,5,1,-0.166649467447231,0.304174363083161,Medium,Lost Cause
7658-UYUQS,21,86.55,Month-to-month,Fiber optic,0,2,1,-0.1516818285706446,0.477133541596038,Medium,Lost Cause
7880-XSOJX,4,42.4,Month-to-month,DSL,0,3,1,-0.1789434787530606,0.06854455623031071,Low,Sleeping Dog
9611-CTWIH,3,89.45,Month-to-month,Fiber optic,1,2,1,0.0239380469780943,0.876159773162991,High,Persuadable
4589-IUAJB,70,24.25,Two year,No,0,0,24,0.3200147580072676,0.11030569972527642,Low,Sure Thing
0329-GTIAJ,3,97.9,Month-to-month,Fiber optic,1,4,1,0.10509753480353,0.11045561516260995,Low,Sure Thing
8746-BFOAJ,21,20.5,One year,No,0,0,12,0.3046353383272485,0.012934010822068158,Low,Sure Thing
8457-XIGKN,20,19.6,Month-to-month,No,0,0,1,0.2905612171599642,0.22830581464128405,Low,Sure Thing
6072-NUQCB,22,20.25,One year,No,0,0,12,0.2905612171599642,0.010097967068673141,Low,Sure Thing
6629-CZTTH,1,55.7,Month-to-month,DSL,1,1,1,0.0377081018536816,0.10675458991284652,Low,Sure Thing
8838-GPHZP,63,20.6,Two year,No,0,0,24,0.3020515521325539,0.9205779757941511,High,Persuadable
8750-QWZAJ,70,19.8,Two year,No,0,0,24,0.3059406368399833,0.003972159444768745,Low,Sure Thing
5364-EVNIB,13,79.8,Month-to-month,Fiber optic,1,2,1,-0.1790572169820237,0.007121138841386148,Low,Sleeping Dog
6918-UMQCG,5,80.2,Month-to-month,Fiber optic,0,1,1,-0.1400916380007072,0.004870819348631555,Low,Sleeping Dog
0675-NCDYU,72,116.4,Two year,Fiber optic,0,6,24,-0.2389415814402401,0.09509903708946339,Low,Sleeping Dog
6339-DKLMK,13,31.65,Month-to-month,DSL,0,1,1,-0.1149981836147657,0.0507572379423587,Low,Sleeping Dog
1346-PJWTK,61,94.15,Month-to-month,Fiber optic,0,4,1,-0.1328892896999479,0.12581619984501516,Low,Sleeping Dog
5088-QZLRL,1,20.65,Month-to-month,No,0,0,1,0.2921349411193263,0.7769917166893899,High,Persuadable
8023-QHAIO,56,76.85,Month-to-month,Fiber optic,0,1,1,-0.1833070050267261,0.004977454007260458,Low,Sleeping Dog
4397-FRLTA,4,20.15,Month-to-month,No,0,0,1,0.2794055859435885,0.0013539451541719507,Low,Sure Thing
3057-VJJQE,35,55.25,Two year,DSL,0,1,24,-0.0207796884077924,0.756526728792585,High,Lost Cause
5087-SUURX,18,39.05,Month-to-month,DSL,1,2,1,-0.1149981836147657,0.007693650371475219,Low,Sleeping Dog
2302-OUZXB,72,82.15,Two year,DSL,0,4,24,-0.0753079971339067,0.08605842370927297,Low,Sleeping Dog
8133-ANHHJ,49,103.0,One year,Fiber optic,0,5,12,-0.396590218311767,0.38726035311293905,Medium,Lost Cause
2270-CHBFN,44,95.1,Month-to-month,Fiber optic,0,4,1,-0.0730211827184882,0.9003393848914202,High,Lost Cause
0013-EXCHZ,3,83.9,Month-to-month,Fiber optic,1,2,1,-0.0084994298408705,0.06280853916400164,Low,Sleeping Dog
5982-FPVQN,37,95.15,Month-to-month,Fiber optic,0,3,1,-0.1368767362146653,0.6371065970142109,High,Lost Cause
9107-UKCKY,61,79.8,One year,DSL,0,4,12,-0.1392562601674915,0.016402774268215573,Low,Sleeping Dog
4654-ULTTN,70,74.8,Two year,DSL,0,4,24,-0.0797759988082112,0.46952634699157586,Medium,Lost Cause
5550-VFRLC,1,69.85,Month-to-month,Fiber optic,1,0,1,-0.4028498447391783,0.7071687040984075,High,Lost Cause
5546-BYZSM,41,20.45,Month-to-month,No,0,0,1,0.3248477833408759,0.004836298105791146,Low,Sure Thing
1492-KGETH,70,78.35,One year,DSL,0,5,12,-0.0797759988082112,0.9585338209132548,High,Lost Cause
4929-BSTRX,1,53.55,Month-to-month,DSL,1,1,1,0.0599551303353236,0.6793333312491874,High,Persuadable
4163-HFTUK,51,19.1,One year,No,0,0,12,0.3040797047256611,0.5068826488818224,Medium,Persuadable
8215-NGSPE,42,20.0,Two year,No,0,0,24,0.3107736621735916,0.6505047141487955,High,Persuadable
2225-ZRGSG,70,93.9,Two year,Fiber optic,1,4,24,-0.068941026666363,0.6476159701841131,High,Lost Cause
8859-YSTWS,48,19.95,One year,No,0,0,12,0.2874015447877719,0.10858467896626793,Low,Sure Thing
5271-YNWVR,68,113.15,Two year,Fiber optic,1,6,24,-0.9916044073367948,0.01548080339142985,Low,Sleeping Dog
7601-DHFWZ,48,24.0,Two year,No,0,0,24,0.3014756659550562,0.6264618938048536,High,Persuadable
2657-ALMWY,26,84.95,Month-to-month,Fiber optic,1,2,1,-0.1841431621603205,0.1794962861913542,Low,Sleeping Dog
6330-JKLPC,11,80.5,Month-to-month,Fiber optic,1,1,1,-0.1844270962853715,0.031895827880550766,Low,Sleeping Dog
4667-OHGKG,1,19.3,Month-to-month,No,1,0,1,0.278060819952042,0.0015529494574351727,Low,Sure Thing
1998-VHJHK,27,19.15,One year,No,0,0,12,0.2825021039210989,0.931231628847976,High,Persuadable
1707-HABPF,46,91.3,One year,Fiber optic,0,3,12,-0.1724720328848779,0.038866976346989775,Low,Sleeping Dog
1660-HSOOQ,1,49.65,Month-to-month,DSL,1,1,1,0.0003955187389117,0.018708497274456424,Low,Sure Thing
7253-UVNDW,46,54.35,Two year,DSL,1,2,24,-0.0207796884077924,0.4460451863743163,Medium,Lost Cause
0487-VVUVK,25,19.15,Month-to-month,No,0,0,1,0.2825021039210989,0.5696501096950151,Medium,Persuadable
7228-OMTPN,4,88.45,Month-to-month,Fiber optic,1,2,1,-0.0582439899178585,0.05206559178642143,Low,Sleeping Dog
5063-IUOKK,13,19.75,Two year,No,0,0,24,0.2940007085510896,0.7691034915548126,High,Persuadable
4508-OEBEY,31,75.5,One year,DSL,0,5,12,-0.1072666591587911,0.12144667551062927,Low,Sleeping Dog
0027-KWYKW,23,83.75,Month-to-month,Fiber optic,0,1,1,-0.2328845622840619,0.04854852180241805,Low,Sleeping Dog
2308-STERM,2,19.4,Month-to-month,No,0,0,1,0.2794055859435885,0.411339004821117,Medium,Persuadable
5982-XMDEX,65,26.5,Two year,No,0,0,24,0.3979732135191146,0.7931750643497022,High,Persuadable
6284-AHOOQ,22,90.5,Month-to-month,Fiber optic,1,2,1,-0.1495900298800166,0.10894215689270377,Low,Sleeping Dog
6051-PTVNS,55,19.15,One year,No,0,0,12,0.3040797047256611,0.13118793093726996,Low,Sure Thing
2344-JMOGN,9,94.85,Month-to-month,Fiber optic,1,4,1,-0.1947171429797015,0.22775671478742474,Low,Sleeping Dog
3799-ISUZQ,7,69.95,Month-to-month,Fiber optic,1,0,1,-0.1435298108351631,0.7473806803622383,High,Lost Cause
2877-VDUER,35,40.9,One year,DSL,0,2,12,-0.0982252299922637,0.01592480049120344,Low,Sleeping Dog
9152-AMKAK,6,80.25,Two year,DSL,0,5,24,-0.1844270962853715,0.0023436895610469207,Low,Sleeping Dog
1794-HBQTJ,1,48.6,Month-to-month,DSL,1,1,1,-0.1340528840520785,0.9443550690917469,High,Lost Cause
9432-VOFYX,17,70.8,Month-to-month,Fiber optic,0,0,1,-0.1508485400607992,0.009329642222084834,Low,Sleeping Dog
8049-WJCLQ,10,60.2,Month-to-month,DSL,0,2,1,0.0190972952403437,0.010238715546893372,Low,Sure Thing
6586-PSJOX,15,55.2,One year,DSL,0,2,12,-0.0375526420302944,0.6097304226947967,High,Lost Cause
2460-FPSYH,40,55.8,Month-to-month,DSL,1,4,1,-0.0861211649079231,0.19649137264344485,Low,Sleeping Dog
9705-ZJBCG,13,54.15,One year,DSL,0,2,12,-0.0375526420302944,0.5810424749332994,Medium,Lost Cause
4818-DRBQT,29,80.15,Month-to-month,Fiber optic,1,1,1,-0.1963161696241143,0.36694804294158384,Medium,Lost Cause
1320-HTRDR,3,75.5,Month-to-month,Fiber optic,1,0,1,-0.0623776027790588,0.10686693924074094,Low,Sleeping Dog
6847-KJLTS,58,100.4,Month-to-month,Fiber optic,0,3,1,-0.1714568798264736,0.05846908456514715,Low,Sleeping Dog
9670-BPNXF,45,62.55,One year,DSL,0,3,12,0.0121829286915625,0.7976978254239331,High,Persuadable
3913-FCUUW,72,70.45,Two year,DSL,0,4,24,-0.1374476657539685,0.12549262068070965,Low,Sleeping Dog
3301-VKTGC,68,85.5,One year,Fiber optic,0,2,12,-0.0710328253569911,0.7694756847678238,High,Lost Cause
1493-AMTIE,1,20.2,Month-to-month,No,1,0,1,0.278060819952042,0.032166468498811315,Low,Sure Thing
9555-SAHUZ,38,54.5,Month-to-month,DSL,0,2,1,-0.0207796884077924,0.4027305596629067,Medium,Lost Cause
0816-TSPHQ,2,20.75,Month-to-month,No,0,0,1,0.2934797071108728,0.0023161914299521754,Low,Sure Thing
9932-WBWIK,11,20.35,Month-to-month,No,0,0,1,0.2995482244176907,0.004969953255831294,Low,Sure Thing
4619-EVPHY,20,91.0,One year,Fiber optic,0,2,12,-0.1495900298800166,0.26455090489912564,Low,Sleeping Dog
5286-YHCVC,72,104.8,Two year,Fiber optic,0,4,24,-0.0443776791252743,0.42837855105451955,Medium,Lost Cause
6424-ELEYH,3,74.75,Month-to-month,Fiber optic,1,0,1,-0.0623776027790588,0.930551942492361,High,Lost Cause
4391-RESHN,23,104.05,Month-to-month,Fiber optic,1,4,1,0.0258413185734193,0.008625842472297626,Low,Sure Thing
9115-YQHGA,40,51.1,Month-to-month,DSL,0,1,1,-0.0207796884077924,0.054154230330507404,Low,Sleeping Dog
4462-CYWMH,62,89.8,Month-to-month,Fiber optic,0,2,1,-0.1022200704794469,0.005971316213177835,Low,Sleeping Dog
8963-MQVYN,22,20.55,Month-to-month,No,0,0,1,0.3046353383272485,0.0019743875364031387,Low,Sure Thing
2458-EOMRE,11,64.05,Month-to-month,DSL,0,3,1,-0.0517920161544944,0.8800148623788671,High,Lost Cause
9334-GWGOW,7,74.85,Month-to-month,Fiber optic,0,0,1,-0.188895097959676,0.037739940525444236,Low,Sleeping Dog
6821-BUXUX,13,96.65,Month-to-month,Fiber optic,1,3,1,-0.1536496898371672,0.0020452628465046367,Low,Sleeping Dog
5028-HTLJB,1,20.05,Month-to-month,No,1,0,1,0.278060819952042,0.01611192922053428,Low,Sure Thing
9801-GDWGV,39,103.45,Month-to-month,Fiber optic,1,4,1,-0.2083957834607075,0.06001556118709289,Low,Sleeping Dog
6542-LWGXJ,3,25.0,Month-to-month,DSL,0,0,1,0.2934797071108728,0.10239307755836141,Low,Sure Thing
5567-GZKQY,58,20.3,Two year,No,0,0,24,0.2874015447877719,0.1779518383202772,Low,Sure Thing
1222-LRYKO,6,26.35,Month-to-month,No,0,0,1,0.3954698858042514,0.005660015275142133,Low,Sure Thing
2320-JRSDE,1,19.9,Month-to-month,No,1,0,1,0.278060819952042,0.010916544467950208,Low,Sure Thing
2087-QAREY,22,54.7,Month-to-month,DSL,0,2,1,-0.0409921334214198,0.31444528464800453,Medium,Lost Cause
0601-WZHJF,14,46.35,Month-to-month,DSL,1,2,1,-0.0733475396620104,0.043832590593057746,Low,Sleeping Dog
4423-JWZJN,64,90.25,One year,Fiber optic,0,2,12,-0.1328892896999479,0.6637639700339765,High,Lost Cause
5143-WMWOG,1,19.95,Month-to-month,No,1,0,1,0.278060819952042,0.41183599126878995,Medium,Persuadable
6490-FGZAT,6,20.65,Month-to-month,No,0,0,1,0.2995482244176907,0.05376187687482736,Low,Sure Thing
5393-RXQSZ,1,79.6,Month-to-month,Fiber optic,1,1,1,-0.332014788873508,0.004151994887662933,Low,Sleeping Dog
7452-FOLON,39,25.45,One year,No,0,0,12,0.3248477833408759,0.37761226295775846,Medium,Persuadable
2320-TZRRH,20,19.5,One year,No,0,0,12,0.2905612171599642,0.062066765035845704,Low,Sure Thing
0231-LXVAP,1,75.9,Month-to-month,Fiber optic,1,1,1,-0.3364827905478125,0.08611933420083677,Low,Sleeping Dog
9444-JTXHZ,1,76.2,Month-to-month,Fiber optic,1,1,1,-0.3364827905478125,0.002730526097399457,Low,Sleeping Dog
4942-VZZOM,64,66.15,One year,DSL,0,2,12,-0.0332657536572905,0.13503984739220018,Low,Sleeping Dog
5510-BOIUJ,1,19.25,Month-to-month,No,1,0,1,0.278060819952042,0.1007714736714943,Low,Sure Thing
7502-BNYGS,46,69.1,Month-to-month,DSL,0,3,1,-0.1104691659835242,0.948463001204021,High,Lost Cause
4291-HYEBC,28,39.1,One year,DSL,0,2,12,-0.1431749481826455,0.8461414052246005,High,Lost Cause
6147-CBCRA,33,20.05,Month-to-month,No,0,0,1,0.3107736621735916,0.3840693752862318,Medium,Persuadable
6047-SUHPR,39,59.8,One year,DSL,0,3,12,0.0121829286915625,0.3232301398273023,Medium,Persuadable
4471-KXAUH,42,84.3,Month-to-month,Fiber optic,1,2,1,-0.1391934439699387,0.31336266109880634,Medium,Lost Cause
9752-ZNQUT,1,48.6,Month-to-month,DSL,0,1,1,-0.1340528840520785,0.011206174553679072,Low,Sleeping Dog
7638-QVMVY,7,79.0,Month-to-month,Fiber optic,1,1,1,-0.188895097959676,0.9277959683890202,High,Lost Cause
1576-PFZIW,70,105.35,Two year,Fiber optic,0,5,24,-0.1289588798551348,0.004653839708478195,Low,Sleeping Dog
5666-MBJPT,65,25.1,Two year,No,0,0,24,0.3020515521325539,0.7128549776806485,High,Persuadable
7312-XSBAT,1,49.75,Month-to-month,DSL,0,1,1,0.0003955187389117,0.4205689464287044,Medium,Persuadable
3096-GKWEB,18,94.75,Month-to-month,Fiber optic,0,2,1,-0.1461505384888911,0.33853786829365856,Medium,Lost Cause
2371-JQHZZ,24,93.0,Month-to-month,Fiber optic,0,2,1,-0.174327303056771,0.10981470107400497,Low,Sleeping Dog
0674-GCDXG,63,71.9,Two year,DSL,0,4,24,-0.111047583246267,0.8367315006659045,High,Lost Cause
1121-QSIVB,44,77.55,One year,DSL,0,3,12,-0.155834453108037,0.03573865079548788,Low,Sleeping Dog
4396-KLSEH,4,19.85,Month-to-month,No,0,0,1,0.2794055859435885,0.39740033789230406,Medium,Persuadable
3244-DCJWY,1,70.25,Month-to-month,Fiber optic,1,0,1,-0.4961164124977361,0.13567602027308243,Low,Sleeping Dog
2824-MYYBN,37,95.25,Month-to-month,Fiber optic,0,2,1,-0.1368767362146653,0.016853596852424543,Low,Sleeping Dog
0875-CABNR,10,84.6,Month-to-month,Fiber optic,1,2,1,-0.1613362768957884,0.010309270138724761,Low,Sleeping Dog
6345-HOVES,34,25.05,Month-to-month,DSL,0,0,1,0.3248477833408759,0.5920662518085661,Medium,Persuadable
8318-LCNBW,35,53.15,One year,DSL,0,4,12,-0.0207796884077924,0.007150482918093826,Low,Sleeping Dog
6469-QJKZW,4,20.15,Month-to-month,No,0,0,1,0.2794055859435885,0.004098118014795809,Low,Sure Thing
0147-ESWWR,39,101.25,Month-to-month,Fiber optic,0,3,1,-0.1947662522264578,0.04950876606108115,Low,Sleeping Dog
1217-VASWC,43,100.55,One year,Fiber optic,0,4,12,-0.0102178902052046,0.3222721105811514,Medium,Lost Cause
7812-FZHPE,17,24.1,Month-to-month,No,1,0,1,0.3080748297183739,0.47590488994393665,Medium,Persuadable
6370-ZVHDV,61,25.3,Two year,No,0,0,24,0.3020515521325539,0.04358769848287549,Low,Sure Thing
5915-DGNVC,49,71.8,One year,DSL,0,4,12,-0.1382680430444409,0.054266166344498,Low,Sleeping Dog
6260-XLACS,4,19.7,One year,No,0,0,12,0.2794055859435885,0.10075707842958277,Low,Sure Thing
3566-CAAYU,64,49.85,Two year,DSL,0,4,24,-0.047369024600143,0.037278244686026626,Low,Sleeping Dog
4983-CCWMC,3,69.6,Month-to-month,Fiber optic,0,0,1,-0.0896779329829589,0.4842615088354607,Medium,Lost Cause
9103-CXVOK,1,19.75,Month-to-month,No,0,0,1,0.278060819952042,0.004425823770876487,Low,Sure Thing
2896-TBNBE,40,80.8,One year,Fiber optic,0,2,12,-0.1513664514337325,0.012126612423691457,Low,Sleeping Dog
4797-AXPXK,1,60.0,Month-to-month,DSL,1,3,1,0.1219749469093096,0.010436435279711019,Low,Sure Thing
5229-PRWKT,8,86.55,Month-to-month,Fiber optic,1,1,1,-0.1968089416703295,0.6784290170276229,High,Lost Cause
6982-UQZLY,1,20.85,Month-to-month,No,1,0,1,0.2921349411193263,0.2859239876316857,Low,Sure Thing
2522-WLNSF,34,64.2,One year,DSL,0,3,12,-0.0618258193213441,0.9507664930644643,High,Lost Cause
3841-CONLJ,1,35.0,Month-to-month,DSL,0,1,1,-0.3322638787828313,0.2724695537537839,Low,Sleeping Dog
5057-LCOUI,39,50.75,Month-to-month,DSL,1,3,1,-0.0328346422457079,0.05665734709194772,Low,Sleeping Dog
0193-ESZXP,58,105.5,One year,Fiber optic,1,5,12,-0.1479086853437892,0.0057388163485668905,Low,Sleeping Dog
4475-NVTLU,45,19.2,Two year,No,0,0,24,0.3274518221114808,0.18801194173787175,Low,Sure Thing
4369-HTUIF,6,85.15,Month-to-month,Fiber optic,1,2,1,-0.1613362768957884,0.17184986166043267,Low,Sleeping Dog
9386-LDCZR,43,90.65,One year,Fiber optic,0,4,12,-0.1293775848663892,0.01954235500506911,Low,Sleeping Dog
9585-KKMFD,41,20.0,Two year,No,0,0,24,0.3107736621735916,0.24053215541774678,Low,Sure Thing
5399-ZIMKF,5,74.65,Month-to-month,Fiber optic,0,1,1,0.1584903319969375,0.03376953620040626,Low,Sure Thing
0336-KXKFK,72,61.2,Two year,DSL,0,5,24,0.0016119918013591,0.35502205014375,Medium,Persuadable
5619-XZZKR,4,19.95,One year,No,0,0,12,0.2794055859435885,0.3603428268263456,Medium,Persuadable
3948-FVVRP,9,54.8,Month-to-month,DSL,0,2,1,-0.0429225213336422,0.05689218106647204,Low,Sleeping Dog
5327-XOKKY,72,73.45,Two year,DSL,0,3,24,-0.0656802006804181,0.14862729803355332,Low,Sleeping Dog
0983-TATYJ,33,51.45,One year,DSL,0,1,12,-0.0207796884077924,0.23912906369347822,Low,Sleeping Dog
1813-JYWTO,72,80.45,Two year,Fiber optic,0,1,24,-0.0753079971339067,0.3185124608731002,Medium,Lost Cause
0156-FVPTA,22,54.2,Month-to-month,DSL,1,2,1,-0.0409921334214198,0.7400024602995338,High,Lost Cause
1984-FCOWB,70,109.5,One year,Fiber optic,1,5,12,0.1592009561901492,0.8173824605752088,High,Persuadable
0654-HMSHN,21,104.4,Month-to-month,Fiber optic,1,4,1,-0.141548927685547,0.10352347943296088,Low,Sleeping Dog
6719-OXYBR,15,85.3,Month-to-month,Fiber optic,0,2,1,-0.1482423371795192,0.14149910375121147,Low,Sleeping Dog
3312-ZWLGF,29,79.3,Month-to-month,Fiber optic,0,1,1,-0.2007841712984188,0.6449583675834507,High,Lost Cause
6476-YHMGA,15,76.5,Month-to-month,DSL,0,5,1,-0.1835252186563282,0.07038874412800732,Low,Sleeping Dog
5287-QWLKY,71,105.1,Month-to-month,Fiber optic,1,4,1,-0.1289588798551348,0.18846953360899213,Low,Sleeping Dog
0795-XCCTE,72,25.4,Two year,No,0,0,24,0.3006528447605652,0.36518327796148836,Medium,Persuadable
0168-XZKBB,19,86.85,Month-to-month,Fiber optic,0,1,1,-0.1482423371795192,0.15260097956125415,Low,Sleeping Dog
3785-NRHYR,1,19.65,Month-to-month,No,0,0,1,0.278060819952042,0.23423514028808926,Low,Sure Thing
5196-SGOAK,1,75.7,Month-to-month,Fiber optic,1,1,1,-0.3364827905478125,0.0071535106830732595,Low,Sleeping Dog
4537-DKTAL,2,45.55,Month-to-month,DSL,0,0,1,-0.0847859362721762,0.007588338981796487,Low,Sleeping Dog
7072-MBHEV,11,78.1,Month-to-month,Fiber optic,0,1,1,-0.188895097959676,0.009159312322741487,Low,Sleeping Dog
5602-BVFMK,12,19.3,One year,No,0,0,12,0.2971134563466525,0.7715549232544601,High,Persuadable
6297-NOOPG,70,110.5,Two year,Fiber optic,0,5,24,0.1527709701109826,0.01169646199650184,Low,Sure Thing
1891-UAWWU,20,90.8,Month-to-month,Fiber optic,1,2,1,-0.1495900298800166,0.07477087293964826,Low,Sleeping Dog
8204-TIFGJ,23,20.3,Month-to-month,No,0,0,1,0.2905612171599642,0.518086208131452,Medium,Persuadable
8050-DVOJX,49,81.35,Two year,DSL,0,5,24,-0.1944608994522212,0.2062965369361579,Low,Sleeping Dog
6108-OQZDQ,4,97.95,Month-to-month,Fiber optic,1,3,1,0.0229154979075771,0.11720972927301036,Low,Sure Thing
0363-QJVFX,32,108.15,Month-to-month,Fiber optic,1,5,1,0.1515449757157191,0.07516850926097264,Low,Sure Thing
8903-XEBGX,2,55.3,Month-to-month,DSL,0,1,1,-0.0489910386404601,0.6323609019382822,High,Lost Cause
8169-SAEJD,69,56.55,Two year,DSL,0,4,24,0.0394297604606195,0.017082594427184756,Low,Sure Thing
9840-DVNDC,6,80.5,Month-to-month,Fiber optic,1,1,1,-0.1844270962853715,0.028137520428699336,Low,Sleeping Dog
1089-XZWHH,24,19.7,Two year,No,0,0,24,0.2658239439832097,0.31222365897927257,Medium,Persuadable
2325-WINES,32,104.05,One year,Fiber optic,0,4,12,0.0460537635870467,0.23553003442474,Low,Sure Thing
6064-ZATLR,27,52.85,Two year,DSL,0,2,24,-0.0657294065981742,0.009626670094582762,Low,Sleeping Dog
3096-JRDSO,27,104.3,Month-to-month,Fiber optic,1,4,1,-0.1662862008623015,0.7764328384004496,High,Lost Cause
7824-PANSQ,58,80.65,Month-to-month,Fiber optic,0,1,1,-0.1508548238658658,0.00544961226810738,Low,Sleeping Dog
8042-JVNFH,1,71.35,Month-to-month,Fiber optic,1,0,1,-0.5765863015622662,0.42522587109208243,Medium,Lost Cause
9648-BCHKM,18,24.65,Two year,No,0,0,24,0.3080748297183739,0.4606544640907492,Medium,Persuadable
2888-ADFAO,47,21.3,Two year,No,0,0,24,0.3248477833408759,0.027561748179757584,Low,Sure Thing
8707-HOEDG,70,110.2,Two year,Fiber optic,0,5,24,0.1527709701109826,0.04696835581307701,Low,Sure Thing
3374-LXDEV,13,89.4,Month-to-month,Fiber optic,1,3,1,-0.1461505384888911,0.05153942870919326,Low,Sleeping Dog
4072-IPYLT,36,51.05,Month-to-month,DSL,0,1,1,-0.0207796884077924,0.38530412899644667,Medium,Lost Cause
7167-PCEYD,67,19.8,Two year,No,0,0,24,0.2879774309652697,0.31353778668143883,Medium,Persuadable
4936-YPJNK,10,19.9,Month-to-month,No,0,0,1,0.2854741032504064,0.3214877950363925,Medium,Persuadable
1580-BMCMR,19,87.3,Month-to-month,Fiber optic,0,2,1,-0.1482423371795192,0.030991623769772908,Low,Sleeping Dog
4817-KEQSP,71,19.85,Two year,No,0,0,24,0.3059406368399833,0.8128235614875821,High,Persuadable
6408-WHTEF,72,89.4,Two year,DSL,0,6,24,-0.068941026666363,0.5637653240448021,Medium,Lost Cause
9251-AWQGT,48,20.0,Two year,No,0,0,24,0.2874015447877719,0.09085971468263239,Low,Sure Thing
8749-CLJXC,1,20.05,Month-to-month,No,0,0,1,0.278060819952042,0.006038910978142276,Low,Sure Thing
7989-VCQOH,18,83.25,Month-to-month,DSL,0,5,1,-0.1050212565196301,0.0372856869904276,Low,Sleeping Dog
5049-GLYVG,1,20.6,Month-to-month,No,1,0,1,0.2921349411193263,0.017471620529736196,Low,Sure Thing
4199-QHJNM,67,102.9,Two year,Fiber optic,0,4,24,-0.3439012309795059,0.0073101967827049925,Low,Sleeping Dog
8882-TLVRW,69,39.1,Two year,DSL,0,3,24,-0.0814171525330848,0.0057561212203731706,Low,Sleeping Dog
5883-GTGVD,19,99.95,Month-to-month,Fiber optic,1,3,1,-0.1451353854304868,0.08813854350506305,Low,Sleeping Dog
5135-GRQJV,72,114.5,Two year,Fiber optic,0,6,24,-0.274046678836155,0.06663608754269294,Low,Sleeping Dog
2384-OVPSA,38,20.2,Two year,No,0,0,24,0.2676792141551029,0.4092663331565392,Medium,Persuadable
1371-WEPDS,40,55.8,One year,DSL,0,1,12,-0.0861211649079231,0.16244295078096696,Low,Sleeping Dog
3580-GICBM,61,24.2,Two year,No,0,0,24,0.3020515521325539,0.656693558276646,High,Persuadable
4817-QRJSX,10,81.0,Month-to-month,Fiber optic,1,1,1,-0.1844270962853715,0.24094293335469122,Low,Sleeping Dog
9730-DRTMJ,32,72.8,One year,DSL,0,3,12,-0.1913903675042347,0.6810594922144672,High,Lost Cause
4686-UXDML,21,99.85,Month-to-month,Fiber optic,0,3,1,-0.1485748768216122,0.004398882617006457,Low,Sleeping Dog
3349-ANQNH,59,99.5,One year,Fiber optic,0,3,12,-0.1499361104765333,0.642912505279239,High,Lost Cause
2398-YPMUR,13,70.15,Month-to-month,Fiber optic,1,0,1,0.1234041548899987,0.013402574214044649,Low,Sure Thing
0932-YIXYU,47,20.25,Two year,No,0,0,24,0.3107736621735916,0.12509810109221411,Low,Sure Thing
7480-SPLEF,69,26.0,Two year,No,0,0,24,0.3200147580072676,0.006517933476723764,Low,Sure Thing
7636-XUHWW,2,19.9,Month-to-month,No,0,0,1,0.2794055859435885,0.020305823960354668,Low,Sure Thing
1431-CYWMH,22,19.05,Month-to-month,No,0,0,1,0.3072393770978534,0.4511809237665563,Medium,Persuadable
5937-EORGB,15,96.5,Month-to-month,Fiber optic,0,3,1,-0.1536496898371672,0.7792570074873578,High,Lost Cause
6349-JDHQP,53,19.85,Two year,No,0,0,24,0.2874015447877719,0.004735158062830623,Low,Sure Thing
5539-HIVAK,28,25.7,Month-to-month,No,0,0,1,0.279898065150494,0.013510794508908694,Low,Sure Thing
5847-MXBEO,22,20.3,One year,No,0,0,12,0.2905612171599642,0.6940973096054496,High,Persuadable
9985-MWVIX,1,70.15,Month-to-month,Fiber optic,1,0,1,-0.3648778532505068,0.099520582961371,Low,Sleeping Dog
4583-PARNH,16,91.55,Month-to-month,Fiber optic,0,3,1,-0.1461505384888911,0.7070640510208447,High,Lost Cause
1116-FRYVH,48,39.4,Two year,DSL,0,3,24,-0.1133354985241966,0.4455311408494264,Medium,Lost Cause
1421-HCERK,30,105.7,Month-to-month,Fiber optic,0,5,1,-0.2913876242929505,0.016338240559178673,Low,Sleeping Dog
9633-XQABV,3,70.25,Month-to-month,Fiber optic,0,0,1,-0.214482443832603,0.012448890229462604,Low,Sleeping Dog
0716-BQNDX,57,93.75,Two year,Fiber optic,0,3,24,-0.1724720328848779,0.4241069823991488,Medium,Lost Cause
1265-XTECC,68,96.55,One year,Fiber optic,1,3,12,-0.0844929498556276,0.6298211028574543,High,Lost Cause
1183-CANVH,23,60.0,One year,DSL,0,2,12,-0.0080295163220648,0.9016739626917701,High,Lost Cause
1972-XMUWV,65,59.8,Two year,DSL,0,2,24,-0.0297304680122547,0.1449561767579505,Low,Sleeping Dog
8679-LZBMD,44,90.65,One year,Fiber optic,0,2,12,-0.1293775848663892,0.18144519878975518,Low,Sleeping Dog
3407-JMJQQ,71,109.0,Two year,Fiber optic,0,5,24,0.1592009561901492,0.006064283536961441,Low,Sure Thing
6252-DFGTK,37,68.1,One year,DSL,0,3,12,-0.1104691659835242,0.7344706530273889,High,Lost Cause
1539-LNKHM,12,20.4,Month-to-month,No,0,0,1,0.3111875775139368,0.6387311132753181,High,Persuadable
8645-KOMJQ,69,81.95,Two year,DSL,0,5,24,-0.0753079971339067,0.6145011955891181,High,Lost Cause
0289-IVARM,35,60.55,Month-to-month,DSL,0,3,1,0.0121829286915625,0.01923350350287397,Low,Sure Thing
9761-XUJWD,5,65.6,Month-to-month,DSL,0,3,1,-0.0578605334613123,0.3252378468746025,Medium,Lost Cause
4057-FKCZK,58,82.5,Two year,Fiber optic,0,1,24,-0.1508548238658658,0.08838324798680065,Low,Sleeping Dog
4291-TPNFG,72,82.3,Two year,DSL,0,5,24,-0.0753079971339067,0.09584546228027813,Low,Sleeping Dog
6087-YPWHO,72,68.15,Two year,DSL,0,4,24,-0.0344107116836984,0.01594926322772276,Low,Sleeping Dog
3090-QFUVD,1,20.3,Month-to-month,No,0,0,1,0.278060819952042,0.5479299563446282,Medium,Persuadable
2237-ZFSMY,39,95.55,One year,Fiber optic,1,4,12,-0.1368767362146653,0.004757736517731413,Low,Sleeping Dog
1722-LDZJS,53,20.2,One year,No,0,0,12,0.2874015447877719,0.6457620003757859,High,Persuadable
1818-ESQMW,27,89.2,Month-to-month,Fiber optic,0,3,1,-0.174327303056771,0.20905590429481155,Low,Sleeping Dog
4871-JTKJF,1,69.65,Month-to-month,Fiber optic,1,0,1,-0.4028498447391783,0.032722737353836934,Low,Sleeping Dog
1415-YFWLT,1,89.3,Month-to-month,Fiber optic,1,2,1,-0.2228773026061093,0.013679022891018517,Low,Sleeping Dog
7401-RUBNK,18,74.8,Month-to-month,Fiber optic,0,1,1,-0.1726074067305389,0.006830375515127521,Low,Sleeping Dog
0506-YLVKJ,46,20.2,Two year,No,0,0,24,0.3107736621735916,0.05890790620331537,Low,Sure Thing
8661-BOYNW,72,84.4,Two year,DSL,0,5,24,-0.0787568857699125,0.4903425144073119,Medium,Lost Cause
6711-VTNRE,36,87.55,Month-to-month,Fiber optic,1,3,1,-0.1314693835570173,0.07661193755912225,Low,Sleeping Dog
4815-GBTCD,4,25.15,Month-to-month,DSL,0,0,1,0.2934797071108728,0.005065218725042355,Low,Sure Thing
2805-AUFQN,25,19.8,Two year,No,0,0,24,0.2658239439832097,0.0037475803765393625,Low,Sure Thing
0980-PVMRC,40,50.85,Month-to-month,DSL,0,3,1,-0.0207796884077924,0.024725843260307512,Low,Sleeping Dog
7233-DRTRF,63,102.4,Month-to-month,Fiber optic,0,4,1,-0.1551835090415277,0.007636615496346867,Low,Sleeping Dog
3500-RMZLT,15,96.3,Month-to-month,Fiber optic,1,4,1,-0.1536496898371672,0.04082818511165067,Low,Sleeping Dog
3873-NFTGI,14,55.5,Month-to-month,DSL,0,1,1,-0.0375526420302944,0.8500124417368932,High,Lost Cause
1162-ECVII,72,109.75,Two year,Fiber optic,0,5,24,0.1447181982699941,0.41978688288716354,Medium,Persuadable
7048-GXDAY,39,106.4,Month-to-month,Fiber optic,0,4,1,-0.1380979043388044,0.7432009523409485,High,Lost Cause
8571-ZCMCX,47,60.0,Two year,DSL,0,5,24,0.0121829286915625,0.8431210204634793,High,Persuadable
1169-WCVAK,19,88.8,Month-to-month,Fiber optic,0,3,1,-0.1461505384888911,0.7115007764479476,High,Lost Cause
4548-SDBKE,5,85.2,Month-to-month,Fiber optic,1,1,1,-0.0906814667368234,0.09874863702660508,Low,Sleeping Dog
8066-POXGX,13,35.1,Month-to-month,DSL,1,1,1,-0.1149981836147657,0.009888990816999408,Low,Sleeping Dog
7129-CAKJW,17,80.05,Month-to-month,Fiber optic,0,1,1,-0.1790572169820237,0.0047012246288464605,Low,Sleeping Dog
8695-ARGXZ,34,75.55,Month-to-month,Fiber optic,0,0,1,-0.1989289011265257,0.26444452354635256,Low,Sleeping Dog
3570-YUEKJ,42,49.55,Month-to-month,DSL,0,1,1,-0.0328346422457079,0.07441789046081458,Low,Sleeping Dog
4143-OOBWZ,5,81.3,Month-to-month,Fiber optic,1,1,1,-0.1400916380007072,0.05316747076499829,Low,Sleeping Dog
1555-HAPSU,71,23.9,Two year,No,0,0,24,0.3200147580072676,0.18983871223469476,Low,Sure Thing
1697-NVVGY,19,66.4,Month-to-month,DSL,0,3,1,-0.0355043249253574,0.44759694141295675,Medium,Lost Cause
7854-EKTJL,2,19.6,Month-to-month,No,1,0,1,0.2794055859435885,0.08635796522218937,Low,Sure Thing
8464-EETCQ,57,18.8,Two year,No,0,0,24,0.3040797047256611,0.17706271429419537,Low,Sure Thing
2419-FSORS,72,108.4,Two year,Fiber optic,0,5,24,0.1592009561901492,0.30361342994399737,Medium,Persuadable
8132-YPVBX,6,85.95,Month-to-month,Fiber optic,0,2,1,-0.1968089416703295,0.7727702646305735,High,Lost Cause
9102-IAYHT,17,85.45,Month-to-month,Fiber optic,1,1,1,-0.1482423371795192,0.6134003487799835,High,Lost Cause
6754-LZUKA,61,80.9,Two year,DSL,0,4,24,-0.1392562601674915,0.07944264567311142,Low,Sleeping Dog
3422-LYEPQ,1,71.0,Month-to-month,Fiber optic,1,0,1,-0.5765863015622662,0.7141655797587347,High,Lost Cause
8099-MZPUJ,48,111.8,Two year,Fiber optic,0,6,24,-0.0491794222553867,0.03574566142311061,Low,Sleeping Dog
0787-LHDYT,16,20.6,Month-to-month,No,0,0,1,0.3080748297183739,0.3088919593244177,Medium,Persuadable
2642-DTVCO,9,85.05,Month-to-month,Fiber optic,1,1,1,-0.1613362768957884,0.0029997091044123027,Low,Sleeping Dog
0374-IOEGQ,3,44.6,Month-to-month,DSL,0,0,1,-0.0847859362721762,0.04823575544876347,Low,Sleeping Dog
4361-JEIVL,1,44.4,Month-to-month,DSL,1,0,1,-0.1340528840520785,0.06660897846330575,Low,Sleeping Dog
3197-NNYNB,65,105.1,Two year,Fiber optic,0,4,24,-0.1083259421588591,0.5212184261048379,Medium,Lost Cause
3396-DKDEL,70,115.15,Two year,Fiber optic,0,6,24,-0.2389415814402401,0.0024118762862997464,Low,Sleeping Dog
1752-OZXFY,60,59.8,One year,DSL,0,2,12,-0.0297304680122547,0.005761617343148118,Low,Sleeping Dog
9066-QRSDU,69,26.3,One year,No,0,0,12,0.4159364193938282,0.45885385083156627,Medium,Persuadable
9112-WSNPU,35,70.55,Month-to-month,Fiber optic,0,0,1,-0.1662522225309967,0.8278094079605527,High,Lost Cause
9867-NNXLC,22,20.05,Month-to-month,No,0,0,1,0.2905612171599642,0.17922412499390553,Low,Sure Thing
5321-NTRKC,66,79.85,Two year,DSL,0,4,24,-0.1392562601674915,0.026903885384705506,Low,Sleeping Dog
1363-TXLSL,1,70.3,Month-to-month,Fiber optic,1,0,1,-0.5835279799972217,0.8925777680843079,High,Lost Cause
9507-EXLTT,1,79.35,Month-to-month,Fiber optic,1,1,1,-0.3364827905478125,0.0030975891553460615,Low,Sleeping Dog
3161-GETRM,34,90.05,Month-to-month,Fiber optic,0,2,1,-0.1293775848663892,0.09685178043991549,Low,Sleeping Dog
0402-OAMEN,72,24.45,Two year,No,0,0,24,0.3087056166015536,0.38958851197427835,Medium,Persuadable
6933-VLYFX,31,59.95,One year,DSL,0,5,12,0.0607507226408084,0.585148104772454,Medium,Persuadable
6754-WKSHP,30,25.35,One year,No,0,0,12,0.279898065150494,0.03423234761289793,Low,Sure Thing
9846-GKXAS,9,90.8,Month-to-month,Fiber optic,1,2,1,-0.1947171429797015,0.532874449835033,Medium,Lost Cause
6017-PPLPX,20,70.45,Month-to-month,Fiber optic,1,0,1,-0.2337185650674215,0.9171973544545637,High,Lost Cause
4976-LNFVV,19,34.3,Month-to-month,DSL,0,2,1,-0.1149981836147657,0.39745206498741964,Medium,Lost Cause
5055-MGMGF,65,105.05,Month-to-month,Fiber optic,0,4,1,-0.1083259421588591,0.13899337556730465,Low,Sleeping Dog
4641-FROLU,30,19.3,Two year,No,0,0,24,0.2658239439832097,0.496151636498304,Medium,Persuadable
2862-JVEOY,6,19.15,One year,No,0,0,12,0.3021522631882957,0.03687901432466024,Low,Sure Thing
2969-QWUBZ,2,51.4,Month-to-month,DSL,0,3,1,-0.0489910386404601,0.5792289486915214,Medium,Lost Cause
9822-BIIGN,53,71.85,Month-to-month,DSL,0,3,1,-0.1226461469446413,0.8116677446069058,High,Lost Cause
2077-MPJQO,7,75.4,Month-to-month,Fiber optic,0,0,1,-0.188895097959676,0.6845472421036801,High,Lost Cause
1534-OULXE,61,49.7,One year,DSL,0,1,12,-0.047369024600143,0.03125623963141972,Low,Sleeping Dog
7136-RVDTZ,70,45.25,One year,DSL,1,2,12,-0.0478192804213181,0.0710974936746299,Low,Sleeping Dog
2971-SGAFL,13,78.75,Month-to-month,DSL,0,4,1,-0.1835252186563282,0.012741439361308927,Low,Sleeping Dog
1480-IVEVR,35,81.6,One year,Fiber optic,0,1,12,-0.1944608994522212,0.06105491534903217,Low,Sleeping Dog
2905-KFQUV,2,70.4,Month-to-month,Fiber optic,0,0,1,-0.1093082199468983,0.5577603369892441,Medium,Lost Cause
4581-SSPWD,3,75.8,Month-to-month,Fiber optic,1,0,1,-0.0623776027790588,0.0016363210462814358,Low,Sleeping Dog
3370-HXOPH,3,76.1,Month-to-month,Fiber optic,0,0,1,-0.0623776027790588,0.17102415629287823,Low,Sleeping Dog
9391-YZEJW,62,94.0,One year,Fiber optic,0,2,12,-0.1328892896999479,0.010289496590175784,Low,Sleeping Dog
9958-MEKUC,72,103.95,Two year,Fiber optic,0,5,24,-0.1479592252606814,0.5973253744861559,Medium,Lost Cause
0281-CNTZX,63,19.95,Two year,No,0,0,24,0.2879774309652697,0.050609665920892714,Low,Sure Thing
6927-WTFIV,20,71.3,Month-to-month,Fiber optic,1,0,1,-0.1433702195261354,0.005745516179165518,Low,Sleeping Dog
4118-CEVPF,35,110.8,One year,Fiber optic,0,6,12,0.1088882589335908,0.7489900110122952,High,Persuadable
3398-ZOUAA,21,69.1,Month-to-month,Fiber optic,1,0,1,-0.1306816109971515,0.0014734126407416552,Low,Sleeping Dog
9114-VEPUF,62,96.1,One year,Fiber optic,0,3,12,-0.1403884410482239,0.848788389579736,High,Lost Cause
7876-BEUTG,15,48.8,Month-to-month,DSL,0,0,1,-0.0733475396620104,0.6418889324494205,High,Lost Cause
2338-BQEZT,55,50.55,Month-to-month,DSL,0,1,1,-0.0479449107776408,0.6733827839573729,High,Lost Cause
9873-MNDKV,11,44.65,Month-to-month,DSL,0,0,1,-0.0787174189653582,0.0011688138111443439,Low,Sleeping Dog
0378-NHQXU,17,88.25,Month-to-month,Fiber optic,1,2,1,-0.1482423371795192,0.5040208828656011,Medium,Lost Cause
8241-JUIQO,61,19.45,One year,No,0,0,12,0.2879774309652697,0.25477813559309737,Low,Sure Thing
2194-IIQOF,71,89.3,Two year,DSL,0,6,24,-0.068941026666363,0.4932636639377279,Medium,Lost Cause
4512-ZUIYL,2,70.0,Month-to-month,Fiber optic,1,0,1,-0.1087711613896808,0.13057901880660006,Low,Sleeping Dog
9631-RXVJM,35,19.25,Two year,No,0,0,24,0.3107736621735916,0.006693074839974235,Low,Sure Thing
9584-EXCDZ,17,70.5,Month-to-month,Fiber optic,0,0,1,-0.1508485400607992,0.6054957549531904,High,Lost Cause
7969-AULMZ,21,97.35,Month-to-month,Fiber optic,1,2,1,-0.1570891812282926,0.12026856618001182,Low,Sleeping Dog
5093-FEGLU,47,19.65,Two year,No,0,0,24,0.3107736621735916,0.5852357998357521,Medium,Persuadable
2621-UDNLU,3,20.85,Month-to-month,No,0,0,1,0.2934797071108728,0.0009811009285885057,Low,Sure Thing
7526-IVLYU,3,19.65,Month-to-month,No,0,0,1,0.2794055859435885,0.12600244420785908,Low,Sure Thing
2428-HYUNX,44,19.35,Two year,No,0,0,24,0.2676792141551029,0.05073946904032695,Low,Sure Thing
9214-EKVXR,1,44.0,Month-to-month,DSL,0,0,1,-0.0952479271784788,0.002047625832060563,Low,Sleeping Dog
3410-MHHUM,44,94.4,One year,Fiber optic,0,3,12,-0.1293775848663892,0.5265569417773989,Medium,Lost Cause
0568-ONFPC,5,25.9,Month-to-month,No,1,0,1,0.2934797071108728,0.007990883619833404,Low,Sure Thing
0733-VUNUW,24,55.65,Month-to-month,DSL,1,1,1,-0.0879764350798162,0.46751521010626873,Medium,Lost Cause
4550-EVXNY,1,69.65,Month-to-month,Fiber optic,1,0,1,-0.4028498447391783,0.09977757500437141,Low,Sleeping Dog
2122-YWVYA,18,75.4,Month-to-month,Fiber optic,0,1,1,-0.1726074067305389,0.633962248543784,High,Lost Cause
2968-SSGAA,10,100.6,Month-to-month,Fiber optic,1,3,1,-0.0162035084145729,0.5200836538958121,Medium,Lost Cause
2296-DKZFP,65,71.0,Two year,DSL,0,4,24,-0.111047583246267,0.007579901786987822,Low,Sleeping Dog
4844-JJWUY,1,86.0,Month-to-month,Fiber optic,1,2,1,-0.168097513254862,0.04780653607887752,Low,Sleeping Dog
6777-TGHTM,53,106.95,One year,Fiber optic,1,4,12,-0.166649467447231,0.9243942248745776,High,Lost Cause
8909-BOLNL,3,21.2,One year,No,0,0,12,0.2934797071108728,0.3193675674700662,Medium,Persuadable
6603-YRDCJ,33,61.05,Two year,DSL,0,3,24,0.0121829286915625,0.006954663423301824,Low,Sure Thing
3538-WZPHD,3,29.6,Month-to-month,DSL,1,1,1,-0.0787397861147376,0.008053967690875323,Low,Sleeping Dog
3229-USWAR,34,79.95,One year,DSL,0,5,12,-0.1513664514337325,0.09975378538631263,Low,Sleeping Dog
2138-VFAPZ,14,19.7,Two year,No,0,0,24,0.2940007085510896,0.005014490961346751,Low,Sure Thing
6131-JLWZM,13,20.3,Month-to-month,No,0,0,1,0.2940007085510896,0.5377108343059631,Medium,Persuadable
4785-QRJHC,46,59.9,One year,DSL,1,5,12,-0.0309115193269262,0.007949382999265207,Low,Sleeping Dog
0269-XFESX,23,24.35,One year,No,0,0,12,0.3046353383272485,0.29412097215014094,Low,Sure Thing
1709-EJDOX,47,19.75,Two year,No,0,0,24,0.3107736621735916,0.05103703283706982,Low,Sure Thing
4316-XCSLJ,17,50.3,Month-to-month,DSL,0,1,1,-0.0496075958682099,0.5046617451561491,Medium,Lost Cause
8610-WFCJF,49,95.6,Month-to-month,Fiber optic,1,2,1,-0.1519870047465982,0.9477661906920086,High,Lost Cause
9693-XMUOB,59,50.25,Month-to-month,DSL,0,3,1,-0.0544083209142564,0.0668448386156693,Low,Sleeping Dog
0383-CLDDA,69,85.35,Two year,DSL,0,5,24,-0.0710328253569911,0.07320247750102754,Low,Sleeping Dog
4905-JEFDW,11,41.6,One year,DSL,1,2,12,-0.1728749614462426,0.42183167277769124,Medium,Lost Cause
2709-UQGNP,10,51.65,Month-to-month,DSL,0,1,1,-0.0429225213336422,0.44285115952999227,Medium,Lost Cause
3549-ZTMNH,12,24.0,Two year,No,0,0,24,0.3111875775139368,0.6354315289507958,High,Persuadable
7881-INRLC,45,100.85,Month-to-month,Fiber optic,1,3,1,-0.151671804207969,0.1469482212323453,Low,Sleeping Dog
8033-ATFAS,39,59.85,Month-to-month,DSL,0,2,1,0.0121829286915625,0.2417398271131588,Low,Sure Thing
1635-NZATJ,71,25.45,Two year,No,0,0,24,0.3119619861662792,0.10770635588332113,Low,Sure Thing
0562-HKHML,71,23.9,Two year,No,0,0,24,0.3200147580072676,0.7582147415596493,High,Persuadable
8277-RVRSV,33,24.15,One year,No,0,0,12,0.3248477833408759,0.4572871299605314,Medium,Persuadable
9943-VSZUV,67,75.7,Month-to-month,Fiber optic,0,0,1,-0.1306180176944651,0.004227868452747175,Low,Sleeping Dog
0117-LFRMW,37,40.2,Month-to-month,DSL,1,3,1,-0.0982252299922637,0.10641408905873727,Low,Sleeping Dog
6172-FECYY,49,84.5,Month-to-month,Fiber optic,1,1,1,-0.1543037125018716,0.08935888878561254,Low,Sleeping Dog
7054-ENNGU,9,50.85,Month-to-month,DSL,0,1,1,-0.0429225213336422,0.004429503253242246,Low,Sleeping Dog
1455-HFBXA,52,91.6,Two year,Fiber optic,0,3,24,-0.1444878533983221,0.04793489741884375,Low,Sleeping Dog
9402-CXWPL,70,98.9,One year,Fiber optic,0,3,12,-0.0682599683181122,0.740326464258248,High,Lost Cause
1628-BIZYP,1,85.0,Month-to-month,Fiber optic,0,2,1,-0.2826046176096241,0.7530424990752169,High,Lost Cause
1965-AKTSX,14,78.95,Month-to-month,Fiber optic,1,1,1,-0.1835252186563282,0.25693005822398285,Low,Sleeping Dog
0082-LDZUE,1,44.3,Month-to-month,DSL,0,0,1,-0.1340528840520785,0.0037255566124550104,Low,Sleeping Dog
4786-UKSNZ,1,20.2,Month-to-month,No,1,0,1,0.278060819952042,0.43561367867746004,Medium,Persuadable
5343-SGUBI,52,80.2,One year,Fiber optic,0,1,12,-0.1508548238658658,0.002713221297655439,Low,Sleeping Dog
0856-NAOES,6,60.9,Month-to-month,DSL,0,2,1,0.0190972952403437,0.017101574265073517,Low,Sure Thing
1976-AZZPJ,7,34.2,Month-to-month,DSL,0,2,1,-0.1203680629181135,0.8119717686177846,High,Lost Cause
7248-VZQLC,47,85.2,Month-to-month,Fiber optic,1,2,1,-0.1822878919884275,0.6615117424679277,High,Lost Cause
6156-UZDLF,26,87.15,One year,Fiber optic,0,3,12,-0.1764191017473991,0.758900947106652,High,Lost Cause
3099-OONVS,25,54.3,Month-to-month,DSL,0,2,1,-0.0657294065981742,0.5899992245332836,Medium,Lost Cause
9500-WBGRP,69,19.1,Two year,No,0,0,24,0.3259307903992922,0.5940251260055486,Medium,Persuadable
5183-KLYEM,72,112.75,Two year,Fiber optic,0,6,24,-0.5486212777693824,0.006116943044858538,Low,Sleeping Dog
5144-PQCDZ,4,19.95,Month-to-month,No,0,0,1,0.2794055859435885,0.005344009969659211,Low,Sure Thing
8514-VZHEB,59,19.5,Two year,No,0,0,24,0.2874015447877719,0.0007254973976294716,Low,Sure Thing
6625-IUTTT,67,65.55,Two year,DSL,0,3,24,-0.0332657536572905,0.05535830635411427,Low,Sleeping Dog
9355-NPPFS,26,78.8,Month-to-month,Fiber optic,0,1,1,-0.2007841712984188,0.6115267276850602,High,Lost Cause
0068-FIGTF,27,78.2,One year,DSL,0,5,12,-0.2007841712984188,0.003070946936286373,Low,Sleeping Dog
5965-GGPRW,72,105.25,Two year,Fiber optic,0,4,24,-0.1209061080141463,0.03370734970643561,Low,Sleeping Dog
8035-PWSEV,6,89.25,Month-to-month,Fiber optic,0,3,1,-0.1947171429797015,0.17060159374898898,Low,Sleeping Dog
2236-HILPA,62,20.65,Two year,No,0,0,24,0.3020515521325539,0.7504261570736758,High,Persuadable
1840-BIUOG,20,68.7,One year,DSL,0,3,12,-0.1306816109971515,0.778025619727754,High,Lost Cause
1356-MKYSK,6,78.65,Month-to-month,DSL,0,5,1,-0.188895097959676,0.6989685323391533,High,Lost Cause
6080-LNESI,51,24.75,Two year,No,0,0,24,0.3014756659550562,0.40684135177358155,Medium,Persuadable
1830-IPXVJ,61,19.75,Two year,No,0,0,24,0.2879774309652697,0.012337291274671688,Low,Sure Thing
5828-DWPIL,62,89.1,Month-to-month,Fiber optic,0,3,1,-0.1022200704794469,0.060520543230313216,Low,Sleeping Dog
8398-TBIYD,72,84.7,Two year,Fiber optic,0,2,24,-0.0787568857699125,0.15462959537810186,Low,Sleeping Dog
0011-IGKFF,13,98.0,Month-to-month,Fiber optic,1,4,1,-0.1536496898371672,0.051842260744546065,Low,Sleeping Dog
4192-GORJT,5,94.45,Month-to-month,Fiber optic,1,3,1,-0.0582439899178585,0.21660544448510624,Low,Sleeping Dog
6496-SLWHQ,3,105.0,Month-to-month,Fiber optic,1,4,1,0.1385876237859469,0.45539513221306055,Medium,Persuadable
9912-GVSEQ,26,93.85,Month-to-month,Fiber optic,1,3,1,-0.174327303056771,0.21306899756306721,Low,Sleeping Dog
2931-FSOHN,13,59.9,Month-to-month,DSL,0,2,1,0.0244671745436915,0.25555479014389,Low,Sure Thing
9418-RUKPH,38,19.95,Two year,No,0,0,24,0.3107736621735916,0.006162715193285691,Low,Sure Thing
5383-MMTWC,8,84.0,Month-to-month,Fiber optic,1,1,1,-0.1613362768957884,0.0026728772243608564,Low,Sleeping Dog
9971-ZWPBF,34,108.9,Month-to-month,Fiber optic,0,5,1,-0.0062344415979059,0.008641066972556581,Low,Sleeping Dog
4712-AUQZO,18,33.6,Month-to-month,DSL,0,2,1,-0.1149981836147657,0.7809796000286777,High,Lost Cause
9711-FJTBX,56,85.85,One year,Fiber optic,0,3,12,-0.1465796520889501,0.002256209947859619,Low,Sleeping Dog
2908-ZTPNF,36,34.85,Month-to-month,DSL,0,2,1,-0.0982252299922637,0.011422960326513057,Low,Sleeping Dog
7240-ETPTR,9,48.75,Month-to-month,DSL,1,3,1,-0.0787174189653582,0.004241383400843154,Low,Sleeping Dog
2202-CUYXZ,1,84.85,Month-to-month,Fiber optic,1,2,1,-0.2826046176096241,0.0035180672574161736,Low,Sleeping Dog
5995-OIGLP,12,56.65,Month-to-month,DSL,1,2,1,0.0201709750128254,0.0157733511862951,Low,Sure Thing
8421-WZOOW,57,95.3,Month-to-month,Fiber optic,0,4,1,-0.179971184233154,0.21934892188057123,Low,Sleeping Dog
6261-RCVNS,42,73.9,One year,DSL,1,5,12,0.0003755058431912,0.08405454085098567,Low,Sure Thing
7951-QKZPL,33,24.5,Two year,No,1,0,24,0.3248477833408759,0.4974709233216685,Medium,Persuadable
1414-YADCW,70,84.6,Two year,Fiber optic,0,3,24,-0.0787568857699125,0.0017066663569959117,Low,Sleeping Dog
8756-RDDLT,68,44.95,Month-to-month,DSL,0,3,1,-0.0397665085803296,0.012758245424042747,Low,Sleeping Dog
2862-PFNIK,1,24.7,Month-to-month,DSL,0,0,1,0.2921349411193263,0.16334042470848356,Low,Sure Thing
5816-QVHRX,37,100.3,Month-to-month,Fiber optic,0,3,1,-0.1283624318079849,0.01078859982045951,Low,Sleeping Dog
4430-YHXGG,4,25.45,Month-to-month,No,0,0,1,0.2934797071108728,0.9094630332349318,High,Persuadable
6888-SBYAI,1,50.7,Month-to-month,DSL,0,1,1,0.0003955187389117,0.09509345443897299,Low,Sure Thing
7395-XWZOY,20,55.0,Month-to-month,DSL,0,5,1,-0.0409921334214198,0.004303278466967794,Low,Sleeping Dog
7169-YWAMK,72,68.4,Two year,DSL,0,4,24,-0.0344107116836984,0.27922404552479113,Low,Sleeping Dog
3640-PHQXK,31,89.9,Month-to-month,Fiber optic,1,2,1,-0.0808097909171433,0.02830393108428589,Low,Sleeping Dog
6877-LGWXO,18,78.55,Month-to-month,Fiber optic,1,1,1,-0.1726074067305389,0.05785221889663646,Low,Sleeping Dog
6859-RKMZJ,11,55.05,Month-to-month,DSL,0,1,1,-0.0429225213336422,0.0022285148740264727,Low,Sleeping Dog
2729-VNVAP,33,19.8,Two year,No,0,0,24,0.3107736621735916,0.23434253587240148,Low,Sure Thing
2957-JIRMN,62,84.45,One year,Fiber optic,0,1,12,-0.1120359295829965,0.002226331469642045,Low,Sleeping Dog
2049-BAFNW,1,35.9,Month-to-month,DSL,0,2,1,-0.3322638787828313,0.22042002460007679,Low,Sleeping Dog
3842-QTGDL,16,80.75,Month-to-month,Fiber optic,0,2,1,-0.1790572169820237,0.3341877220720037,Medium,Lost Cause
7163-OCEQI,22,78.65,One year,DSL,0,4,12,-0.1760468981216644,0.06144132810064228,Low,Sleeping Dog
9782-LGXMC,49,61.75,Month-to-month,DSL,0,3,1,-0.0029273398403703,0.0036768705432163877,Low,Sleeping Dog
5975-BAICR,36,63.7,One year,DSL,0,3,12,-0.0187313713028554,0.0877451399061449,Low,Sleeping Dog
8019-ENHXU,42,99.45,Month-to-month,Fiber optic,1,4,1,-0.1283624318079849,0.06147807643620378,Low,Sleeping Dog
5167-GBFRE,4,25.2,Month-to-month,DSL,1,0,1,0.2934797071108728,0.013946007181661441,Low,Sure Thing
9033-EOXWV,12,74.05,One year,DSL,1,3,12,-0.1555378472339378,0.009168810048969566,Low,Sleeping Dog
4673-KKSLS,31,87.6,Month-to-month,Fiber optic,0,3,1,-0.0829015896077713,0.8893932443871105,High,Lost Cause
4853-OITSN,5,89.15,Month-to-month,Fiber optic,0,2,1,-0.0582439899178585,0.0579353510198953,Low,Sleeping Dog
9800-OUIGR,66,20.0,Two year,No,0,0,24,0.2879774309652697,0.004963479445905307,Low,Sure Thing
1324-NLTJE,15,55.0,Month-to-month,DSL,1,1,1,-0.0375526420302944,0.006677245107923699,Low,Sleeping Dog
2324-EFHVG,64,104.4,Two year,Fiber optic,0,4,24,-0.1248481875054783,0.6150387074455295,High,Lost Cause
7094-MSZAO,10,20.05,Month-to-month,No,0,0,1,0.2854741032504064,0.09271607476935577,Low,Sure Thing
1522-VVDMG,7,89.75,Month-to-month,Fiber optic,1,3,1,-0.1947171429797015,0.001771004339513233,Low,Sleeping Dog
6907-CQGPN,29,34.3,Month-to-month,DSL,0,2,1,-0.1431749481826455,0.033541740329340826,Low,Sleeping Dog
0780-XNZFN,57,20.65,Two year,No,0,0,24,0.3014756659550562,0.004651377982308112,Low,Sure Thing
0239-OXEXL,46,84.25,Month-to-month,Fiber optic,0,2,1,-0.1391934439699387,0.6815186369529238,High,Lost Cause
2675-IJRGJ,53,19.65,Two year,No,0,0,24,0.2874015447877719,0.26175556499236613,Low,Sure Thing
7049-GKVZY,17,79.85,One year,DSL,0,5,12,-0.1790572169820237,0.06631205979013477,Low,Sleeping Dog
8577-QSOCG,38,20.2,Two year,No,0,0,24,0.3107736621735916,0.03178662836123294,Low,Sure Thing
3721-CNZHX,15,19.8,One year,No,0,0,12,0.2940007085510896,0.07016209503469409,Low,Sure Thing
0212-ISBBF,22,50.35,Month-to-month,DSL,0,3,1,-0.0530470872593353,0.02813300781468008,Low,Sleeping Dog
9185-TQCVP,14,85.15,Month-to-month,Fiber optic,1,1,1,-0.1559663975924406,0.772224464883062,High,Lost Cause
3585-YNADK,57,74.6,One year,DSL,0,4,12,-0.0303278399968496,0.04187662400184052,Low,Sleeping Dog
5271-DBYSJ,11,79.15,Month-to-month,Fiber optic,0,1,1,-0.188895097959676,0.025321817938611584,Low,Sleeping Dog
1099-GODLO,1,20.35,Two year,No,0,0,24,0.2921349411193263,0.5284008673868676,Medium,Persuadable
6828-HMKWP,12,21.05,Two year,No,0,0,24,0.3111875775139368,0.0352233049600709,Low,Sure Thing
5567-WSELE,3,94.6,Month-to-month,Fiber optic,1,2,1,0.0239380469780943,0.01647089204667239,Low,Sure Thing
1472-TNCWL,36,94.7,Month-to-month,Fiber optic,0,3,1,-0.1293775848663892,0.008764987616344715,Low,Sleeping Dog
8063-RJYNF,16,94.25,Month-to-month,Fiber optic,1,3,1,-0.1461505384888911,0.6263527244745525,High,Lost Cause
0687-ZVTHB,65,72.45,One year,DSL,1,4,12,-0.1792801762379937,0.6810138451640171,High,Lost Cause
2080-GKCWQ,2,74.95,Month-to-month,Fiber optic,0,1,1,-0.0287629992868477,0.1057301407096417,Low,Sleeping Dog
9661-ACXBS,42,105.2,Month-to-month,Fiber optic,1,4,1,-0.1048142373253005,0.002435903310526747,Low,Sleeping Dog
2193-SFWQW,72,111.95,Two year,Fiber optic,0,6,24,0.1205544698415365,0.3682782969592939,Medium,Persuadable
5656-JAMLX,62,19.85,Two year,No,0,0,24,0.2879774309652697,0.3797189767278443,Medium,Persuadable
3462-BJQQA,6,89.75,Month-to-month,Fiber optic,0,2,1,-0.1947171429797015,0.009536683009141027,Low,Sleeping Dog
0442-TDYUO,48,20.05,Two year,No,0,0,24,0.2874015447877719,0.00406341192209786,Low,Sure Thing
6733-LRIZX,35,108.95,Two year,Fiber optic,0,5,24,0.0368600064205827,0.10382317235691023,Low,Sure Thing
9503-XJUME,52,19.65,One year,No,0,0,12,0.2874015447877719,0.04007459343256762,Low,Sure Thing
4367-NHWMM,1,24.9,Month-to-month,DSL,0,0,1,0.2921349411193263,0.3729474977343559,Medium,Persuadable
3727-RJMEO,6,82.85,Month-to-month,Fiber optic,1,1,1,-0.1844270962853715,0.2986730587665459,Low,Sleeping Dog
3779-OSWCF,71,93.2,Two year,DSL,0,6,24,-0.068941026666363,0.8739068762804675,High,Lost Cause
6736-DHUQI,67,84.8,One year,Fiber optic,0,3,12,-0.1427051488034974,0.5077447934240871,Medium,Lost Cause
3915-ODIYG,60,71.75,One year,DSL,0,3,12,-0.0803783640257661,0.004299901587547342,Low,Sleeping Dog
1360-RCYRT,23,30.35,Month-to-month,DSL,0,1,1,-0.2600461649374841,0.5012714616652998,Medium,Lost Cause
2724-FJDYW,39,54.85,One year,DSL,0,4,12,-0.0207796884077924,0.6799662661608347,High,Lost Cause
4451-RWASJ,15,19.5,One year,No,0,0,12,0.2940007085510896,0.09239952770201687,Low,Sure Thing
6646-VRFOL,53,103.85,Month-to-month,Fiber optic,1,4,1,-0.2514902314791963,0.5797936993518319,Medium,Lost Cause
3460-TJBWI,24,24.2,Two year,No,0,0,24,0.279898065150494,0.5534098090167121,Medium,Persuadable
5917-HBSDW,37,19.35,Month-to-month,No,0,0,1,0.3107736621735916,0.8154802465251431,High,Persuadable
5685-IIXLY,5,83.6,Month-to-month,Fiber optic,1,2,1,-0.2013973038374092,0.8966930437594466,High,Lost Cause
5671-UUNXD,50,100.65,One year,Fiber optic,0,3,12,-0.1947662522264578,0.09988819168785573,Low,Sleeping Dog
0956-ACVZC,54,94.1,One year,Fiber optic,0,3,12,-0.1444878533983221,0.4401079294089027,Medium,Lost Cause
2325-NBPZG,3,74.55,Month-to-month,Fiber optic,0,1,1,-0.0240595335571996,0.6634129021347738,High,Lost Cause
4250-ZBWLV,68,108.45,One year,Fiber optic,1,5,12,0.1592009561901492,0.10387930548367535,Low,Sure Thing
4482-FTFFX,5,56.15,Month-to-month,DSL,0,2,1,-0.0712380671221021,0.07896645975927574,Low,Sleeping Dog
8859-DZTGQ,33,20.35,Two year,No,0,0,24,0.3248477833408759,0.6389992206143286,High,Persuadable
0440-MOGPM,41,80.55,One year,DSL,0,4,12,-0.1513664514337325,0.006223038326452199,Low,Sleeping Dog
0020-JDNXP,34,61.25,One year,DSL,0,5,12,0.0121829286915625,0.09613979576866388,Low,Sure Thing
3752-CQSJI,13,20.45,Month-to-month,No,0,0,1,0.3080748297183739,0.18907114713457343,Low,Sure Thing
5025-GOOKI,20,18.9,Month-to-month,No,0,0,1,0.3072393770978534,0.03287904278003174,Low,Sure Thing
4698-KVLLG,51,19.6,Two year,No,0,0,24,0.259417365301216,0.22124304114771806,Low,Sure Thing
5095-AESKG,3,91.5,Month-to-month,Fiber optic,1,2,1,0.0239380469780943,0.14516827977299435,Low,Sure Thing
2887-JPYLU,41,45.2,Month-to-month,DSL,0,0,1,-0.0565745860395085,0.6238135692685213,High,Lost Cause
4770-QAZXN,13,19.45,Month-to-month,No,0,0,1,0.2940007085510896,0.5886215785511393,Medium,Persuadable
4896-CPRPF,35,25.45,Two year,No,0,0,24,0.3248477833408759,0.8845874045273941,High,Persuadable
1871-MOWRM,12,80.85,Month-to-month,Fiber optic,1,2,1,-0.1140641645453221,0.46479949326543557,Medium,Lost Cause
9714-EDSUC,4,94.9,Month-to-month,Fiber optic,0,4,1,-0.0582439899178585,0.16093236622092258,Low,Sleeping Dog
2027-OAQQC,43,49.05,Month-to-month,DSL,1,3,1,-0.3101094547879581,0.11988072675548204,Low,Sleeping Dog
0282-NVSJS,12,29.3,Month-to-month,DSL,0,1,1,-0.1135063849000581,0.6154234043167479,High,Lost Cause
9090-SGQXL,68,105.3,Month-to-month,Fiber optic,1,4,1,-0.1289588798551348,0.3153138846070909,Medium,Lost Cause
6595-YGXIT,25,88.95,Month-to-month,Fiber optic,1,2,1,-0.174327303056771,0.7433611245627331,High,Lost Cause
7353-YOWFP,7,20.25,One year,No,0,0,12,0.2854741032504064,0.8982406832144387,High,Persuadable
9835-ZIITK,66,110.85,One year,Fiber optic,1,5,12,0.1901461917788578,0.8279856391813909,High,Persuadable
8008-ESFLK,53,110.5,One year,Fiber optic,0,6,12,0.1368724384201467,0.06415077158449027,Low,Sure Thing
7537-CBQUZ,63,109.4,Month-to-month,Fiber optic,0,5,1,0.0684077673382492,0.19491810963636433,Low,Sure Thing
1555-DJEQW,70,114.2,Two year,Fiber optic,1,6,24,-0.2724145558571237,0.09224466636296207,Low,Sleeping Dog
5649-TJHOV,27,36.5,Month-to-month,DSL,1,1,1,-0.1431749481826455,0.7594448049868466,High,Lost Cause
0519-XUZJU,1,70.75,Month-to-month,Fiber optic,1,0,1,-0.5765863015622662,0.7751220867566517,High,Lost Cause
3363-EWLGO,5,19.95,Month-to-month,No,0,0,1,0.2794055859435885,0.030874665783078837,Low,Sure Thing
4750-UKWJK,37,19.6,One year,No,0,0,12,0.2676792141551029,0.014967563987331553,Low,Sure Thing
6338-AVWCY,3,40.15,Month-to-month,DSL,1,2,1,-0.1264365802249314,0.048613901694524723,Low,Sleeping Dog
1689-YQBYY,12,76.6,Month-to-month,Fiber optic,0,0,1,-0.1772557448634298,0.26594537044266114,Low,Sleeping Dog
4487-ZYJZK,38,19.6,One year,No,0,0,12,0.3107736621735916,0.4219463410305082,Medium,Persuadable
2959-FENLU,9,85.3,Month-to-month,Fiber optic,0,2,1,-0.1968089416703295,0.05801149071796612,Low,Sleeping Dog
0708-LGSMF,13,65.85,Month-to-month,DSL,0,2,1,-0.0464221368511466,0.05377764604442004,Low,Sleeping Dog
9253-QXKBE,29,94.45,Month-to-month,Fiber optic,1,2,1,-0.174327303056771,0.020195936120776935,Low,Sleeping Dog
7634-HLQJR,47,20.05,Two year,No,0,0,24,0.3107736621735916,0.06284641124465061,Low,Sure Thing
0487-RPVUM,61,99.4,Month-to-month,Fiber optic,0,4,1,-0.1318741366415435,0.009443328896826262,Low,Sleeping Dog
4079-ULGFR,16,20.0,Month-to-month,No,0,0,1,0.2940007085510896,0.3509435228516198,Medium,Persuadable
2516-XSJKX,41,78.45,Two year,DSL,0,5,24,-0.155834453108037,0.056031317258774326,Low,Sleeping Dog
0057-QBUQH,43,25.1,Two year,No,0,0,24,0.3248477833408759,0.005551653685626154,Low,Sure Thing
9445-SZLCH,36,97.35,Month-to-month,Fiber optic,1,3,1,-0.1368767362146653,0.22311677833908847,Low,Sleeping Dog
6599-SFQVE,6,55.0,Month-to-month,DSL,0,1,1,-0.0429225213336422,0.33489327113275186,Medium,Lost Cause
8331-ZXFOE,58,71.1,One year,DSL,0,4,12,-0.1226461469446413,0.24463940432152634,Low,Sleeping Dog
4003-FUSHP,19,61.55,Month-to-month,DSL,0,2,1,-0.0045900249309394,0.19345548936374488,Low,Sleeping Dog
0356-ERHVT,11,45.9,Month-to-month,DSL,0,0,1,-0.0787174189653582,0.008765190713037807,Low,Sleeping Dog
7325-ENZFI,39,40.3,One year,DSL,0,3,12,-0.0982252299922637,0.06203627097291744,Low,Sleeping Dog
4884-ZTHVF,8,87.1,Month-to-month,Fiber optic,0,2,1,-0.1968089416703295,0.003550711574290048,Low,Sleeping Dog
3920-HIHMQ,26,49.5,Month-to-month,DSL,0,0,1,-0.0777843604360898,0.7586475916723742,High,Lost Cause
3055-OYMSE,53,73.8,Month-to-month,Fiber optic,0,1,1,-0.1611584350579445,0.23310927734458375,Low,Sleeping Dog
0613-WUXUM,70,19.2,Two year,No,0,0,24,0.2822877646783172,0.004215682151284687,Low,Sure Thing
7568-PODML,1,45.3,Month-to-month,DSL,1,2,1,-0.1340528840520785,0.014842912934410922,Low,Sleeping Dog
4458-KVRBJ,59,25.0,Two year,No,0,0,24,0.3014756659550562,0.5658598323534825,Medium,Persuadable
5349-IECLD,2,94.95,Month-to-month,Fiber optic,1,3,1,0.0848424886548552,0.7986694527446739,High,Persuadable
1397-XKKWR,7,35.3,One year,DSL,0,2,12,-0.1203680629181135,0.04593237416110515,Low,Sleeping Dog
3945-GFWQL,12,44.55,Month-to-month,DSL,1,0,1,-0.0670780658691121,0.7939956971396006,High,Lost Cause
8097-OMULG,59,76.75,One year,DSL,0,5,12,-0.1553228255401703,0.004359854529782185,Low,Sleeping Dog
6013-BHCAW,61,81.0,Two year,DSL,0,4,24,-0.1392562601674915,0.31066219912446574,Medium,Lost Cause
0401-WDBXM,72,105.55,Two year,Fiber optic,0,4,24,-0.1209061080141463,0.4752360415862255,Medium,Lost Cause
3387-PLKUI,13,18.8,Month-to-month,No,0,0,1,0.3106788684889788,0.04263196225057697,Low,Sure Thing
6096-EGVTU,64,24.9,One year,No,0,0,12,0.3020515521325539,0.5984237815316564,Medium,Persuadable
3797-VTIDR,1,23.45,Month-to-month,DSL,1,0,1,0.2921349411193263,0.4738355331737177,Medium,Persuadable
5081-NWSUP,10,64.9,One year,DSL,0,3,12,-0.0517920161544944,0.3509365208580324,Medium,Lost Cause
2580-ATZSQ,65,61.35,One year,DSL,0,3,12,-0.0297304680122547,0.6447059208000364,High,Lost Cause
8085-MSNLK,62,113.95,Two year,Fiber optic,0,6,24,-0.5080592454525278,0.3339966302185003,Medium,Lost Cause
9691-HKOVS,55,90.15,One year,DSL,0,6,12,-0.1444878533983221,0.6192286004503212,High,Lost Cause
9881-VCZEP,25,54.1,Month-to-month,DSL,0,1,1,-0.0657294065981742,0.06922861297933718,Low,Sleeping Dog
9526-BIHHD,1,29.7,Month-to-month,DSL,1,1,1,0.069748729800712,0.716089712575994,High,Persuadable
8757-TFHHJ,1,49.8,Month-to-month,DSL,0,1,1,0.0003955187389117,0.13341044716724162,Low,Sure Thing
4523-WXCEF,59,101.1,Month-to-month,Fiber optic,1,3,1,-0.1667820727399019,0.6752562608492642,High,Lost Cause
1468-DEFNC,64,24.4,Two year,No,0,0,24,0.3327207713530549,0.16330419110243208,Low,Sure Thing
5119-KEPFY,36,95.0,Month-to-month,Fiber optic,0,2,1,-0.1293775848663892,0.00621703584721689,Low,Sleeping Dog
8364-TRMMK,3,50.65,Month-to-month,DSL,1,0,1,-0.0610459924783757,0.08775388121307698,Low,Sleeping Dog
0916-KNFAJ,61,69.9,Two year,DSL,0,3,24,-0.0983589747172831,0.08915920286763508,Low,Sleeping Dog
8319-QBEHW,26,39.95,One year,DSL,0,2,12,-0.1431749481826455,0.5910023224570543,Medium,Lost Cause
3063-QFSZL,1,55.4,Month-to-month,DSL,1,1,1,0.0599551303353236,0.045984276036761716,Low,Sure Thing
8775-LHDJH,1,90.6,Month-to-month,Fiber optic,1,2,1,-0.2228773026061093,0.04559169599047186,Low,Sleeping Dog
9625-QNLUX,68,103.25,Two year,Fiber optic,0,5,24,-0.1479592252606814,0.11215116503361515,Low,Sleeping Dog
3097-NQYSN,2,86.85,Month-to-month,Fiber optic,1,1,1,0.1396222780061026,0.748292557774818,High,Persuadable
4024-CSNBY,72,94.25,Two year,Fiber optic,0,4,24,-0.068941026666363,0.0524383913350773,Low,Sleeping Dog
7110-BDTWG,71,47.05,Two year,DSL,0,3,24,-0.0397665085803296,0.03644863474890577,Low,Sleeping Dog
7493-GVFIO,57,20.55,Two year,No,0,0,24,0.3014756659550562,0.2212422515448825,Low,Sure Thing
0690-SRQID,4,19.65,Month-to-month,No,0,0,1,0.2794055859435885,0.04984401989859657,Low,Sure Thing
9605-WGJVW,1,70.2,Month-to-month,Fiber optic,0,0,1,-0.1412857583173641,0.3190359863904335,Medium,Lost Cause
9114-DPSIA,72,81.0,Two year,DSL,0,5,24,-0.0753079971339067,0.14276394094745568,Low,Sleeping Dog
4700-UBQMV,21,75.9,One year,DSL,0,3,12,-0.1760468981216644,0.9534493778167903,High,Lost Cause
7711-GQBZC,71,24.7,Two year,No,0,0,24,0.3200147580072676,0.0054547521700793605,Low,Sure Thing
3565-UNOCC,29,99.05,Month-to-month,Fiber optic,1,3,1,-0.1733121499983667,0.45134085132662877,Medium,Lost Cause
4627-MIHJH,69,110.25,Two year,Fiber optic,0,5,24,0.1447181982699941,0.08374168578027104,Low,Sure Thing
9795-NREXC,64,85.0,Two year,DSL,0,5,24,-0.1427051488034974,0.004453594006374701,Low,Sleeping Dog
8573-CGOCC,16,19.75,Month-to-month,No,0,0,1,0.2940007085510896,0.5549496975426226,Medium,Persuadable
7356-AYNJP,4,23.9,One year,No,0,0,12,0.2934797071108728,0.012705047698354227,Low,Sure Thing
9249-FXSCK,52,111.25,One year,Fiber optic,1,5,12,0.070616040766544,0.09994540031718002,Low,Sure Thing
5493-SDRDQ,2,55.1,Month-to-month,DSL,1,2,1,-0.0489910386404601,0.002719302932905405,Low,Sleeping Dog
6286-SUUWT,1,19.95,Month-to-month,No,0,0,1,0.278060819952042,0.5692249570765343,Medium,Persuadable
4819-HJPIW,18,25.15,Month-to-month,DSL,0,0,1,0.3080748297183739,0.01199471080278524,Low,Sure Thing
8654-DHAOW,2,54.15,Month-to-month,DSL,0,1,1,-0.0489910386404601,0.528221367819684,Medium,Lost Cause
5438-QMDDL,19,59.8,Month-to-month,DSL,0,2,1,-0.0045900249309394,0.6267622776801699,High,Lost Cause
9812-GHVRI,40,83.85,Month-to-month,Fiber optic,0,1,1,-0.1391934439699387,0.006576577619323382,Low,Sleeping Dog
5553-AOINX,66,104.9,One year,Fiber optic,0,4,12,-0.0776567229383582,0.009046341899801842,Low,Sleeping Dog
1228-ZLNBX,21,75.3,Month-to-month,Fiber optic,0,0,1,-0.1760468981216644,0.3262661444349195,Medium,Lost Cause
4226-KKDON,8,66.65,Month-to-month,DSL,0,3,1,-0.0517920161544944,0.003689453484894543,Low,Sleeping Dog
3831-YCPUO,72,109.5,Two year,Fiber optic,0,6,24,0.1592009561901492,0.03697173419458648,Low,Sure Thing
7445-WMRBW,48,73.85,One year,DSL,0,4,12,-0.1487961516711883,0.20268819532745366,Low,Sleeping Dog
3308-DGHKL,69,19.3,Two year,No,0,0,24,0.3092526304614029,0.006695479575322918,Low,Sure Thing
9924-JPRMC,72,118.2,Two year,Fiber optic,0,6,24,-0.2389415814402401,0.4177533196299666,Medium,Lost Cause
0080-EMYVY,14,51.45,One year,DSL,0,1,12,-0.0375526420302944,0.027896700916373297,Low,Sleeping Dog
6218-KNUBD,6,59.45,Month-to-month,DSL,0,2,1,-0.0374772425804905,0.7820120580866216,High,Lost Cause
7337-CINUD,8,19.5,Two year,No,0,0,24,0.2854741032504064,0.37904807478862906,Medium,Persuadable
7609-NRNCA,17,19.55,One year,No,0,0,12,0.2940007085510896,0.15200745264315516,Low,Sure Thing
0623-EJQEG,65,93.55,One year,Fiber optic,0,3,12,-0.1328892896999479,0.03450537112537725,Low,Sleeping Dog
7153-CHRBV,57,59.3,One year,DSL,0,3,12,-0.0304446781865736,0.006914939718517132,Low,Sleeping Dog
0871-URUWO,13,102.25,Month-to-month,Fiber optic,1,3,1,-0.3744090786825209,0.18409133949050738,Low,Sleeping Dog
9190-MFJLN,19,95.9,Month-to-month,Fiber optic,1,3,1,-0.1536496898371672,0.4986098228459515,Medium,Lost Cause
6198-PNNSZ,56,109.8,One year,Fiber optic,0,5,12,0.0153197518094832,0.6770255992786748,High,Persuadable
3317-VLGQT,14,78.1,Month-to-month,Fiber optic,0,1,1,-0.1835252186563282,0.06736839098482775,Low,Sleeping Dog
4132-POCZS,52,39.9,Month-to-month,DSL,0,2,1,-0.1133354985241966,0.07339809031418651,Low,Sleeping Dog
5614-DNZCE,58,64.9,Two year,DSL,0,4,24,-0.0338416398347883,0.016242352519155994,Low,Sleeping Dog
1095-JUDTC,47,95.05,Month-to-month,Fiber optic,1,3,1,-0.1161156307369769,0.748688004920128,High,Lost Cause
3896-RCYYE,67,53.4,Month-to-month,DSL,0,4,1,-0.0353140707622275,0.45000341331561017,Medium,Lost Cause
9638-JIQYA,2,24.9,Month-to-month,DSL,0,0,1,0.2934797071108728,0.017686173086658572,Low,Sure Thing
3258-SANFR,6,44.7,Month-to-month,DSL,0,0,1,-0.0787174189653582,0.03554551153461619,Low,Sleeping Dog
3726-TBHQT,71,114.0,Two year,Fiber optic,0,6,24,-0.2724145558571237,0.36275550134955065,Medium,Lost Cause
3190-ITQXP,46,20.25,Two year,No,0,0,24,0.3107736621735916,0.3640732010202048,Medium,Persuadable
0870-VEMYL,5,53.85,Month-to-month,DSL,1,2,1,-0.0489910386404601,0.13346413457595432,Low,Sleeping Dog
4833-QTJNO,67,83.85,Month-to-month,Fiber optic,0,2,1,-0.1295989046561665,0.020197556050007823,Low,Sleeping Dog
3039-MJSLN,3,20.2,Month-to-month,No,0,0,1,0.2794055859435885,0.1158894664064321,Low,Sure Thing
0178-CIIKR,3,19.95,Month-to-month,No,0,0,1,0.2794055859435885,0.8058003249879144,High,Persuadable
5385-SUIRI,52,104.2,Month-to-month,Fiber optic,1,4,1,-0.1644309306904084,0.2331482889115012,Low,Sleeping Dog
3982-XWFZQ,42,50.25,Month-to-month,DSL,1,0,1,-0.0328346422457079,0.04568136203449479,Low,Sleeping Dog
5774-QPLTF,50,20.35,One year,No,0,0,12,0.3014756659550562,0.026053560583109304,Low,Sure Thing
2322-VCZHZ,23,90.0,Month-to-month,Fiber optic,0,3,1,-0.1495900298800166,0.12757854448572983,Low,Sleeping Dog
5010-IPEAQ,67,54.2,Two year,DSL,0,5,24,-0.0353140707622275,0.019196081715797605,Low,Sleeping Dog
4009-ALQFH,25,99.5,Month-to-month,Fiber optic,1,4,1,-0.1733121499983667,0.2581024031418388,Low,Sleeping Dog
6383-ZTSIW,39,99.1,One year,Fiber optic,0,4,12,-0.1714568798264736,0.5526167450070342,Medium,Lost Cause
8990-YOZLV,69,66.9,Two year,DSL,0,3,24,-0.0019232938436765,0.5899992245332836,Medium,Lost Cause
3069-SSVSN,1,25.85,One year,DSL,0,0,12,0.2921349411193263,0.5329042801476076,Medium,Persuadable
5222-IMUKT,32,91.05,Month-to-month,Fiber optic,0,2,1,-0.1293775848663892,0.10024347330671479,Low,Sleeping Dog
3627-FCRDW,9,71.0,Month-to-month,Fiber optic,1,0,1,-0.156218419364147,0.5981399729687468,Medium,Lost Cause
7562-GSUHK,16,93.2,Month-to-month,Fiber optic,1,3,1,-0.1461505384888911,0.023535037460904188,Low,Sleeping Dog
6685-XSHHU,60,20.95,Two year,No,0,0,24,0.3020515521325539,0.7127064017804975,High,Persuadable
8901-UPRHR,72,109.2,Two year,Fiber optic,0,5,24,0.1592009561901492,0.047586391584799666,Low,Sure Thing
4903-UYAVB,5,19.35,Month-to-month,No,1,0,1,0.2794055859435885,0.25403709055739565,Low,Sure Thing
0118-JPNOY,26,85.8,Month-to-month,Fiber optic,0,2,1,-0.1764191017473991,0.1299896192593106,Low,Sleeping Dog
6776-TLWOI,3,19.85,Month-to-month,No,1,0,1,0.2794055859435885,0.047970945697729084,Low,Sure Thing
3845-FXCYS,2,19.65,Month-to-month,No,0,0,1,0.2794055859435885,0.0018345024136674915,Low,Sure Thing
5857-XRECV,2,20.5,One year,No,0,0,12,0.2934797071108728,0.11724066931032366,Low,Sure Thing
0725-CXOTM,36,89.65,One year,DSL,0,5,12,-0.1293775848663892,0.5154127525543136,Medium,Lost Cause
4343-EJVQB,7,74.35,Month-to-month,Fiber optic,0,1,1,-0.1671772003301839,0.18585436151250426,Low,Sleeping Dog
9000-PLFUZ,60,49.45,Two year,DSL,0,3,24,-0.0166998053796421,0.28436511006095805,Low,Sleeping Dog
3427-GGZZI,19,89.1,Month-to-month,Fiber optic,0,2,1,-0.1461505384888911,0.05112595364953786,Low,Sleeping Dog
7779-ORAEL,45,75.15,Two year,DSL,0,4,24,-0.1989289011265257,0.003409801723600839,Low,Sleeping Dog
0644-OQMDK,4,70.65,Month-to-month,Fiber optic,0,0,1,-0.1622869366709649,0.5099072941207651,Medium,Lost Cause
4077-CROMM,31,104.2,Month-to-month,Fiber optic,1,4,1,0.0217871282615691,0.04102790778808006,Low,Sure Thing
3154-CFSZG,47,90.05,Month-to-month,Fiber optic,0,3,1,-0.1293775848663892,0.040043931044965834,Low,Sleeping Dog
2868-MZAGQ,1,79.25,Month-to-month,Fiber optic,1,1,1,-0.3364827905478125,0.06897143569798986,Low,Sleeping Dog
4847-QNOKA,1,44.9,Month-to-month,DSL,1,0,1,-0.1340528840520785,0.08314215491116969,Low,Sleeping Dog
2220-IAHLS,1,19.4,Month-to-month,No,0,0,1,0.278060819952042,0.024670287333710877,Low,Sure Thing
1658-XUHBX,59,88.75,Month-to-month,Fiber optic,0,2,1,-0.1509512635349377,0.0009326760341743707,Low,Sleeping Dog
6379-RXJRQ,10,70.1,Month-to-month,Fiber optic,1,0,1,-0.1626230392418849,0.8047105507823865,High,Lost Cause
2378-HTWFW,35,91.0,Month-to-month,Fiber optic,0,2,1,-0.1724720328848779,0.059055202934569784,Low,Sleeping Dog
8650-RHRKE,4,29.65,Month-to-month,DSL,1,1,1,0.1190156775806143,0.08738210969273787,Low,Sure Thing
4377-VDHYI,32,90.8,One year,Fiber optic,0,3,12,-0.1293775848663892,0.16342664394709303,Low,Sleeping Dog
0475-RIJEP,43,77.85,Month-to-month,Fiber optic,1,1,1,-0.155834453108037,0.09743182669637791,Low,Sleeping Dog
1260-TTRXI,4,54.3,Month-to-month,DSL,1,1,1,-0.0489910386404601,0.05076342817958013,Low,Sleeping Dog
3719-TDVQB,54,18.95,Two year,No,0,0,24,0.2760955252391053,0.028684700531992912,Low,Sure Thing
6328-ZPBGN,11,95.15,Month-to-month,Fiber optic,1,2,1,-0.159019569140515,0.2762737342794794,Low,Sleeping Dog
0201-MIBOL,66,102.4,Two year,Fiber optic,0,3,24,-0.1245142898210268,0.6131556227160231,High,Lost Cause
4937-QPZPO,61,99.9,One year,Fiber optic,0,3,12,-0.1318741366415435,0.0008862983132779571,Low,Sleeping Dog
2925-VDZHY,72,88.7,Two year,DSL,0,6,24,-0.068941026666363,0.3179151217449349,Medium,Lost Cause
6981-TDRFT,44,54.3,One year,DSL,0,4,12,-0.0207796884077924,0.06908709480314483,Low,Sleeping Dog
3413-CSSTH,41,55.7,Month-to-month,DSL,0,1,1,-0.0430267168894344,0.008416169321261146,Low,Sleeping Dog
8033-VCZGH,50,103.95,One year,Fiber optic,0,4,12,-0.2235060519926404,0.24490935041632533,Low,Sleeping Dog
4789-KWMXN,47,110.85,One year,Fiber optic,1,5,12,0.1948438064494459,0.014588429342861963,Low,Sure Thing
0224-NIJLP,8,20.15,Two year,No,0,0,24,0.2854741032504064,0.5984945286258337,Medium,Persuadable
7542-CYDDM,18,20.05,Month-to-month,No,0,0,1,0.2940007085510896,0.05295039535024181,Low,Sure Thing
4718-WXBGI,72,91.95,Two year,DSL,0,6,24,-0.068941026666363,0.23915770060399302,Low,Sleeping Dog
2867-UIMSS,1,80.5,Month-to-month,Fiber optic,1,1,1,-0.332014788873508,0.010506679559737381,Low,Sleeping Dog
8495-PRWFH,42,55.65,Month-to-month,DSL,0,1,1,-0.0861211649079231,0.47146779958971735,Medium,Lost Cause
0439-IFYUN,18,74.7,Month-to-month,Fiber optic,0,1,1,-1.8707272716553232,0.5559712971420452,Medium,Lost Cause
5716-LIBJC,13,104.15,One year,Fiber optic,0,4,12,-0.0020240785925358,0.009441721361797653,Low,Sleeping Dog
2868-LLSKM,68,83.65,One year,Fiber optic,0,2,12,-0.1366136629706088,0.07644658480728375,Low,Sleeping Dog
8111-RKSPX,4,72.2,Month-to-month,Fiber optic,1,0,1,-0.1622869366709649,0.0715119899825665,Low,Sleeping Dog
2988-QRAJY,69,110.05,Two year,Fiber optic,0,5,24,0.1527709701109826,0.5816580068587037,Medium,Persuadable
1585-MQSSU,17,51.5,Month-to-month,DSL,1,1,1,-0.0375526420302944,0.28252201784838715,Low,Sleeping Dog
0071-NDAFP,25,25.5,Two year,No,0,0,24,0.279898065150494,0.001324430241003367,Low,Sure Thing
2856-NNASM,43,89.55,Month-to-month,Fiber optic,1,2,1,-0.1724720328848779,0.002656771728770354,Low,Sleeping Dog
7328-ZJAJO,59,19.5,Two year,No,0,0,24,0.2874015447877719,0.013613638157686743,Low,Sure Thing
6458-CYIDZ,5,80.7,Month-to-month,Fiber optic,0,2,1,-0.1400916380007072,0.014363272269265703,Low,Sleeping Dog
8559-CIZFV,21,77.5,One year,DSL,1,4,12,-0.1760468981216644,0.009195487111702084,Low,Sleeping Dog
1090-PYKCI,69,105.1,One year,Fiber optic,0,5,12,-0.1209061080141463,0.8662984587167472,High,Lost Cause
3058-WQDRE,13,25.15,Month-to-month,DSL,0,0,1,0.3080748297183739,0.02371629603653964,Low,Sure Thing
7547-EKNFS,42,95.25,Month-to-month,Fiber optic,1,3,1,-0.1368767362146653,0.1442619754482883,Low,Sleeping Dog
2279-AXJJK,52,95.65,Month-to-month,Fiber optic,0,3,1,-0.1519870047465982,0.30379161088318396,Medium,Lost Cause
6769-DYBQN,46,85.0,Month-to-month,Fiber optic,1,2,1,-0.1822878919884275,0.8324386585358416,High,Lost Cause
0909-SELIE,61,80.8,Two year,DSL,0,5,24,-0.1392562601674915,0.019780099328288645,Low,Sleeping Dog
3417-TSCIC,29,24.85,One year,DSL,0,0,12,0.279898065150494,0.8392778522643919,High,Persuadable
1042-HFUCW,25,54.75,One year,DSL,0,2,12,-0.0657294065981742,0.14666797543346555,Low,Sleeping Dog
4439-JMPMT,5,85.75,Month-to-month,Fiber optic,1,2,1,0.0238256376179386,0.7212154431007322,High,Persuadable
6537-OTKMY,15,50.75,One year,DSL,0,3,12,-0.0496075958682099,0.5984207289658671,Medium,Lost Cause
8999-EXMNO,19,20.15,Two year,No,0,0,24,0.2940007085510896,0.016095937537616924,Low,Sure Thing
6725-TPKJO,44,20.05,Two year,No,0,0,24,0.3107736621735916,0.26281855650770775,Low,Sure Thing
2446-BEGGB,6,98.25,Month-to-month,Fiber optic,1,3,1,-0.1135576551542658,0.768466570843726,High,Lost Cause
7162-WPHPM,58,71.6,Two year,DSL,0,4,24,-0.1226461469446413,0.5452377107414726,Medium,Lost Cause
1599-MMYRQ,62,81.45,One year,Fiber optic,0,2,12,-0.1392562601674915,0.9024493042430041,High,Lost Cause
8821-KVZKQ,70,58.4,One year,DSL,0,5,12,0.0014736678045381,0.010244677369906073,Low,Sure Thing
1496-GGSUK,1,25.7,Month-to-month,DSL,1,0,1,0.2921349411193263,0.09887623547290364,Low,Sure Thing
6434-TTGJP,10,53.7,Two year,DSL,0,5,24,-0.0429225213336422,0.06297239733339233,Low,Sleeping Dog
0042-JVWOJ,26,19.6,One year,No,0,0,12,0.2658239439832097,0.0035378142915347757,Low,Sure Thing
0130-SXOUN,66,89.4,Month-to-month,Fiber optic,0,2,1,-0.1328892896999479,0.002470719545134868,Low,Sleeping Dog
2575-GFSOE,7,69.0,Month-to-month,Fiber optic,1,0,1,-0.1435298108351631,0.0063403687626417534,Low,Sleeping Dog
2330-PQGDQ,51,84.2,One year,Fiber optic,0,2,12,-0.1543037125018716,0.002285773445147577,Low,Sleeping Dog
1452-UZOSF,72,106.1,Two year,Fiber optic,0,5,24,-0.1294532223786254,0.013515385764240329,Low,Sleeping Dog
2097-YVPKN,65,25.75,Two year,No,0,0,24,0.3020515521325539,0.0023327973233418036,Low,Sure Thing
2842-JTCCU,2,46.05,Month-to-month,DSL,1,0,1,-0.0847859362721762,0.25107449113190794,Low,Sleeping Dog
8597-CTXVJ,70,64.95,One year,DSL,0,3,12,-0.0019232938436765,0.04946278351493,Low,Sleeping Dog
6631-HMANX,72,85.45,Two year,DSL,0,5,24,-0.0710328253569911,0.12626883830275606,Low,Sleeping Dog
9962-BFPDU,1,20.05,Month-to-month,No,0,0,1,0.278060819952042,0.5752239322521902,Medium,Persuadable
3296-SILRA,1,76.4,Month-to-month,Fiber optic,1,1,1,-0.3364827905478125,0.1916777209968078,Low,Sleeping Dog
9681-OXGVC,5,100.5,Month-to-month,Fiber optic,1,3,1,0.0580110243266928,0.00217575587186208,Low,Sure Thing
6394-HHHZM,3,20.7,Month-to-month,No,0,0,1,0.2934797071108728,0.4483902616645344,Medium,Persuadable
5995-LFTLE,58,25.3,Two year,No,0,0,24,0.3014756659550562,0.5944829948880189,Medium,Persuadable
5180-UCIIQ,22,40.05,Month-to-month,DSL,1,2,1,-0.1184376750058911,0.02136227698450653,Low,Sleeping Dog
1932-UEDCX,33,100.6,Month-to-month,Fiber optic,0,3,1,-0.0102178902052046,0.7862243674803505,High,Lost Cause
7153-OANIO,1,69.95,Month-to-month,Fiber optic,1,0,1,-0.4028498447391783,0.7939028611137479,High,Lost Cause
5188-HGMLP,54,74.0,Month-to-month,Fiber optic,0,0,1,-0.1930355572228077,0.025830443533939023,Low,Sleeping Dog
0665-XHDJU,72,99.4,Two year,Fiber optic,0,3,24,-0.0679258736079587,0.005516887150280026,Low,Sleeping Dog
6521-YYTYI,1,93.3,Month-to-month,Fiber optic,1,2,1,-0.2228773026061093,0.001992455934505323,Low,Sleeping Dog
8878-HMWBV,3,49.15,Month-to-month,DSL,1,1,1,-0.0610459924783757,0.10646112749814209,Low,Sleeping Dog
8265-HKSOW,72,107.45,Two year,Fiber optic,0,5,24,0.0266049899643003,0.03213777670252457,Low,Sure Thing
3544-FBCAS,72,83.6,Two year,DSL,0,5,24,-0.1366136629706088,0.09361271618843055,Low,Sleeping Dog
5331-RGMTT,54,99.05,Month-to-month,Fiber optic,0,3,1,-0.1714568798264736,0.2955265720390376,Low,Sleeping Dog
4759-PXTAN,59,80.1,One year,DSL,0,4,12,-0.1508548238658658,0.08798391544025824,Low,Sleeping Dog
7054-DMVAS,54,65.3,Two year,DSL,0,3,24,-0.0338416398347883,0.39529457440804916,Medium,Lost Cause
3428-MMGUB,60,89.55,Two year,Fiber optic,0,2,24,-0.1328892896999479,0.7781863587158356,High,Lost Cause
6549-BTYPG,60,60.8,Two year,DSL,0,5,24,-0.0297304680122547,0.01592941343949043,Low,Sleeping Dog
7823-JSOAG,3,74.5,Month-to-month,Fiber optic,0,0,1,-0.0240595335571996,0.8079012619401554,High,Lost Cause
3705-RHRFR,69,99.15,Two year,Fiber optic,0,3,24,-0.0679258736079587,0.7101511321108412,High,Lost Cause
9374-YOLBJ,1,19.25,Month-to-month,No,0,0,1,0.278060819952042,0.039779358586880545,Low,Sure Thing
9074-KGVOX,50,39.45,Month-to-month,DSL,0,2,1,-0.1133354985241966,0.4505120817422416,Medium,Lost Cause
6128-DAFVY,56,44.85,Month-to-month,DSL,0,2,1,-0.0716848545714414,0.14770272726238162,Low,Sleeping Dog
9933-QRGTX,60,97.2,Two year,Fiber optic,0,4,24,-0.1403884410482239,0.09228473370782532,Low,Sleeping Dog
4476-OSWTN,69,110.55,One year,Fiber optic,0,5,12,0.1447181982699941,0.7258188675851965,High,Persuadable
3751-KTZEL,1,35.05,Month-to-month,DSL,1,1,1,-0.3322638787828313,0.16670521780226724,Low,Sleeping Dog
1977-STDKI,1,73.0,Month-to-month,Fiber optic,1,1,1,-0.9278426556689646,0.616713632609054,High,Lost Cause
5066-GFJMM,3,19.9,Month-to-month,No,0,0,1,0.2794055859435885,0.2526788336690379,Low,Sure Thing
2661-GKBTK,60,76.95,Two year,DSL,0,4,24,-0.143724261841796,0.45395509886128654,Medium,Lost Cause
0458-HEUZG,13,35.4,Two year,DSL,0,2,24,-0.1149981836147657,0.001269978059168539,Low,Sleeping Dog
7268-WNTCP,62,20.45,Two year,No,0,0,24,0.3020515521325539,0.12771972947198304,Low,Sure Thing
0824-VWDPO,45,96.75,One year,Fiber optic,0,3,12,-0.1368767362146653,0.04990450968985755,Low,Sleeping Dog
8409-WQJUX,25,54.2,One year,DSL,0,4,12,-0.0657294065981742,0.0020496037345140365,Low,Sleeping Dog
2578-JQPHZ,44,100.1,Two year,Fiber optic,0,4,24,-0.1283624318079849,0.43135959898926807,Medium,Lost Cause
3278-FSIXX,2,45.25,Month-to-month,DSL,0,0,1,-0.0847859362721762,0.0009954884333594762,Low,Sleeping Dog
5813-UECBU,33,83.85,Month-to-month,Fiber optic,1,2,1,-0.1822878919884275,0.0828881353919713,Low,Sleeping Dog
0328-GRPMV,1,70.1,Month-to-month,Fiber optic,1,0,1,-0.4219430731459002,0.21916357751677285,Low,Sleeping Dog
9746-UGFAC,22,20.85,One year,No,0,0,12,0.3046353383272485,0.5482155101429004,Medium,Persuadable
2946-KIQSP,35,33.45,Month-to-month,DSL,0,2,1,-0.0982252299922637,0.007836576820884332,Low,Sleeping Dog
0625-AFOHS,29,20.2,Two year,No,0,0,24,0.2658239439832097,0.18750479441120693,Low,Sure Thing
6726-WEXXK,27,85.9,One year,Fiber optic,0,2,12,-0.1764191017473991,0.02616091099219092,Low,Sleeping Dog
4636-OLWOE,54,61.0,One year,DSL,0,3,12,-0.0029273398403703,0.4416153103285951,Medium,Lost Cause
4342-HENTK,2,70.65,Month-to-month,Fiber optic,1,0,1,-0.1023665415119428,0.006901163503999317,Low,Sleeping Dog
4685-ERGHK,57,86.9,One year,Fiber optic,0,1,12,-0.1465796520889501,0.1339791449992567,Low,Sleeping Dog
0885-HMGPY,62,69.4,Two year,DSL,0,4,24,-0.0983589747172831,0.0246201759831539,Low,Sleeping Dog
5003-OKNNK,15,20.35,One year,No,0,0,12,0.3080748297183739,0.8045586072347586,High,Persuadable
4195-SMMNX,2,20.35,Month-to-month,No,1,0,1,0.2934797071108728,0.1510049987170959,Low,Sure Thing
7208-PSIHR,70,104.3,Two year,Fiber optic,0,4,24,-0.0608999244718934,0.010487457073055415,Low,Sleeping Dog
4012-ZTHBR,21,44.95,Month-to-month,DSL,0,0,1,-0.0767870310531359,0.17324288546282615,Low,Sleeping Dog
0489-WMEMG,23,49.45,One year,DSL,0,1,12,-0.0530470872593353,0.007586166277658156,Low,Sleeping Dog
7435-ZNUYY,6,20.6,One year,No,0,0,12,0.2995482244176907,0.7790361704663001,High,Persuadable
1354-YZFNB,4,19.55,Two year,No,0,0,24,0.2794055859435885,0.005557479766860645,Low,Sure Thing
6956-SMUCM,3,99.0,Month-to-month,Fiber optic,1,4,1,0.1991667175775141,0.4375689311502719,Medium,Persuadable
2985-FMWYF,23,93.5,Month-to-month,Fiber optic,0,2,1,-0.1495900298800166,0.008819290527417404,Low,Sleeping Dog
2812-ENYMO,26,54.55,One year,DSL,0,4,12,-0.0657294065981742,0.6796933269415711,High,Lost Cause
2717-HVIZY,8,20.05,Month-to-month,No,0,0,1,0.2854741032504064,0.8352808121198412,High,Persuadable
3223-WZWJM,26,83.95,Month-to-month,Fiber optic,1,1,1,-0.1841431621603205,0.006862524914705921,Low,Sleeping Dog
3422-GALYP,2,79.45,Month-to-month,Fiber optic,0,1,1,-0.0242949976125432,0.1497195084163989,Low,Sleeping Dog
9053-JZFKV,67,116.2,Two year,Fiber optic,1,6,24,-0.4577904419467113,0.03973650269479204,Low,Sleeping Dog
2530-ENDWQ,71,93.7,Two year,Fiber optic,1,2,24,-0.068941026666363,0.554305553684723,Medium,Lost Cause
2890-WFBHU,59,79.85,One year,DSL,0,5,12,-0.1508548238658658,0.007817038139671524,Low,Sleeping Dog
0327-WFZSY,39,100.0,One year,Fiber optic,0,3,12,-0.1283624318079849,0.10233862666284159,Low,Sleeping Dog
7977-HXJKU,21,19.6,Two year,No,0,0,24,0.2905612171599642,0.031112903490416014,Low,Sure Thing
6615-ZGEDR,1,19.7,Month-to-month,No,1,0,1,0.278060819952042,0.20639618705212845,Low,Sure Thing
7033-CLAMM,48,20.2,Two year,No,0,0,24,0.2874015447877719,0.46478154610387623,Medium,Persuadable
4023-RTIQM,31,50.4,One year,DSL,0,4,12,-0.0162189557154615,0.16275602090026378,Low,Sleeping Dog
0864-FVJNJ,64,113.35,One year,Fiber optic,0,6,12,-0.4606374794979826,0.053628623998352366,Low,Sleeping Dog
7356-IWLFW,46,80.0,Month-to-month,Fiber optic,0,1,1,-0.1513664514337325,0.02927044001412571,Low,Sleeping Dog
9541-PWTWO,52,80.95,Two year,DSL,0,4,24,-0.1508548238658658,0.15808190745657394,Low,Sleeping Dog
3967-VQOGC,67,24.9,Two year,No,0,0,24,0.3020515521325539,0.004826829020177372,Low,Sure Thing
7872-RDDLZ,67,54.9,Month-to-month,DSL,0,1,1,-0.0222078266148966,0.006132990338043553,Low,Sleeping Dog
9250-WYPLL,5,75.55,Month-to-month,Fiber optic,1,0,1,-0.1445596396750117,0.7400095532922145,High,Lost Cause
6308-CQRBU,71,109.25,Two year,Fiber optic,0,5,24,0.1592009561901492,0.6575598213413343,High,Persuadable
2754-XBHTB,9,77.65,Month-to-month,Fiber optic,1,1,1,-0.188895097959676,0.005782024836290006,Low,Sleeping Dog
1597-LHYNC,26,95.0,Month-to-month,Fiber optic,1,3,1,-0.174327303056771,0.010939976514327104,Low,Sleeping Dog
0186-CAERR,71,116.3,One year,Fiber optic,0,6,12,-0.2389415814402401,0.7203093780214961,High,Lost Cause
3043-SUDUA,32,19.9,Month-to-month,No,0,0,1,0.3107736621735916,0.21965680149032088,Low,Sure Thing
5442-BHQNG,2,70.35,Month-to-month,Fiber optic,0,0,1,-0.1093082199468983,0.6136480962590879,High,Lost Cause
2169-RRLFW,71,25.6,Two year,No,0,0,24,0.3200147580072676,0.009155475038017861,Low,Sure Thing
5872-OEQNH,60,44.45,One year,DSL,0,3,12,-0.0711089683939436,0.08754491073470201,Low,Sleeping Dog
3162-KKZXO,55,100.15,One year,Fiber optic,0,3,12,-0.1714568798264736,0.38982984084670397,Medium,Lost Cause
7055-VKGDA,54,105.4,One year,Fiber optic,1,5,12,-0.1199245058572334,0.07892066302835758,Low,Sleeping Dog
0754-UKWQP,2,95.85,Month-to-month,Fiber optic,1,3,1,0.0773433373065791,0.23044968352805942,Low,Sure Thing
8873-GLDMH,6,73.85,Month-to-month,Fiber optic,0,0,1,-0.1667465279908943,0.5784142868374706,Medium,Lost Cause
5696-JVVQY,48,70.1,Two year,DSL,0,4,24,-0.1446726629221789,0.7258956285040817,High,Lost Cause
8946-BFWSG,63,25.25,Two year,No,0,0,24,0.3020515521325539,0.42507396634610317,Medium,Persuadable
7493-TPUWZ,1,79.15,Month-to-month,Fiber optic,1,1,1,-0.3364827905478125,0.7218296608431832,High,Lost Cause
0547-HURJB,12,21.05,Month-to-month,No,0,0,1,0.3111875775139368,0.003624070155899726,Low,Sure Thing
8904-OPDCK,54,24.95,Month-to-month,DSL,0,0,1,0.2734914864685003,0.27264191978952357,Low,Sure Thing
8845-LWKGE,30,64.5,One year,DSL,0,3,12,-0.0636810894932372,0.37655365229233445,Medium,Lost Cause
1577-HKTFG,30,19.65,Month-to-month,No,1,0,1,0.2658239439832097,0.2571359477436938,Low,Sure Thing
8752-STIVR,4,79.0,Month-to-month,Fiber optic,1,1,1,-0.1445596396750117,0.3327672183485589,Medium,Lost Cause
0691-NIKRI,40,105.95,One year,Fiber optic,0,4,12,-0.1380979043388044,0.5381239895184665,Medium,Lost Cause
5022-JNQEQ,9,75.85,Month-to-month,Fiber optic,0,1,1,-0.188895097959676,0.1556447421958336,Low,Sleeping Dog
4558-FANTW,17,91.85,Month-to-month,Fiber optic,1,3,1,-0.1461505384888911,0.6209427508884026,High,Lost Cause
3249-VHRIP,62,43.6,Two year,DSL,0,3,24,0.2229601766094705,0.29325298171497444,Low,Sure Thing
3736-BLEPA,28,91.25,One year,Fiber optic,0,3,12,-0.174327303056771,0.16022760638327935,Low,Sleeping Dog
4701-LKOZD,70,89.75,Two year,DSL,0,6,24,-0.068941026666363,0.02676815389756211,Low,Sleeping Dog
6603-QWSPR,46,104.4,Two year,Fiber optic,0,5,24,-0.1213364826719196,0.8411666258816268,High,Lost Cause
9921-QFQUL,23,90.15,Month-to-month,Fiber optic,0,2,1,-0.1495900298800166,0.6601026649859963,High,Lost Cause
1929-ZCBHE,47,40.3,One year,DSL,0,3,12,-0.0982252299922637,0.23611363912966457,Low,Sleeping Dog
4378-MYPGO,68,105.25,Two year,Fiber optic,0,5,24,-0.1209061080141463,0.14934639074399672,Low,Sleeping Dog
8651-ENBZX,60,106.0,One year,Fiber optic,1,4,12,-0.1109403899518621,0.006337983423569116,Low,Sleeping Dog
4129-LYCOI,67,104.0,Two year,Fiber optic,0,4,24,0.0425420587534881,0.0365232247333112,Low,Sure Thing
7798-JVXYM,14,69.65,Month-to-month,DSL,0,3,1,-0.1381599315318153,0.8004977260547848,High,Lost Cause
8647-SDTWQ,57,74.3,Month-to-month,Fiber optic,0,0,1,-0.1336049279106783,0.2848867375343296,Low,Sleeping Dog
2696-ECXKC,55,100.9,One year,Fiber optic,0,3,12,-0.1667820727399019,0.009980752717356626,Low,Sleeping Dog
2081-KJSQF,1,20.25,Month-to-month,No,0,0,1,0.278060819952042,0.35691707668561784,Medium,Persuadable
7623-TRNQN,1,49.9,Month-to-month,DSL,1,1,1,0.0003955187389117,0.013452996137919731,Low,Sure Thing
3323-CPBWR,23,96.9,Month-to-month,Fiber optic,0,3,1,-0.1570891812282926,0.7773043073854232,High,Lost Cause
9330-IJWIO,13,100.35,Month-to-month,Fiber optic,1,3,1,-0.1451353854304868,0.6237756854006777,High,Lost Cause
3384-CTMSF,47,104.1,Month-to-month,Fiber optic,0,4,1,-0.1213364826719196,0.16898074879659417,Low,Sleeping Dog
0902-RFHOF,38,20.1,One year,No,0,0,12,0.3107736621735916,0.018635685097312647,Low,Sure Thing
9286-DOJGF,38,74.95,Month-to-month,Fiber optic,1,0,1,-0.1989289011265257,0.0011388393277985864,Low,Sleeping Dog
6048-QBXKL,2,56.55,Month-to-month,DSL,0,1,1,0.0024631046097613,0.2689638395077036,Low,Sure Thing
9661-MHUMO,1,49.25,Month-to-month,DSL,1,1,1,0.0003955187389117,0.1309356885395968,Low,Sure Thing
7718-RXDGG,15,68.6,Month-to-month,Fiber optic,0,0,1,-0.1381599315318153,0.0334048494058928,Low,Sleeping Dog
1025-FALIX,26,69.05,Month-to-month,Fiber optic,0,0,1,-0.155418884173906,0.14760062874413826,Low,Sleeping Dog
3451-VAWLI,35,19.7,Two year,No,0,0,24,0.3107736621735916,0.7173215790841025,High,Persuadable
3407-QGWLG,3,20.05,Month-to-month,No,0,0,1,0.2794055859435885,0.26583211473855034,Low,Sure Thing
1842-EZJMK,50,103.7,Month-to-month,Fiber optic,1,4,1,-0.2235060519926404,0.18912372502423683,Low,Sleeping Dog
2347-WKKAE,42,94.4,Month-to-month,Fiber optic,0,3,1,-0.1293775848663892,0.7855764578742072,High,Lost Cause
8735-DCXNF,10,54.95,Month-to-month,DSL,0,2,1,-0.0429225213336422,0.010935195576785258,Low,Sleeping Dog
3214-IYUUQ,61,93.7,One year,Fiber optic,0,4,12,-0.1328892896999479,0.9576999638505072,High,Lost Cause
1936-UAFEH,68,110.25,Two year,Fiber optic,0,5,24,0.1527709701109826,0.0048737845382419275,Low,Sure Thing
3587-PMCOY,10,98.9,One year,Fiber optic,0,4,12,0.0237082528071808,0.00929555674928025,Low,Sure Thing
8079-XRJRS,65,89.75,One year,Fiber optic,1,3,12,-0.1328892896999479,0.2770272981768345,Low,Sleeping Dog
1027-LKKQQ,72,80.45,Two year,DSL,0,5,24,-0.0753079971339067,0.11683825551671571,Low,Sleeping Dog
7148-XZPHA,55,79.4,Month-to-month,Fiber optic,0,2,1,-0.1508548238658658,0.008686525843363628,Low,Sleeping Dog
8073-IJDCM,1,20.3,Month-to-month,No,1,0,1,0.278060819952042,0.40883250015219136,Medium,Persuadable
5309-TAIKL,7,62.8,Month-to-month,DSL,0,3,1,-0.0117843416154949,0.05705158789973059,Low,Sleeping Dog
6856-RAURS,2,74.9,Month-to-month,Fiber optic,0,0,1,-0.0287629992868477,0.08431018724503336,Low,Sleeping Dog
8778-LMWTJ,9,74.85,Month-to-month,Fiber optic,0,1,1,-0.188895097959676,0.008099848958464337,Low,Sleeping Dog
9717-IOAAF,27,25.85,Two year,No,0,0,24,0.279898065150494,0.09353731725102594,Low,Sure Thing
8884-ADFVN,7,101.95,Month-to-month,Fiber optic,1,3,1,-0.4689748116084532,0.027505073505076912,Low,Sleeping Dog
2845-KDHVX,64,68.3,Two year,DSL,0,4,24,-0.0983589747172831,0.29852607092163547,Low,Sleeping Dog
0848-SOMKO,70,48.4,Two year,DSL,0,4,24,-0.0397665085803296,0.024375211988487355,Low,Sleeping Dog
2720-WGKHP,2,94.0,Month-to-month,Fiber optic,1,2,1,0.0848424886548552,0.8789114394597979,High,Persuadable
6734-FQAJX,67,105.05,Two year,Fiber optic,0,5,24,-0.0952196980115282,0.8431880660811294,High,Lost Cause
2869-ADAWR,45,89.3,Month-to-month,Fiber optic,1,2,1,-0.1293775848663892,0.002492200332416692,Low,Sleeping Dog
1535-VTJOQ,24,25.15,Two year,No,0,0,24,0.279898065150494,0.0015658702781707935,Low,Sure Thing
6368-TZZDT,4,19.5,Two year,No,0,0,24,0.2794055859435885,0.4924722432372864,Medium,Persuadable
0943-ZQPXH,44,92.95,Month-to-month,Fiber optic,0,3,1,-0.1293775848663892,0.026308305823811398,Low,Sleeping Dog
1293-BSEUN,72,20.7,Two year,No,0,0,24,0.3087056166015536,0.23009717750873815,Low,Sure Thing
9894-EZEWG,1,74.3,Month-to-month,Fiber optic,1,1,1,-1.0589780680955478,0.13230179268604542,Low,Sleeping Dog
1302-TPUBN,66,19.35,Two year,No,0,0,24,0.2879774309652697,0.000871111317363317,Low,Sure Thing
7851-FLGGQ,1,44.65,Month-to-month,DSL,1,3,1,-0.1340528840520785,0.5469076731095652,Medium,Lost Cause
0637-UBJRP,13,84.05,Month-to-month,Fiber optic,1,2,1,-0.1559663975924406,0.16597396199710157,Low,Sleeping Dog
0940-OUQEC,10,80.7,Month-to-month,Fiber optic,1,1,1,-0.1844270962853715,0.013574709156413135,Low,Sleeping Dog
2378-VTKDH,65,104.35,Month-to-month,Fiber optic,0,4,1,-0.0941789682849774,0.010571902832399754,Low,Sleeping Dog
0927-CNGRH,1,19.55,Month-to-month,No,0,0,1,0.278060819952042,0.6066135773925865,High,Persuadable
8608-OZTLB,38,74.05,One year,DSL,0,5,12,-0.134116555478545,0.056563565753578716,Low,Sleeping Dog
2335-GSODA,23,40.1,Two year,DSL,0,3,24,-0.1184376750058911,0.41737485364882515,Medium,Lost Cause
1952-DVVSW,10,20.1,One year,No,0,0,12,0.2854741032504064,0.778063752739038,High,Persuadable
0702-PGIBZ,4,101.7,Month-to-month,Fiber optic,1,3,1,-0.3325016585466102,0.028783077251830432,Low,Sleeping Dog
6656-GULJQ,72,83.55,Two year,DSL,0,5,24,-0.1366136629706088,0.6684003509779073,High,Lost Cause
9853-JFZDU,35,56.85,Month-to-month,DSL,0,2,1,-0.0153344096546407,0.6476752494472354,High,Lost Cause
1963-VAUKV,1,20.4,Month-to-month,No,1,0,1,0.2921349411193263,0.28647441532327406,Low,Sure Thing
3777-XROBG,58,19.55,Two year,No,0,0,24,0.2874015447877719,0.49131269595311006,Medium,Persuadable
6994-FGRHH,70,106.15,One year,Fiber optic,0,5,12,-0.1294532223786254,0.9273200389001571,High,Lost Cause
4000-VGMQP,38,78.95,One year,DSL,0,4,12,-0.155834453108037,0.03184573816497318,Low,Sleeping Dog
3999-WRNGR,60,49.75,Month-to-month,DSL,0,3,1,-0.047369024600143,0.011442892997418184,Low,Sleeping Dog
3466-RITXD,26,92.4,Month-to-month,Fiber optic,0,3,1,-0.174327303056771,0.00595439046954014,Low,Sleeping Dog
2680-XKKNJ,8,58.2,One year,DSL,0,3,12,-0.0374772425804905,0.8321127035614841,High,Lost Cause
3058-HJCUY,41,102.6,One year,Fiber optic,1,4,12,0.0780384411840555,0.08236626154191028,Low,Sure Thing
2974-GGUXS,36,91.95,Month-to-month,Fiber optic,0,2,1,-0.1724720328848779,0.0743333494782075,Low,Sleeping Dog
7994-XIRTR,54,65.25,One year,DSL,0,3,12,-0.0618258193213441,0.12881917798705203,Low,Sleeping Dog
3259-FDWOY,71,106.0,Two year,Fiber optic,1,4,24,-0.5869020611040878,0.06455354141660473,Low,Sleeping Dog
2101-RANCD,55,73.1,Month-to-month,Fiber optic,0,0,1,-0.1331742555713886,0.2033731522933454,Low,Sleeping Dog
7921-BEPCI,72,59.75,Two year,DSL,0,2,24,0.0014736678045381,0.011144725011048654,Low,Sure Thing
0807-ZABDG,3,55.1,Month-to-month,DSL,1,2,1,-0.0489910386404601,0.01938664132945311,Low,Sleeping Dog
8510-TMWYB,54,59.8,Two year,DSL,0,2,24,-0.0029273398403703,0.8220559263811381,High,Lost Cause
3258-ZKPAI,72,116.6,Two year,Fiber optic,0,6,24,-0.2389415814402401,0.5364432960910617,Medium,Lost Cause
1428-IEDPR,52,109.3,Two year,Fiber optic,0,5,24,0.0217497378886498,0.7059317991752884,High,Persuadable
5298-GSTLM,60,101.4,One year,Fiber optic,0,3,12,-0.1245142898210268,0.5504008759880467,Medium,Lost Cause
4450-YOOHP,39,50.65,Month-to-month,DSL,0,3,1,-0.0328346422457079,0.014421004293352788,Low,Sleeping Dog
6728-CZFEI,15,56.15,One year,DSL,0,1,12,-0.0597996705119363,0.10815577081353052,Low,Sleeping Dog
5748-RNCJT,69,106.5,Two year,Fiber optic,1,4,24,0.2216318506411266,0.5957825426399351,Medium,Persuadable
3653-NCRDJ,43,19.2,One year,No,0,0,12,0.3274518221114808,0.005928801348977083,Low,Sure Thing
6121-TNHBO,63,83.0,One year,DSL,0,5,12,-0.1085870409469906,0.22372895359169234,Low,Sleeping Dog
5119-NZPTV,2,70.1,Month-to-month,Fiber optic,0,0,1,-0.1087711613896808,0.34672371601713586,Medium,Lost Cause
6519-ZHPXP,72,108.3,Two year,Fiber optic,0,6,24,0.1592009561901492,0.08459415554771549,Low,Sure Thing
7739-LAXOG,32,91.05,Month-to-month,Fiber optic,1,2,1,-0.1293775848663892,0.008444950999992188,Low,Sleeping Dog
3472-QPRCH,40,25.25,Two year,No,0,0,24,0.3248477833408759,0.40075271345584507,Medium,Persuadable
8224-UAXBZ,58,45.35,One year,DSL,0,3,12,-0.0716848545714414,0.3173629020631321,Medium,Lost Cause
9610-WCESF,67,43.9,Two year,DSL,0,3,24,-0.0323040115203438,0.1991067189660045,Low,Sleeping Dog
9776-CLUJA,51,77.5,Month-to-month,Fiber optic,1,1,1,-0.1989289011265257,0.1493432867705459,Low,Sleeping Dog
2486-WYVVE,31,79.3,One year,DSL,0,4,12,-0.1072666591587911,0.45421844617790824,Medium,Lost Cause
3865-ZYKAD,69,84.9,Month-to-month,Fiber optic,0,2,1,-0.086809657610901,0.09777592868822493,Low,Sleeping Dog
1422-DGUBX,32,79.25,One year,Fiber optic,0,1,12,-0.155834453108037,0.42117071991393423,Medium,Lost Cause
2999-AANRQ,21,71.05,Two year,DSL,0,4,24,-0.1433702195261354,0.12018665213149443,Low,Sleeping Dog
8668-KNZTI,52,53.75,One year,DSL,0,2,12,-0.0358899569397253,0.03742611653951531,Low,Sleeping Dog
0480-KYJVA,72,24.25,Two year,No,0,0,24,0.3087056166015536,0.8405695625183031,High,Persuadable
6034-ZRYCV,72,54.2,Two year,DSL,1,4,24,-0.0039716109486135,0.008042168039664689,Low,Sleeping Dog
9746-YKGXB,52,44.25,One year,DSL,0,3,12,-0.0716848545714414,0.16568668798156602,Low,Sleeping Dog
3926-YZVVX,41,50.05,One year,DSL,0,1,12,-0.0328346422457079,0.9123790211554107,High,Lost Cause
6000-UKLWI,41,20.15,Two year,No,0,0,24,0.3107736621735916,0.26169971444460866,Low,Sure Thing
2079-FBMZK,6,69.25,Month-to-month,Fiber optic,1,0,1,-0.1435298108351631,0.2961909788381681,Low,Sleeping Dog
6332-FBZRI,67,69.35,One year,DSL,0,4,12,-0.0983589747172831,0.40153002737768756,Medium,Lost Cause
2096-XOTMO,16,19.35,Month-to-month,No,0,0,1,0.2940007085510896,0.019338124150781746,Low,Sure Thing
3266-FTKHB,17,19.15,Two year,No,0,0,24,0.3106788684889788,0.006523051279806524,Low,Sure Thing
8221-EQDGL,35,61.0,Month-to-month,DSL,0,3,1,0.0121829286915625,0.8480947023601998,High,Persuadable
2346-LOCWC,58,20.5,Two year,No,0,0,24,0.3014756659550562,0.059504871139877825,Low,Sure Thing
6608-QQLVK,1,50.5,Month-to-month,DSL,1,1,1,0.0003955187389117,0.005595703881363295,Low,Sure Thing
0298-XACET,52,50.2,Two year,DSL,0,4,24,-0.0479449107776408,0.46832084205863667,Medium,Lost Cause
7560-QJAVJ,70,79.6,Two year,DSL,0,5,24,-0.0753079971339067,0.020239921083386837,Low,Sleeping Dog
2995-YWTCD,19,24.9,Two year,No,0,0,24,0.3080748297183739,0.9011080675502994,High,Persuadable
3551-HUAZH,1,74.4,Month-to-month,Fiber optic,1,0,1,-1.0589780680955478,0.022829212113498185,Low,Sleeping Dog
9137-UIYPG,35,106.9,Month-to-month,Fiber optic,0,5,1,-0.2107024876999784,0.18512249468649167,Low,Sleeping Dog
2809-ZMYOQ,32,101.35,Month-to-month,Fiber optic,0,3,1,-0.151671804207969,0.012907255684640581,Low,Sleeping Dog
5084-OOVCJ,17,55.35,Month-to-month,DSL,0,2,1,-0.0375526420302944,0.5301925301831569,Medium,Lost Cause
0254-WWRKD,67,50.55,One year,DSL,0,1,12,-0.047369024600143,0.16635639738996008,Low,Sleeping Dog
7727-SHVZV,9,19.5,Month-to-month,No,0,0,1,0.2854741032504064,0.22192369893677433,Low,Sure Thing
6302-JGYRJ,31,79.45,One year,DSL,1,4,12,-0.1027986574844866,0.011851537555754849,Low,Sleeping Dog
5339-PXDVH,4,90.65,Month-to-month,Fiber optic,0,2,1,-0.0582439899178585,0.820645288170012,High,Lost Cause
2205-LPVGL,58,89.85,One year,Fiber optic,0,3,12,-0.1724720328848779,0.054211309858580824,Low,Sleeping Dog
8782-NUUOL,60,79.0,One year,DSL,0,5,12,-0.143724261841796,0.03122244445180269,Low,Sleeping Dog
3685-YLCMQ,58,104.65,One year,Fiber optic,1,4,12,-0.1364467512038525,0.5828437218181789,Medium,Lost Cause
7601-WFVZV,1,19.55,Month-to-month,No,0,0,1,0.278060819952042,0.8443422529602117,High,Persuadable
4609-KNNWG,27,19.9,Two year,No,0,0,24,0.2658239439832097,0.3922546197396369,Medium,Persuadable
4868-AADLV,66,116.25,One year,Fiber optic,0,6,12,-0.4207005738642533,0.0008838824272402931,Low,Sleeping Dog
9529-OFXHY,15,87.75,Month-to-month,Fiber optic,0,2,1,-0.1482423371795192,0.06636041628816593,Low,Sleeping Dog
8634-MPHTR,47,100.05,Month-to-month,Fiber optic,1,3,1,-0.1714568798264736,0.13025244783507275,Low,Sleeping Dog
2669-QVCRG,41,81.3,Month-to-month,Fiber optic,0,1,1,-0.1513664514337325,0.030305064567458462,Low,Sleeping Dog
2478-EEWWM,59,44.3,Month-to-month,DSL,0,2,1,-0.0716848545714414,0.061926129847167055,Low,Sleeping Dog
9174-IHETN,50,70.35,Two year,Fiber optic,0,0,24,-0.1452097214793964,0.4687378352382446,Medium,Lost Cause
2233-TXSIU,17,44.45,One year,DSL,0,3,12,-0.0733475396620104,0.30837644204093984,Medium,Lost Cause
9644-UMGQA,6,49.15,Month-to-month,DSL,0,1,1,-0.0549774751715577,0.17777201935774514,Low,Sleeping Dog
3256-EZDBI,51,29.45,Month-to-month,DSL,0,1,1,-0.0904661579032231,0.29198166339850457,Low,Sleeping Dog
8761-NSOBC,44,100.55,Month-to-month,Fiber optic,1,4,1,0.0328765578132841,0.56785908715178,Medium,Persuadable
0419-YAAPX,49,85.3,Month-to-month,Fiber optic,0,2,1,-0.1465796520889501,0.04036956328633452,Low,Sleeping Dog
8413-VONUO,2,95.65,Month-to-month,Fiber optic,1,3,1,0.0773433373065791,0.12749487070393087,Low,Sure Thing
0872-CASZJ,59,69.1,One year,DSL,0,3,12,-0.1099575384156574,0.08091354704423297,Low,Sleeping Dog
4726-DLWQN,50,70.35,Month-to-month,DSL,0,3,1,-0.1731939009659523,0.004361609410567191,Low,Sleeping Dog
8164-OCKUJ,59,20.6,Two year,No,0,0,24,0.3014756659550562,0.6635767189316027,High,Persuadable
3094-JOJAI,18,74.15,Month-to-month,Fiber optic,0,0,1,-0.1508895091010469,0.002938969380376471,Low,Sleeping Dog
9494-MRNYX,10,75.05,Month-to-month,Fiber optic,0,0,1,-0.188895097959676,0.00194110994431537,Low,Sleeping Dog
2599-CZABP,14,44.6,One year,DSL,0,0,12,-0.0733475396620104,0.5748462372057719,Medium,Lost Cause
7945-PRBVF,35,21.45,Two year,No,0,0,24,0.3248477833408759,0.35932096255427726,Medium,Persuadable
4544-RXFMG,8,43.45,One year,DSL,0,0,12,0.2153517260380559,0.035413742400443544,Low,Sure Thing
0859-YGKFW,18,20.05,One year,No,0,0,12,0.2940007085510896,0.6747282132546882,High,Persuadable
1150-FTQGN,60,94.15,One year,Fiber optic,0,3,12,-0.1328892896999479,0.24830354837312762,Low,Sleeping Dog
9223-UCPVT,1,94.4,Month-to-month,Fiber optic,1,3,1,-0.2228773026061093,0.2312426396259959,Low,Sleeping Dog
7196-LIWRH,6,19.55,Two year,No,0,0,24,0.2854741032504064,0.007662713255123444,Low,Sure Thing
5448-VWNAM,19,75.9,Month-to-month,DSL,0,4,1,-0.1726074067305389,0.2938751504415648,Low,Sleeping Dog
1177-XZBJL,53,64.15,One year,DSL,0,3,12,-0.0338416398347883,0.05832515247690764,Low,Sleeping Dog
3518-FSTWG,72,109.55,Two year,Fiber optic,0,5,24,0.1511481843491607,0.0021593533076429286,Low,Sure Thing
9330-VOFSZ,60,110.8,Two year,Fiber optic,0,5,24,0.0855227635941145,0.758282627693454,High,Persuadable
4351-QLCSU,1,55.0,Month-to-month,DSL,1,1,1,0.0599551303353236,0.5554823999945518,Medium,Persuadable
0939-EREMR,13,53.45,Month-to-month,DSL,0,2,1,-0.0375526420302944,0.9562255727407066,High,Lost Cause
9389-ACWBI,5,69.95,Month-to-month,Fiber optic,0,0,1,-0.1495983281419811,0.5000297923529026,Medium,Lost Cause
5419-JPRRN,1,101.45,Month-to-month,Fiber optic,1,3,1,-0.4971349712348611,0.14775023983405222,Low,Sleeping Dog
3644-QXEHN,13,97.0,Month-to-month,Fiber optic,0,3,1,-0.1536496898371672,0.005164028255006843,Low,Sleeping Dog
2911-IJORQ,37,90.6,One year,DSL,0,6,12,-0.1293775848663892,0.008258261252545793,Low,Sleeping Dog
5921-NGYRH,64,73.55,Month-to-month,Fiber optic,0,1,1,-0.1215756918730143,0.007915945935559894,Low,Sleeping Dog
2100-BDNSN,5,67.95,Month-to-month,DSL,1,3,1,-0.0578605334613123,0.619741881262749,High,Lost Cause
5998-DZLYR,61,94.35,Two year,Fiber optic,0,3,24,-0.1328892896999479,0.7062014667341959,High,Lost Cause
0488-GSLFR,1,69.5,Month-to-month,Fiber optic,1,0,1,-0.4028498447391783,0.6466717199455174,High,Lost Cause
9318-NKNFC,1,18.85,Month-to-month,No,1,0,1,0.2947389798899313,0.2370866363672023,Low,Sure Thing
3985-HOYPM,26,19.4,One year,No,0,0,12,0.2658239439832097,0.9496918107066521,High,Persuadable
9728-FTTVZ,1,69.2,Month-to-month,Fiber optic,1,0,1,-0.4028498447391783,0.19613116143102646,Low,Sleeping Dog
9548-LERKT,24,19.75,Two year,No,0,0,24,0.2658239439832097,0.09541520626542416,Low,Sure Thing
6576-FBXOJ,17,54.6,One year,DSL,0,4,12,-0.0375526420302944,0.21768206179101868,Low,Sleeping Dog
4310-KEDTB,26,29.8,Month-to-month,DSL,0,1,1,0.2282549092445679,0.021944074352584792,Low,Sure Thing
7254-IQWOZ,1,69.65,Month-to-month,Fiber optic,1,0,1,-0.4028498447391783,0.05498459152459784,Low,Sleeping Dog
2474-BRUCM,40,101.85,Month-to-month,Fiber optic,1,3,1,-0.1947662522264578,0.09414499237943182,Low,Sleeping Dog
4062-HBMOS,52,103.05,Month-to-month,Fiber optic,0,4,1,-0.2235060519926404,0.01810100105808844,Low,Sleeping Dog
0742-NXBGR,1,82.3,Month-to-month,Fiber optic,1,2,1,-0.332014788873508,0.1895667002307222,Low,Sleeping Dog
2676-ISHSF,1,20.3,Month-to-month,No,0,0,1,0.278060819952042,0.07441790998272102,Low,Sure Thing
9236-NDUCW,21,35.1,Two year,DSL,0,2,24,-0.1184376750058911,0.03465343175858698,Low,Sleeping Dog
4753-PADAS,67,105.7,One year,Fiber optic,0,4,12,-0.141609609172363,0.12894183911446208,Low,Sleeping Dog
6103-QCKFX,44,56.25,Month-to-month,DSL,0,2,1,-0.0430267168894344,0.22983168521979225,Low,Sleeping Dog
7781-EWARA,70,60.35,One year,DSL,0,5,12,0.0016119918013591,0.0053510346940762,Low,Sure Thing
6110-OHIHY,3,79.25,Month-to-month,Fiber optic,1,1,1,-0.0623776027790588,0.014230490149344634,Low,Sleeping Dog
7018-FPXHH,56,59.8,Two year,DSL,0,3,24,-0.0303063541897525,0.5601454020934066,Medium,Lost Cause
5889-LFOLL,13,84.6,Month-to-month,Fiber optic,1,1,1,-0.1559663975924406,0.15903021523792185,Low,Sleeping Dog
5708-EVONK,58,93.4,Month-to-month,Fiber optic,1,3,1,-0.1444878533983221,0.03193940878867567,Low,Sleeping Dog
8708-XPXHZ,42,94.2,Month-to-month,Fiber optic,1,2,1,-0.1293775848663892,0.005149306672267261,Low,Sleeping Dog
0616-ATFGB,1,25.05,Month-to-month,DSL,1,0,1,0.2921349411193263,0.024875133850123216,Low,Sure Thing
0572-ZJKLT,46,99.65,Two year,Fiber optic,0,4,24,-0.1283624318079849,0.004210011415186429,Low,Sleeping Dog
5135-RDDQL,63,50.65,Two year,DSL,0,1,24,-0.047369024600143,0.5430797052129521,Medium,Lost Cause
1353-LJWEM,11,60.9,Month-to-month,DSL,0,3,1,0.0190972952403437,0.3287880443517098,Medium,Persuadable
1794-SWWKL,15,59.65,Month-to-month,DSL,0,2,1,-0.0321073632771427,0.006770061580747448,Low,Sleeping Dog
6166-YIPFO,72,64.7,Two year,DSL,0,6,24,-0.0019232938436765,0.7810364323469249,High,Lost Cause
7016-BPGEU,29,25.1,Month-to-month,DSL,1,0,1,0.279898065150494,0.06627008133278996,Low,Sure Thing
6876-ADESB,1,48.95,Month-to-month,DSL,1,1,1,-0.1340528840520785,0.9078606671191856,High,Lost Cause
9332-GYWLO,6,54.85,Month-to-month,DSL,0,1,1,-0.0429225213336422,0.6837372185918559,High,Lost Cause
1963-SVUCV,1,45.3,Month-to-month,DSL,1,0,1,-0.1340528840520785,0.43739118545520816,Medium,Lost Cause
4184-VODJZ,63,91.35,One year,Fiber optic,0,2,12,-0.1328892896999479,0.04682674647324949,Low,Sleeping Dog
0220-EBGCE,2,85.85,Month-to-month,Fiber optic,1,2,1,0.1396222780061026,0.30874752442548037,Medium,Persuadable
1092-WPIVQ,18,25.1,Two year,No,0,0,24,0.3080748297183739,0.3164259418077849,Medium,Persuadable
7233-IOQNP,43,34.0,Month-to-month,DSL,0,2,1,-0.0982252299922637,0.9394955165655613,High,Lost Cause
2834-JKOOW,15,45.9,One year,DSL,0,4,12,-0.0733475396620104,0.0013345160934162589,Low,Sleeping Dog
2754-VDLTR,10,95.2,Month-to-month,Fiber optic,1,2,1,-0.159019569140515,0.007693388353705883,Low,Sleeping Dog
2400-FEQME,55,20.5,Two year,No,0,0,24,0.3014756659550562,0.7946077260332799,High,Persuadable
3190-XFANI,49,100.6,One year,Fiber optic,1,3,12,0.0177662892813512,0.09848925081573999,Low,Sure Thing
7551-DACSP,6,55.3,Month-to-month,DSL,1,2,1,-0.0429225213336422,0.9068879468630876,High,Lost Cause
4957-SREEC,70,20.35,Two year,No,0,0,24,0.3200147580072676,0.1246129466347707,Low,Sure Thing
7235-NXZCP,2,74.85,Month-to-month,Fiber optic,1,0,1,-0.0287629992868477,0.009203497777965638,Low,Sleeping Dog
0230-UBYPQ,63,36.1,One year,DSL,0,2,12,-0.0820903931261979,0.07764741906202012,Low,Sleeping Dog
4923-ADWXJ,25,65.8,Month-to-month,DSL,0,3,1,-0.0636810894932372,0.05973417773705073,Low,Sleeping Dog
1763-KUAAW,18,20.35,One year,No,0,0,12,0.3080748297183739,0.018341867509701303,Low,Sure Thing
1104-TNLZA,28,105.8,Month-to-month,Fiber optic,0,4,1,-0.2913876242929505,0.1874675003097399,Low,Sleeping Dog
5195-KPUNQ,53,96.75,One year,Fiber optic,0,4,12,-0.179971184233154,0.8049455422553349,High,Lost Cause
0520-FDVVT,35,102.35,One year,Fiber optic,1,4,12,-0.151671804207969,0.6601384648488692,High,Lost Cause
3439-GVUSX,1,24.4,Month-to-month,DSL,0,0,1,0.2921349411193263,0.03191644950172721,Low,Sure Thing
1444-VVSGW,70,115.65,One year,Fiber optic,1,6,12,-0.2389415814402401,0.7267743323145494,High,Lost Cause
5712-PTIWW,2,79.85,Month-to-month,Fiber optic,1,2,1,-0.0242949976125432,0.6687290298354092,High,Lost Cause
5949-HGVJL,26,73.05,Month-to-month,DSL,0,4,1,-0.1786356013296372,0.17340904310139996,Low,Sleeping Dog
5203-XEHAX,34,64.35,One year,DSL,0,3,12,-0.0187313713028554,0.01877876245088191,Low,Sleeping Dog
1635-HDGFT,19,20.5,Two year,No,0,0,24,0.3080748297183739,0.007860012696801108,Low,Sure Thing
3315-TOTBP,15,76.0,Month-to-month,Fiber optic,1,0,1,-0.1835252186563282,0.10312889977029908,Low,Sleeping Dog
8050-XGRVL,62,54.75,One year,DSL,0,2,12,-0.0353140707622275,0.015191816244995457,Low,Sleeping Dog
6661-HBGWL,42,104.75,Month-to-month,Fiber optic,1,4,1,-0.1479086853437892,0.0786947510944525,Low,Sleeping Dog
1518-VOWAV,9,74.65,Month-to-month,DSL,1,4,1,-0.0639001124163553,0.12757201649900063,Low,Sleeping Dog
9828-QHFBK,24,51.15,Month-to-month,DSL,0,1,1,-0.0657294065981742,0.9437063561571245,High,Lost Cause
3908-MKIMJ,68,41.95,Two year,DSL,0,3,24,-0.1419768229022025,0.030714882887825395,Low,Sleeping Dog
5012-YSPJJ,31,54.35,Month-to-month,DSL,0,2,1,0.0277881055414534,0.003170955382767808,Low,Sure Thing
5909-ECHUI,1,56.25,Month-to-month,DSL,1,1,1,0.0377081018536816,0.7262308756163343,High,Persuadable
1309-BXVOQ,21,106.1,Month-to-month,Fiber optic,1,4,1,-0.266650351116196,0.28398475908214565,Low,Sleeping Dog
6728-VOIFY,63,96.0,One year,Fiber optic,0,3,12,-0.1403884410482239,0.10658029523991468,Low,Sleeping Dog
9317-WZPGV,2,79.75,Month-to-month,Fiber optic,1,1,1,-0.0242949976125432,0.9310012508705712,High,Lost Cause
4891-NLUBA,61,61.45,Two year,DSL,0,5,24,-0.0297304680122547,0.18463622979698277,Low,Sleeping Dog
2856-HYAPG,1,68.65,Month-to-month,Fiber optic,1,0,1,-0.4028498447391783,0.020507632921701765,Low,Sleeping Dog
8969-PRHFK,18,19.65,One year,No,0,0,12,0.2940007085510896,0.3523290737884383,Medium,Persuadable
0661-KQHNK,6,19.0,One year,No,0,0,12,0.3021522631882957,0.8318301671146983,High,Persuadable
8709-KRDVL,33,100.0,Month-to-month,Fiber optic,0,3,1,-0.1283624318079849,0.000730778981228148,Low,Sleeping Dog
4488-PSYCG,16,20.25,Month-to-month,No,1,0,1,0.2940007085510896,0.10393388913318091,Low,Sure Thing
1427-VERSM,56,98.7,Month-to-month,Fiber optic,0,4,1,-0.1438067950500712,0.2536157548215512,Low,Sleeping Dog
9801-NOSHQ,23,19.8,One year,No,0,0,12,0.2905612171599642,0.01549977336905959,Low,Sure Thing
6339-YPSAH,9,73.8,Month-to-month,Fiber optic,0,1,1,-0.1667465279908943,0.1611053762510982,Low,Sleeping Dog
3621-CEOVK,14,100.2,Month-to-month,Fiber optic,1,3,1,-0.1451353854304868,0.005500875415516496,Low,Sleeping Dog
6906-ANDWJ,15,74.9,Month-to-month,Fiber optic,1,0,1,-0.1835252186563282,0.19467803529377078,Low,Sleeping Dog
2159-TURXX,5,20.05,Month-to-month,No,0,0,1,0.2794055859435885,0.8272646379957074,High,Persuadable
1548-FEHVL,61,106.2,Month-to-month,Fiber optic,0,4,1,-0.141609609172363,0.0027383412991175454,Low,Sleeping Dog
3795-CAWEX,70,116.55,Two year,Fiber optic,0,6,24,-0.2389415814402401,0.07485997782015968,Low,Sleeping Dog
6215-NQCPY,15,99.7,Month-to-month,Fiber optic,0,3,1,-0.1451353854304868,0.5746236217720591,Medium,Lost Cause
5647-URDKA,8,19.7,Two year,No,0,0,24,0.2854741032504064,0.4388474519870813,Medium,Persuadable
2229-DPMBI,8,19.5,Two year,No,0,0,24,0.2854741032504064,0.0025527135843221834,Low,Sure Thing
9626-WEQRM,4,29.15,Month-to-month,DSL,0,1,1,-0.1312142553031221,0.03484566524515106,Low,Sleeping Dog
2188-SXWVT,34,55.0,One year,DSL,0,2,12,-0.0207796884077924,0.0037559384716418878,Low,Sleeping Dog
6258-PVZWJ,68,90.8,Two year,DSL,0,6,24,-0.068941026666363,0.8858009297183429,High,Lost Cause
1094-BKOSX,45,51.0,One year,DSL,0,4,12,-0.0207796884077924,0.16240487172151297,Low,Sleeping Dog
6969-MVBAI,9,90.1,Month-to-month,Fiber optic,0,2,1,-0.1947171429797015,0.019944681696261478,Low,Sleeping Dog
2978-XXSOG,22,59.05,Month-to-month,DSL,0,2,1,-0.0355468546682681,0.07818994496902117,Low,Sleeping Dog
2342-CKIAO,2,20.3,Month-to-month,No,0,0,1,0.2794055859435885,0.007936118245986053,Low,Sure Thing
6953-PBDIN,70,72.95,Two year,DSL,0,4,24,-0.0058707732104566,0.05008715004238489,Low,Sleeping Dog
3898-BSJYF,10,73.55,One year,DSL,0,4,12,-0.1667465279908943,0.3564333913040511,Medium,Lost Cause
3938-YFPXD,72,84.3,Two year,DSL,0,5,24,-0.0787568857699125,0.017981476152655534,Low,Sleeping Dog
7696-AMHOD,49,78.0,One year,DSL,0,4,12,-0.1709447216399699,0.4325121825233386,Medium,Lost Cause
2453-SAFNS,54,72.1,One year,DSL,0,3,12,-0.1506303264311971,0.0033158984359912325,Low,Sleeping Dog
9558-IHEZX,71,106.75,Two year,Fiber optic,0,5,24,0.2081905560646327,0.003741151372032125,Low,Sure Thing
9617-UDPEU,22,19.25,One year,No,0,0,12,0.2905612171599642,0.004794273835548005,Low,Sure Thing
6340-DACFT,50,20.55,Two year,No,0,0,24,0.3014756659550562,0.052244520203020645,Low,Sure Thing
4955-VCWBI,43,20.0,One year,No,0,0,12,0.3107736621735916,0.005131461987599583,Low,Sure Thing
6813-GZQCG,45,24.65,Two year,No,0,0,24,0.3248477833408759,0.20954604778319,Low,Sure Thing
7426-GSWPO,64,103.5,Month-to-month,Fiber optic,0,4,1,-0.1812382690737652,0.09148673022060173,Low,Sleeping Dog
3389-KTRXV,23,23.85,Two year,No,0,0,24,0.3046353383272485,0.21757913441375562,Low,Sure Thing
3118-UHVVQ,68,25.8,Two year,No,0,0,24,0.3200147580072676,0.03520610062752364,Low,Sure Thing
1031-IIDEO,1,70.85,Month-to-month,Fiber optic,1,0,1,-0.5765863015622662,0.002198151125902723,Low,Sleeping Dog
5832-XKAES,2,69.8,Month-to-month,Fiber optic,1,0,1,-0.0896779329829589,0.850550410630997,High,Lost Cause
3205-MXZRA,26,59.45,One year,DSL,0,2,12,-0.0602841278450226,0.09956535326934912,Low,Sleeping Dog
4701-AHWMW,55,54.55,Month-to-month,DSL,1,4,1,-0.0358899569397253,0.24912013776462275,Low,Sleeping Dog
8317-BVKSO,14,20.05,Month-to-month,No,0,0,1,0.2940007085510896,0.8006931054332905,High,Persuadable
5702-KVQRD,71,82.55,Two year,DSL,0,5,24,-0.0753079971339067,0.23973236769005637,Low,Sleeping Dog
0083-PIVIK,64,81.25,One year,DSL,0,5,12,-0.1392562601674915,0.0674173935583217,Low,Sleeping Dog
9210-IAHGH,7,70.75,Month-to-month,DSL,1,3,1,-0.156218419364147,0.7839423510081799,High,Lost Cause
6169-PGNCD,57,74.3,Two year,DSL,0,5,24,-0.1336049279106783,0.01652848923818631,Low,Sleeping Dog
0023-XUOPT,13,94.1,Month-to-month,Fiber optic,1,3,1,-0.1461505384888911,0.102469168796452,Low,Sleeping Dog
4592-IWTJI,3,29.7,Month-to-month,DSL,1,1,1,0.1190156775806143,0.015252470809729983,Low,Sure Thing
4909-JOUPP,72,109.7,Two year,Fiber optic,0,5,24,0.1447181982699941,0.0035297804381321644,Low,Sure Thing
4657-FWVFY,40,96.35,Month-to-month,Fiber optic,0,3,1,-0.1368767362146653,0.004136833306314629,Low,Sleeping Dog
2257-BOVXD,14,66.6,Month-to-month,DSL,0,2,1,-0.0464221368511466,0.9450320489874003,High,Lost Cause
7729-JTEEC,2,44.5,Month-to-month,DSL,0,0,1,-0.0847859362721762,0.020435808253322127,Low,Sleeping Dog
7632-MNYOY,66,110.9,One year,Fiber optic,1,5,12,0.1901461917788578,0.296916762996911,Low,Sure Thing
6518-LGAOV,38,105.0,Month-to-month,Fiber optic,1,4,1,-0.1048142373253005,0.5739647849148757,Medium,Lost Cause
7242-QZLXF,1,25.3,Month-to-month,DSL,1,0,1,0.2921349411193263,0.07686796894116109,Low,Sure Thing
4576-CSAJH,22,55.15,One year,DSL,1,2,12,-0.0409921334214198,0.916917843253783,High,Lost Cause
1000-AJSLD,1,20.1,Month-to-month,No,1,0,1,0.278060819952042,0.8425319552407743,High,Persuadable
9696-RMYBA,5,80.1,Month-to-month,Fiber optic,0,1,1,-0.1400916380007072,0.6424663161534097,High,Lost Cause
8690-UPCZI,29,69.05,One year,DSL,0,3,12,-0.155418884173906,0.002429862229920699,Low,Sleeping Dog
1062-LHZOD,1,69.9,Month-to-month,Fiber optic,1,0,1,-0.4028498447391783,0.4280960557891232,Medium,Lost Cause
9770-LXDBK,3,20.4,Month-to-month,No,0,0,1,0.2934797071108728,0.10649253697496251,Low,Sure Thing
4086-WITJG,71,19.7,Two year,No,0,0,24,0.3059406368399833,0.8505871935140772,High,Persuadable
8344-WFMFH,9,50.1,Month-to-month,DSL,0,1,1,-0.0549774751715577,0.024994607145690555,Low,Sleeping Dog
9600-NAXZN,43,101.4,Month-to-month,Fiber optic,1,3,1,-0.151671804207969,0.11109679910951199,Low,Sleeping Dog
8822-KNBHV,48,83.45,One year,DSL,0,5,12,-0.2277823858023674,0.8521237066869315,High,Lost Cause
8404-FYDIB,26,86.65,Month-to-month,Fiber optic,0,2,1,-0.1764191017473991,0.590678564640946,Medium,Lost Cause
2791-SFVEW,9,20.15,Month-to-month,No,0,0,1,0.2854741032504064,0.05396456770355129,Low,Sure Thing
6457-USBER,1,80.8,Month-to-month,Fiber optic,1,1,1,-0.332014788873508,0.7948058686959185,High,Lost Cause
6762-NSODU,46,19.4,Two year,No,0,0,24,0.3107736621735916,0.11285527280063033,Low,Sure Thing
4662-EKDPQ,2,62.05,Month-to-month,DSL,1,1,1,0.0130287779335258,0.0008945473357711786,Low,Sure Thing
9248-OJYKK,1,76.45,Month-to-month,Fiber optic,1,0,1,-0.3364827905478125,0.04640897746384961,Low,Sleeping Dog
9888-ZCUMM,64,60.05,Two year,DSL,0,5,24,-0.0297304680122547,0.4826377620811671,Medium,Lost Cause
3398-FSHON,12,91.3,Month-to-month,Fiber optic,1,2,1,-0.0811574860521896,0.0008181429655000099,Low,Sleeping Dog
3319-DWOEP,6,95.75,Month-to-month,Fiber optic,1,3,1,-0.2022162943279775,0.0016220571849101227,Low,Sleeping Dog
1074-WVEVG,59,20.35,One year,No,0,0,12,0.3014756659550562,0.023448840026855173,Low,Sure Thing
9979-RGMZT,7,94.05,One year,Fiber optic,0,3,12,-0.1947171429797015,0.014626993038254155,Low,Sleeping Dog
6437-UDQJM,72,84.1,Two year,DSL,0,5,24,-0.086809657610901,0.5751094651871492,Medium,Lost Cause
1226-IENZN,16,78.75,Month-to-month,Fiber optic,0,1,1,-0.1835252186563282,0.5965777989830622,Medium,Lost Cause
2108-GLPQB,25,55.55,Month-to-month,DSL,0,1,1,-0.0657294065981742,0.7139947395746304,High,Lost Cause
9259-PACGQ,34,62.65,Month-to-month,DSL,1,3,1,0.0121829286915625,0.011492011646277946,Low,Sure Thing
4415-IJZTP,1,74.5,Month-to-month,Fiber optic,1,0,1,-1.013743571944793,0.013073907003649085,Low,Sleeping Dog
1465-VINDH,10,102.1,Month-to-month,Fiber optic,1,4,1,-0.406716191287876,0.24564110444111362,Low,Sleeping Dog
5474-LAMUQ,24,20.1,One year,No,0,0,12,0.2658239439832097,0.005595625340790516,Low,Sure Thing
3468-DRVQJ,10,70.3,One year,DSL,0,3,12,-0.3825550589213438,0.13128866934261044,Low,Sleeping Dog
1122-YJBCS,69,53.65,One year,DSL,0,2,12,-0.0039716109486135,0.6463658023716065,High,Lost Cause
4990-ALDGW,57,20.75,Two year,No,0,0,24,0.3014756659550562,0.049887969391688276,Low,Sure Thing
4816-OKWNX,50,103.4,One year,Fiber optic,0,5,12,-0.2235060519926404,0.8779191958794609,High,Lost Cause
3315-IKYZQ,28,50.8,One year,DSL,0,4,12,-0.0657294065981742,0.7602525382061711,High,Lost Cause
2810-FTLEM,16,50.15,Month-to-month,DSL,1,1,1,-0.0496075958682099,0.032206049740470075,Low,Sleeping Dog
4747-LCAQL,25,79.0,Month-to-month,DSL,0,5,1,-0.2007841712984188,0.012449490199747512,Low,Sleeping Dog
3411-WLRSQ,3,74.6,Month-to-month,Fiber optic,0,1,1,0.2406723688928903,0.13184986863398723,Low,Sure Thing
0898-XCGTF,61,96.5,One year,Fiber optic,0,2,12,-0.1403884410482239,0.03277828043197143,Low,Sleeping Dog
8006-PYCSW,2,20.1,Month-to-month,No,0,0,1,0.2794055859435885,0.24296312343046544,Low,Sure Thing
8249-THVEC,51,19.4,One year,No,0,0,12,0.2874015447877719,0.007792426716195931,Low,Sure Thing
8722-PRFDV,71,77.55,Two year,DSL,0,4,24,-0.0797759988082112,0.05035260732793607,Low,Sleeping Dog
2164-SOQXL,20,20.05,Month-to-month,No,0,0,1,0.2905612171599642,0.15096821229404309,Low,Sure Thing
4020-KIUDI,6,19.85,Month-to-month,No,0,0,1,0.2854741032504064,0.27777319901396874,Low,Sure Thing
5850-BDWCY,6,20.2,Month-to-month,No,0,0,1,0.2854741032504064,0.0034424300118458275,Low,Sure Thing
2038-YSEZE,29,67.45,Month-to-month,DSL,0,3,1,-0.0636810894932372,0.005602148711725319,Low,Sleeping Dog
0827-ITJPH,36,18.55,Two year,No,0,0,24,0.3274518221114808,0.10236361258936177,Low,Sure Thing
8799-OXZMD,28,29.75,Month-to-month,DSL,0,1,1,0.2282549092445679,0.3020560506617382,Medium,Persuadable
1925-TIBLE,7,86.5,Month-to-month,Fiber optic,1,1,1,-0.1968089416703295,0.6612887390828547,High,Lost Cause
1705-GUHPV,63,24.2,Two year,No,0,0,24,0.3020515521325539,0.14978266057656028,Low,Sure Thing
4779-ZGICK,48,23.55,Two year,No,0,0,24,0.3014756659550562,0.06132303640581232,Low,Sure Thing
0048-PIHNL,49,20.45,One year,No,0,0,12,0.3014756659550562,0.28787530084535934,Low,Sure Thing
0818-OCPZO,27,81.45,Month-to-month,Fiber optic,1,1,1,-0.1963161696241143,0.3639208472268772,Medium,Lost Cause
3967-KXAPS,72,92.3,Two year,DSL,0,6,24,-0.068941026666363,0.09914512151008305,Low,Sleeping Dog
1447-GIQMR,1,69.15,Month-to-month,Fiber optic,1,0,1,-0.4028498447391783,0.07262389785564367,Low,Sleeping Dog
3704-IEAXF,72,53.65,Two year,DSL,0,4,24,-0.0039716109486135,0.4894078378534175,Medium,Lost Cause
6810-VCAEX,47,39.65,One year,DSL,0,3,12,-0.0982252299922637,0.015138840953076724,Low,Sleeping Dog
0674-EYYZV,1,54.65,Month-to-month,DSL,0,1,1,0.0599551303353236,0.01939827587699904,Low,Sure Thing
4480-MBMLB,36,104.8,One year,Fiber optic,0,4,12,-0.1048142373253005,0.16401732387651136,Low,Sleeping Dog
1395-OFUWC,43,29.3,Month-to-month,DSL,0,1,1,-0.099846179073119,0.1697662537713985,Low,Sleeping Dog
0822-QGCXA,27,83.85,Month-to-month,DSL,0,5,1,-0.1841431621603205,0.0425836476249076,Low,Sleeping Dog
0872-NXJYS,9,79.55,Month-to-month,Fiber optic,1,1,1,-0.1844270962853715,0.030965288807010452,Low,Sleeping Dog
2832-KJCRD,38,103.65,Month-to-month,Fiber optic,0,4,1,-0.2083957834607075,0.08553077941191216,Low,Sleeping Dog
3588-WSTTJ,35,99.05,Month-to-month,Fiber optic,0,3,1,-0.1714568798264736,0.19797145237607575,Low,Sleeping Dog
4075-WKNIU,0,73.35,Two year,DSL,0,4,24,-0.9278426556689646,0.7488518474325122,High,Lost Cause
5090-EMGTC,59,100.05,Two year,Fiber optic,0,4,24,-0.1434727003399177,0.010612402278152487,Low,Sleeping Dog
2346-CZYIL,27,20.35,Two year,No,0,0,24,0.279898065150494,0.25125633607516634,Low,Sure Thing
3798-EPWRR,2,43.95,Month-to-month,DSL,0,0,1,-0.0459809793985765,0.011301796495798122,Low,Sleeping Dog
6258-NGCNG,7,23.5,Month-to-month,No,0,0,1,0.2995482244176907,0.42629385501814165,Medium,Persuadable
4186-ZBUEW,36,70.7,One year,DSL,0,3,12,-0.1231577745125081,0.008533371508716739,Low,Sleeping Dog
5274-XHAKY,41,94.3,Month-to-month,Fiber optic,0,3,1,-0.1293775848663892,0.800352125415735,High,Lost Cause
1442-BQPVU,13,29.15,Month-to-month,DSL,0,1,1,-0.1166191326956209,0.006693840729833304,Low,Sleeping Dog
3978-YNKDD,19,20.85,Two year,No,0,0,24,0.3080748297183739,0.3070516530583109,Medium,Persuadable
4940-KHCWD,60,37.7,Two year,DSL,0,3,24,-0.1127596123466988,0.9547674436311876,High,Lost Cause
9412-ARGBX,48,95.5,Two year,Fiber optic,1,4,24,-0.1519870047465982,0.00671621012793784,Low,Sleeping Dog
1389-CXMLU,3,91.05,Month-to-month,Fiber optic,1,2,1,0.0239380469780943,0.8789876760219545,High,Persuadable
9589-ABEPT,69,92.45,Two year,Fiber optic,0,3,24,-0.068941026666363,0.006988782954958869,Low,Sleeping Dog
9388-ZEYVT,43,44.15,One year,DSL,0,3,12,-0.0565745860395085,0.7439818473295695,High,Lost Cause
0305-SQECB,11,36.05,One year,DSL,0,2,12,-0.1203680629181135,0.029540006841802347,Low,Sleeping Dog
7605-SNLQG,45,50.25,Month-to-month,DSL,0,1,1,-0.0328346422457079,0.5775586885792924,Medium,Lost Cause
4670-TABXH,72,109.75,Two year,Fiber optic,0,5,24,0.1527709701109826,0.09717981030030738,Low,Sure Thing
5561-NWEVX,2,79.2,Month-to-month,Fiber optic,1,1,1,-0.0287629992868477,0.020972158588321892,Low,Sleeping Dog
0064-SUDOG,12,20.3,Two year,No,0,0,24,0.2971134563466525,0.25669340692402165,Low,Sure Thing
8561-NMTBD,67,112.35,One year,Fiber optic,0,5,12,-0.2559536700040597,0.08320832952390615,Low,Sleeping Dog
5161-XEUVX,37,94.3,Two year,Fiber optic,0,3,24,-0.1293775848663892,0.06044066560357499,Low,Sleeping Dog
8292-FRFZQ,39,41.15,One year,DSL,0,3,12,-0.1507321285203929,0.008601564736563658,Low,Sleeping Dog
8591-NXRCV,41,74.65,Month-to-month,DSL,0,4,1,-0.0308394675647164,0.020370895643923012,Low,Sleeping Dog
7895-VONWT,25,48.25,Month-to-month,DSL,0,3,1,-0.1015243042298903,0.035605204718575305,Low,Sleeping Dog
4526-RMTLL,8,76.15,Two year,DSL,0,4,24,-0.188895097959676,0.42360418802343697,Medium,Lost Cause
6253-GNHWH,71,71.1,Two year,DSL,0,4,24,-0.0470993202126823,0.009192415911825094,Low,Sleeping Dog
4566-NECEV,5,96.55,Month-to-month,Fiber optic,0,3,1,0.0229154979075771,0.02170597181560502,Low,Sure Thing
8080-POTJR,30,79.3,One year,DSL,0,4,12,-0.2007841712984188,0.0016228274063340828,Low,Sleeping Dog
6906-MPARY,40,89.6,One year,Fiber optic,0,3,12,-0.1293775848663892,0.6484632662303441,High,Lost Cause
3662-FXJFO,54,20.5,Two year,No,0,0,24,0.3014756659550562,0.02122608746141257,Low,Sure Thing
8107-RZLNV,72,106.3,Two year,Fiber optic,0,4,24,-0.1294532223786254,0.05190633233773334,Low,Sleeping Dog
0516-OOHAR,28,100.35,One year,Fiber optic,0,4,12,-0.1733121499983667,0.04764722762249502,Low,Sleeping Dog
2027-CWDNU,18,85.6,Month-to-month,Fiber optic,0,2,1,-0.1482423371795192,0.006254960512865904,Low,Sleeping Dog
2737-WFVYW,2,45.25,Month-to-month,DSL,1,2,1,-0.0847859362721762,0.08263818554554823,Low,Sleeping Dog
9912-OMZDS,59,106.15,One year,Fiber optic,0,4,12,-0.1532081728707372,0.1151066437593415,Low,Sleeping Dog
3733-ZEECP,22,51.1,Month-to-month,DSL,0,1,1,-0.0409921334214198,0.14601134080819417,Low,Sleeping Dog
7878-RTCZG,1,19.9,Month-to-month,No,0,0,1,0.278060819952042,0.011206672163747678,Low,Sure Thing
2452-MRMZF,72,25.7,Two year,No,0,0,24,0.3006528447605652,0.001075461095630223,Low,Sure Thing
2272-QAGFO,14,74.3,Month-to-month,Fiber optic,1,0,1,-0.1618073210268361,0.8087999241678894,High,Lost Cause
7103-IPXPJ,50,99.4,One year,Fiber optic,0,3,12,-0.1434727003399177,0.7413457261887161,High,Lost Cause
4342-HFXWS,48,69.7,One year,DSL,0,4,12,-0.125579434515457,0.02176511326051281,Low,Sleeping Dog
3545-CNWRG,49,98.35,Month-to-month,Fiber optic,0,3,1,-0.1519870047465982,0.1788357722097128,Low,Sleeping Dog
1785-BPHTP,28,85.45,Month-to-month,Fiber optic,0,2,1,-0.1764191017473991,0.011596381210780202,Low,Sleeping Dog
4989-LIXVT,68,95.9,Month-to-month,Fiber optic,0,3,1,-0.0844929498556276,0.00648677256646657,Low,Sleeping Dog
7315-WYOAW,13,100.75,Month-to-month,Fiber optic,0,3,1,-0.3744090786825209,0.09731043291338053,Low,Sleeping Dog
1173-XZPYF,11,89.2,Month-to-month,Fiber optic,0,2,1,-0.1515204177922389,0.8150157669624895,High,Lost Cause
9850-OWRHQ,3,74.1,Month-to-month,Fiber optic,1,0,1,-0.0692940297079543,0.005401804285015531,Low,Sleeping Dog
3768-NLUBH,57,100.6,Month-to-month,Fiber optic,1,3,1,-0.0102178902052046,0.2874577464526748,Low,Sleeping Dog
8676-TRMJS,3,75.0,Month-to-month,Fiber optic,1,0,1,-0.0623776027790588,0.07291413705250852,Low,Sleeping Dog
2509-TFPJU,72,25.75,Two year,No,0,0,24,0.3087056166015536,0.5708437530525188,Medium,Persuadable
9530-GRMJG,70,84.1,Two year,DSL,0,5,24,-0.0787568857699125,0.011543612958397115,Low,Sleeping Dog
6898-RBTLU,49,79.3,Two year,DSL,0,4,24,-0.1709447216399699,0.30216097325628094,Medium,Lost Cause
5481-NTDOH,67,107.05,One year,Fiber optic,0,4,12,-0.1084252839902004,0.023032860043268877,Low,Sleeping Dog
2068-WWXQZ,46,20.05,Two year,No,0,0,24,0.3107736621735916,0.7211789219902819,High,Persuadable
7359-SSBJK,64,70.2,Two year,DSL,1,4,24,0.3032980091118978,0.2571650477485074,Low,Sure Thing
2061-VVFST,37,19.5,Month-to-month,No,0,0,1,0.3107736621735916,0.6625594447830617,High,Persuadable
0685-MLYYM,2,70.75,Month-to-month,Fiber optic,1,0,1,-0.1023665415119428,0.0011484242645447274,Low,Sleeping Dog
0749-IRGQE,13,45.3,Month-to-month,DSL,0,2,1,-0.0733475396620104,0.5893575624391997,Medium,Lost Cause
2380-DAMQP,72,115.15,Two year,Fiber optic,0,6,24,-0.2389415814402401,0.009615011417788661,Low,Sleeping Dog
2256-YLYLP,68,72.95,Two year,DSL,0,4,24,-0.0058707732104566,0.12722479804170828,Low,Sleeping Dog
1272-ILHFG,15,19.65,One year,No,0,0,12,0.2940007085510896,0.0006147888980019149,Low,Sure Thing
0164-XAIRP,24,19.55,Two year,No,0,0,24,0.2658239439832097,0.006881918460270936,Low,Sure Thing
5666-CYCYZ,24,89.55,Month-to-month,Fiber optic,0,2,1,-0.174327303056771,0.43907683065487396,Medium,Lost Cause
4011-ARPHK,27,50.35,Month-to-month,DSL,0,1,1,-0.0777843604360898,0.13577468487982583,Low,Sleeping Dog
8182-PNAGI,12,50.25,Month-to-month,DSL,1,1,1,-0.0433381220753116,0.012686320486843546,Low,Sleeping Dog
6365-HITVU,71,87.25,Two year,DSL,0,6,24,-0.0710328253569911,0.478860611506728,Medium,Lost Cause
7558-IMLMT,67,20.8,Two year,No,0,0,24,0.3020515521325539,0.00794542022934681,Low,Sure Thing
9488-FYQAU,63,109.25,Two year,Fiber optic,0,5,24,0.0377385481177483,0.0292072111074832,Low,Sure Thing
3590-TCXTB,1,20.35,Month-to-month,No,0,0,1,0.2921349411193263,0.005788011369175348,Low,Sure Thing
6994-KERXL,4,55.9,Month-to-month,DSL,0,1,1,-0.0712380671221021,0.687756227617243,High,Lost Cause
7957-RYHQD,40,79.2,Month-to-month,Fiber optic,1,2,1,-0.1989289011265257,0.4991698184543658,Medium,Lost Cause
2180-DXNEG,12,96.0,Month-to-month,Fiber optic,1,3,1,-0.0886566374004657,0.7181585585878697,High,Lost Cause
1960-UOTYM,52,79.2,Two year,DSL,0,5,24,-0.1553228255401703,0.03347779193210795,Low,Sleeping Dog
2740-JFBOK,10,24.0,Month-to-month,No,0,0,1,0.2995482244176907,0.023221479140143067,Low,Sure Thing
6500-JVEGC,68,101.35,One year,Fiber optic,0,4,12,-0.0912352460079429,0.7564792843032991,High,Lost Cause
5515-AKOAJ,54,100.1,Month-to-month,Fiber optic,1,3,1,-0.1434727003399177,0.03274579071591554,Low,Sleeping Dog
8976-OQHGT,4,56.5,Month-to-month,DSL,1,2,1,0.0024631046097613,0.24792996941994483,Low,Sure Thing
5245-VDBUR,52,35.45,One year,DSL,0,2,12,-0.1133354985241966,0.773982646243228,High,Lost Cause
6230-BSUXY,1,85.0,Month-to-month,Fiber optic,1,2,1,-0.2826046176096241,0.6104767703943988,High,Lost Cause
8469-SNFFH,70,79.4,One year,DSL,0,5,12,-0.0753079971339067,0.5696875751375681,Medium,Lost Cause
2144-ESWKO,43,35.2,One year,DSL,0,2,12,-0.0982252299922637,0.010180879893642398,Low,Sleeping Dog
1241-FPMOF,52,19.65,Two year,No,0,0,24,0.2874015447877719,0.4496274141822503,Medium,Persuadable
9928-BZVLZ,12,49.85,Two year,DSL,0,4,24,-0.0433381220753116,0.341860921237885,Medium,Lost Cause
4114-QMKVN,56,68.75,One year,DSL,0,3,12,-0.1099575384156574,0.18998723739877443,Low,Sleeping Dog
2775-SEFEE,0,61.9,Two year,DSL,0,3,24,0.1219749469093096,0.17716965924559377,Low,Sure Thing
9003-CPATH,42,79.9,Month-to-month,Fiber optic,0,1,1,-0.1513664514337325,0.003868590409330677,Low,Sleeping Dog
1754-GKYPY,22,89.75,Month-to-month,Fiber optic,0,2,1,-0.1495900298800166,0.08955356510114854,Low,Sleeping Dog
5294-CDGWY,51,59.3,One year,DSL,1,5,12,-0.0304446781865736,0.05839411078064982,Low,Sleeping Dog
7956-XQWGU,27,19.4,Month-to-month,No,0,0,1,0.2658239439832097,0.28764174454637015,Low,Sure Thing
1591-MQJTP,51,93.65,One year,Fiber optic,0,3,12,-0.1724720328848779,0.4754489622912499,Medium,Lost Cause
5295-PCJOO,4,49.4,Month-to-month,DSL,1,1,1,-0.0610459924783757,0.9500854686986996,High,Lost Cause
2369-FEVNO,1,19.9,Month-to-month,No,0,0,1,0.278060819952042,0.0011933207854814827,Low,Sure Thing
9863-JZAIC,35,55.0,Month-to-month,DSL,1,1,1,-0.0207796884077924,0.016567030830258955,Low,Sleeping Dog
7471-MQPOS,71,72.9,One year,DSL,0,4,12,-0.0139235450514451,0.9169391672780719,High,Lost Cause
7660-HDPJV,1,69.2,Month-to-month,Fiber optic,1,0,1,-0.4028498447391783,0.1142913632390622,Low,Sleeping Dog
5115-SQAAU,69,25.6,Two year,No,0,0,24,0.3200147580072676,0.34525829154116244,Medium,Persuadable
9845-QOMAD,14,19.75,One year,No,0,0,12,0.2940007085510896,0.005050444578777949,Low,Sure Thing
7672-VFMXZ,57,55.7,Month-to-month,DSL,0,2,1,-0.0581369854213673,0.03396299192517249,Low,Sleeping Dog
9739-JLPQJ,72,117.5,Two year,Fiber optic,0,6,24,-0.2389415814402401,0.2515698877505623,Low,Sleeping Dog
9916-AYHTC,48,19.85,Two year,No,0,0,24,0.2874015447877719,0.06578575749496425,Low,Sure Thing
3855-ONCAR,4,78.9,Month-to-month,Fiber optic,0,1,1,-0.1445596396750117,0.04627403805897659,Low,Sleeping Dog
1488-SYSFC,31,20.65,Month-to-month,No,0,0,1,0.3734155772901217,0.0245091581307541,Low,Sure Thing
7931-PXHFC,38,62.3,One year,DSL,1,3,12,0.0121829286915625,0.09373171950225279,Low,Sure Thing
3990-QYKBE,37,92.5,Month-to-month,Fiber optic,1,2,1,-0.1724720328848779,0.7484088394682747,High,Lost Cause
0970-QXPXW,1,19.65,Month-to-month,No,0,0,1,0.278060819952042,0.13838837086560332,Low,Sure Thing
3259-KNMRR,57,79.75,Two year,DSL,0,4,24,-0.1788390033524216,0.8712493306507042,High,Lost Cause
6120-RJKLU,62,79.95,Two year,DSL,0,5,24,-0.1085870409469906,0.008092585233064171,Low,Sleeping Dog
9572-WUKSB,3,29.9,Month-to-month,DSL,0,1,1,-0.1606671470949813,0.04320846834537991,Low,Sleeping Dog
5893-KCLGT,72,19.75,Two year,No,0,0,24,0.2946314954342693,0.923801187583302,High,Persuadable
0076-LVEPS,29,45.0,Month-to-month,DSL,0,4,1,-0.1015243042298903,0.08985011131976688,Low,Sleeping Dog
3640-JQGJG,13,44.8,Month-to-month,DSL,0,0,1,-0.0733475396620104,0.13547337732439807,Low,Sleeping Dog
4919-MOAVT,3,69.65,Month-to-month,Fiber optic,1,0,1,-0.0896779329829589,0.7511586480167685,High,Lost Cause
1596-OQSPS,11,51.1,Month-to-month,DSL,0,1,1,-0.0429225213336422,0.6463511250430641,High,Lost Cause
9867-XOBQA,21,53.15,Two year,DSL,0,5,24,-0.0409921334214198,0.35544432540297083,Medium,Lost Cause
9546-KDTRB,19,24.7,Month-to-month,No,0,0,1,0.3080748297183739,0.9366888205432139,High,Persuadable
3090-HAWSU,61,111.6,Two year,Fiber optic,1,5,24,-0.2559536700040597,0.0035087458174287447,Low,Sleeping Dog
9820-RMCQV,11,48.55,Month-to-month,DSL,1,1,1,-0.0787174189653582,0.8736609775255584,High,Lost Cause
3174-RKMOW,35,109.95,Month-to-month,Fiber optic,0,5,1,0.0304300203414161,0.1071454687256439,Low,Sure Thing
1760-CAZHT,25,20.8,Month-to-month,No,0,0,1,0.279898065150494,0.6530675095089795,High,Persuadable
7839-QRKXN,1,20.2,Month-to-month,No,1,0,1,0.278060819952042,0.4132372633128319,Medium,Persuadable
8441-SHIPE,67,25.6,Two year,No,0,0,24,0.3020515521325539,0.007197709358943313,Low,Sure Thing
5204-QZXPU,19,39.65,Month-to-month,DSL,1,2,1,-0.1149981836147657,0.003924641122678863,Low,Sleeping Dog
4597-ELFTS,56,24.9,One year,No,1,0,12,0.3014756659550562,0.00572175440353546,Low,Sure Thing
1320-GVNHT,72,108.4,Two year,Fiber optic,0,5,24,0.1592009561901492,0.7413143514418655,High,Persuadable
1047-RNXZV,43,19.55,Two year,No,0,0,24,0.3107736621735916,0.6001160449596171,High,Persuadable
3541-ZNUHK,55,85.1,Month-to-month,Fiber optic,0,2,1,-0.1543037125018716,0.15122849248379466,Low,Sleeping Dog
8450-JOVAH,2,56.7,Month-to-month,DSL,1,1,1,-0.0435457598873084,0.007212988886154514,Low,Sleeping Dog
8725-JEDFD,27,69.05,Month-to-month,Fiber optic,0,0,1,-0.155418884173906,0.046751657194003156,Low,Sleeping Dog
7562-UXTPG,13,70.15,Month-to-month,Fiber optic,0,0,1,-0.1001879400431439,0.39217031453789036,Medium,Lost Cause
8071-SBTRN,70,111.15,Two year,Fiber optic,0,5,24,0.1527709701109826,0.7457256950189426,High,Persuadable
1113-IUJYX,14,105.95,One year,Fiber optic,1,5,12,-0.1271255020231848,0.1967301139407296,Low,Sleeping Dog
6668-CNMFP,19,89.35,One year,Fiber optic,0,2,12,-0.1461505384888911,0.3970839781341935,Medium,Lost Cause
5626-MGTUK,20,89.1,Month-to-month,Fiber optic,0,2,1,-0.1495900298800166,0.0022570559399785893,Low,Sleeping Dog
5681-LLOEI,43,91.25,One year,Fiber optic,0,3,12,-0.1293775848663892,0.0016553431442822228,Low,Sleeping Dog
8212-DJRCH,5,90.35,Month-to-month,Fiber optic,0,3,1,-0.0582439899178585,0.9432918297780194,High,Lost Cause
4323-OHFOW,70,105.55,One year,Fiber optic,0,4,12,-0.1289588798551348,0.7968651927104172,High,Lost Cause
4933-BSAIP,40,19.1,Two year,No,0,0,24,0.3274518221114808,0.040272886566305705,Low,Sure Thing
2030-BTZRO,6,20.4,Two year,No,0,0,24,0.2995482244176907,0.317936777160758,Medium,Persuadable
1116-DXXDF,39,100.45,Two year,Fiber optic,0,4,24,-0.1283624318079849,0.05565871135118631,Low,Sleeping Dog
9274-CNFMO,4,74.95,Month-to-month,Fiber optic,1,0,1,-0.1445596396750117,0.45143535857275036,Medium,Lost Cause
7758-XKCBS,15,29.7,Month-to-month,DSL,1,1,1,0.2564316738124478,0.8610155374667133,High,Persuadable
8992-JQYUN,1,50.35,Month-to-month,DSL,1,3,1,0.0003955187389117,0.9492962352488571,High,Persuadable
6563-VNPMN,45,85.7,Month-to-month,Fiber optic,0,3,1,-0.174563831575506,0.12243341728455853,Low,Sleeping Dog
0617-AQNWT,64,47.85,Two year,DSL,1,4,24,-0.0711089683939436,0.20159809755773486,Low,Sleeping Dog
2267-WTPYD,57,94.0,Month-to-month,Fiber optic,0,3,1,-0.1724720328848779,0.030046084210272106,Low,Sleeping Dog
0270-THENM,72,69.85,Two year,DSL,0,4,24,-0.0344107116836984,0.7020146516029402,High,Lost Cause
2446-PLQVO,1,70.3,Month-to-month,Fiber optic,1,0,1,-0.5835279799972217,0.26873173747008006,Low,Sleeping Dog
4707-MAXGU,72,25.85,Two year,No,0,0,24,0.3087056166015536,0.37437020308621466,Medium,Persuadable
2710-WYVXG,3,71.1,Two year,DSL,0,4,24,-0.1023665415119428,0.08742308582483527,Low,Sleeping Dog
3005-NFMTA,55,98.8,Month-to-month,Fiber optic,1,3,1,-0.1717909745366271,0.003823238356102826,Low,Sleeping Dog
6300-BWMJX,59,93.35,Month-to-month,Fiber optic,0,3,1,-0.1444878533983221,0.6325861624595697,High,Lost Cause
8784-CGILN,18,99.85,Month-to-month,Fiber optic,1,3,1,-0.1451353854304868,0.4236324190243739,Medium,Lost Cause
5389-FFVKB,32,80.3,Month-to-month,Fiber optic,1,1,1,-0.1944608994522212,0.002035035613602717,Low,Sleeping Dog
7009-LGECI,4,50.55,Month-to-month,DSL,0,1,1,-0.0610459924783757,0.035812952250571815,Low,Sleeping Dog
8444-WRIDW,66,80.45,Month-to-month,Fiber optic,1,1,1,-0.1085870409469906,0.023774749455545603,Low,Sleeping Dog
5022-KVDQT,27,81.3,Month-to-month,Fiber optic,0,1,1,-0.1963161696241143,0.3050949774786739,Medium,Lost Cause
7976-CICYS,4,20.7,Month-to-month,No,0,0,1,0.2934797071108728,0.5115223812494659,Medium,Persuadable
1036-GUDCL,60,79.05,Month-to-month,DSL,0,5,1,-0.143724261841796,0.05906838083785265,Low,Sleeping Dog
2005-DWQZJ,8,19.05,Two year,No,0,0,24,0.3021522631882957,0.8850050532090421,High,Persuadable
8148-WOCMK,8,19.6,Two year,No,0,0,24,0.2854741032504064,0.006824019724199267,Low,Sure Thing
7815-PDTHL,35,20.2,Two year,No,0,0,24,0.3107736621735916,0.0027017239912344956,Low,Sure Thing
9451-LPGOO,7,86.8,Month-to-month,Fiber optic,1,1,1,-0.1968089416703295,0.07354100502747327,Low,Sleeping Dog
9173-IVZVP,53,20.9,Two year,No,0,0,24,0.3014756659550562,0.006661658790189728,Low,Sure Thing
9129-UXERG,18,103.6,Month-to-month,Fiber optic,0,4,1,-0.3238489989264575,0.38426367010036716,Medium,Lost Cause
3635-JBPSG,15,38.8,Two year,DSL,0,2,24,-0.1149981836147657,0.7638359442057981,High,Lost Cause
7964-ZRKKG,67,88.4,One year,Fiber optic,0,2,12,-0.1328892896999479,0.003667602552653571,Low,Sleeping Dog
5868-YWPDW,6,84.2,Month-to-month,Fiber optic,1,2,1,-0.1613362768957884,0.01748605652870062,Low,Sleeping Dog
6229-LSCKB,6,79.7,Month-to-month,Fiber optic,0,1,1,-0.1844270962853715,0.01199302271530113,Low,Sleeping Dog
2025-JKFWI,13,99.0,Month-to-month,Fiber optic,1,3,1,-0.0595805070631832,0.18407123197419958,Low,Sleeping Dog
4078-SAYYN,11,100.75,Month-to-month,Fiber optic,1,3,1,-0.406716191287876,0.706962263036672,High,Lost Cause
1724-IQWNM,1,19.3,Month-to-month,No,0,0,1,0.278060819952042,0.0619992851770704,Low,Sure Thing
8217-QYOHV,5,55.75,Month-to-month,DSL,0,2,1,-0.0712380671221021,0.13542473622800777,Low,Sleeping Dog
5546-QUERU,13,19.95,One year,No,0,0,12,0.2940007085510896,0.05108433647472312,Low,Sure Thing
9940-HPQPG,9,91.75,Month-to-month,Fiber optic,1,3,1,-0.1947171429797015,0.1610463221988935,Low,Sleeping Dog
6897-UUBNU,29,89.65,Month-to-month,Fiber optic,0,3,1,-0.174327303056771,0.002947737800558993,Low,Sleeping Dog
6127-IYJOZ,1,45.85,Month-to-month,DSL,0,0,1,-0.1340528840520785,0.009214547027177123,Low,Sleeping Dog
6618-RYATB,1,79.55,Month-to-month,Fiber optic,1,1,1,-0.332014788873508,0.47872641444012265,Medium,Lost Cause
8930-XOTDP,18,55.95,Month-to-month,DSL,0,1,1,-0.0597996705119363,0.7290517122353762,High,Lost Cause
5916-QEWPT,2,69.0,Month-to-month,DSL,0,3,1,-0.0896779329829589,0.06203065997474031,Low,Sleeping Dog
5060-TQUQN,30,83.55,Month-to-month,Fiber optic,0,2,1,-0.2576218354608164,0.3574496652538097,Medium,Lost Cause
0531-XBKMM,66,65.7,Two year,DSL,0,3,24,-0.0332657536572905,0.020177507442579293,Low,Sleeping Dog
8465-SBRXP,38,94.9,Two year,Fiber optic,0,3,24,-0.1293775848663892,0.4734052199020937,Medium,Lost Cause
2408-PSJVE,44,61.9,Month-to-month,DSL,0,3,1,0.0121829286915625,0.2876813721988319,Low,Sure Thing
9079-YEXQJ,54,111.1,Month-to-month,Fiber optic,1,5,1,0.1797335379175131,0.4493838414689499,Medium,Persuadable
9700-ZCLOT,2,20.0,Month-to-month,No,0,0,1,0.2794055859435885,0.4282913507649897,Medium,Persuadable
8738-JOKAR,42,67.7,One year,DSL,0,4,12,-0.0187313713028554,0.849271106603497,High,Lost Cause
4534-WGCIR,58,25.15,Two year,No,0,0,24,0.3014756659550562,0.005706462040274234,Low,Sure Thing
1930-WNXSB,58,92.85,Month-to-month,Fiber optic,0,3,1,-0.1444878533983221,0.004430506773524347,Low,Sleeping Dog
2685-SREOM,25,89.1,Month-to-month,Fiber optic,1,2,1,-0.174327303056771,0.06376857613627633,Low,Sleeping Dog
3508-CFVZL,71,111.3,Two year,Fiber optic,0,6,24,0.1205544698415365,0.011716737413438066,Low,Sure Thing
0402-CQAJN,37,101.9,Month-to-month,Fiber optic,1,4,1,-0.151671804207969,0.9433297762809495,High,Lost Cause
6692-UDPJC,14,91.65,Month-to-month,Fiber optic,1,2,1,-0.1461505384888911,0.8078873451317626,High,Lost Cause
1273-MTETI,4,88.85,Month-to-month,Fiber optic,1,2,1,-0.0582439899178585,0.5235690901258461,Medium,Lost Cause
0657-DOGUM,48,60.6,One year,DSL,0,2,12,-0.0029273398403703,0.18198248451661456,Low,Sleeping Dog
5480-HPRRX,3,25.3,Month-to-month,DSL,1,0,1,0.2934797071108728,0.015527352681950934,Low,Sure Thing
8792-AOROI,8,65.5,Two year,DSL,0,3,24,-0.0517920161544944,0.007493340221722979,Low,Sleeping Dog
0295-PPHDO,1,95.45,Month-to-month,Fiber optic,1,2,1,-0.3992066641864981,0.4612034369422962,Medium,Lost Cause
5146-YYFRZ,67,19.95,Two year,No,0,0,24,0.2879774309652697,0.11953658288400264,Low,Sure Thing
1195-OIYEJ,13,91.1,Month-to-month,Fiber optic,1,2,1,-0.1461505384888911,0.07103962512559023,Low,Sleeping Dog
5906-CVLHP,45,54.15,One year,DSL,1,2,12,-0.0207796884077924,0.21913173353916035,Low,Sleeping Dog
3452-SRFEG,49,74.6,Month-to-month,Fiber optic,0,0,1,-0.0459497360966492,0.006818259557244806,Low,Sleeping Dog
4070-OKWVH,52,94.6,Month-to-month,Fiber optic,0,3,1,-0.1444878533983221,0.056218602762003946,Low,Sleeping Dog
5297-MDOIR,63,81.15,One year,Fiber optic,0,2,12,-0.1392562601674915,0.9125807674075878,High,Lost Cause
6369-MCAKO,68,89.05,Two year,DSL,0,6,24,-0.068941026666363,0.0021296833052856534,Low,Sleeping Dog
4926-UMJZD,31,49.2,Month-to-month,DSL,0,1,1,0.0157331517035379,0.254591235484196,Low,Sure Thing
6848-HJTXY,64,19.45,Two year,No,0,0,24,0.2879774309652697,0.004852195772986278,Low,Sure Thing
6341-AEVKX,62,104.3,One year,Fiber optic,0,5,12,-0.1248481875054783,0.42039089580004846,Medium,Lost Cause
4501-EQDRN,1,69.7,Month-to-month,Fiber optic,1,0,1,-0.4028498447391783,0.006758242455073553,Low,Sleeping Dog
2990-HWIML,6,89.5,Month-to-month,Fiber optic,1,2,1,-0.1947171429797015,0.45537753857640584,Medium,Lost Cause
0682-USIXD,21,86.05,Month-to-month,Fiber optic,0,2,1,-0.1516818285706446,0.19251385611999747,Low,Sleeping Dog
6976-BWGLQ,72,25.2,Two year,No,0,0,24,0.3087056166015536,0.0044087305073331915,Low,Sure Thing
7078-NVFAM,32,35.15,Month-to-month,DSL,0,2,1,-0.0982252299922637,0.20021149042720698,Low,Sleeping Dog
8065-QBYTO,71,99.65,One year,Fiber optic,0,4,12,-0.0759786454489471,0.22712963058414604,Low,Sleeping Dog
2133-TSRRM,34,105.35,Month-to-month,Fiber optic,0,5,1,-0.1048142373253005,0.8734818972308612,High,Lost Cause
7384-GHBPI,3,35.15,Month-to-month,DSL,1,1,1,-0.1264365802249314,0.7811221929087928,High,Lost Cause
7603-USHJS,12,73.75,Month-to-month,Fiber optic,1,0,1,-0.1551071748946482,0.25468224660237326,Low,Sleeping Dog
7234-FECYN,8,101.35,Month-to-month,Fiber optic,1,3,1,-0.4689748116084532,0.0863349860687863,Low,Sleeping Dog
2511-ALLCS,35,24.3,Two year,No,0,0,24,0.3248477833408759,0.9745549371402564,High,Persuadable
3191-CSNMG,3,80.7,Month-to-month,Fiber optic,0,1,1,-0.0579096011047543,0.2779115237399486,Low,Sleeping Dog
7952-OBOYL,3,89.85,Month-to-month,Fiber optic,0,3,1,0.0239380469780943,0.7233554166666027,High,Persuadable
7470-DYNOE,53,61.1,One year,DSL,0,2,12,-0.0029273398403703,0.0020930318394413545,Low,Sleeping Dog
7853-OETYL,4,29.05,Month-to-month,DSL,0,1,1,-1.5137971696129118,0.6105825398080938,High,Lost Cause
1545-ACTAS,48,99.7,One year,Fiber optic,0,4,12,-0.1434727003399177,0.009342370325686758,Low,Sleeping Dog
5876-HZVZM,6,55.9,Month-to-month,DSL,1,2,1,-0.0651695498152842,0.20551911762399247,Low,Sleeping Dog
1400-MMYXY,3,105.9,Month-to-month,Fiber optic,1,4,1,-0.0030360449913212,0.002292938421935104,Low,Sleeping Dog
5126-RCXYW,54,46.0,Two year,DSL,0,3,24,-0.0716848545714414,0.13550582142042733,Low,Sleeping Dog
3085-QUOZK,1,43.95,Month-to-month,DSL,1,0,1,-0.0952479271784788,0.3478671492544148,Medium,Lost Cause
2363-BJLSL,62,80.4,Month-to-month,DSL,0,5,1,-0.1392562601674915,0.07797517657642393,Low,Sleeping Dog
1956-YIFGE,22,100.05,One year,Fiber optic,0,4,12,-0.1485748768216122,0.0008206447749980928,Low,Sleeping Dog
3926-CUQZX,1,45.1,Month-to-month,DSL,1,0,1,-0.1340528840520785,0.7715369002120797,High,Lost Cause
7921-LMDFQ,51,94.0,One year,Fiber optic,0,3,12,-0.1724720328848779,0.31816285658522553,Medium,Lost Cause
2925-MXLSX,30,68.95,One year,DSL,0,3,12,-0.155418884173906,0.04028468991572787,Low,Sleeping Dog
5820-PTRYM,56,68.45,One year,DSL,0,4,12,-0.1379417179022133,0.6103791369118572,High,Lost Cause
9609-BENEA,35,69.0,One year,DSL,0,3,12,-0.1104691659835242,0.20504315969963405,Low,Sleeping Dog
6211-WHMYA,64,43.85,Month-to-month,DSL,0,3,1,-0.0016347922998429,0.00430984698435093,Low,Sleeping Dog
4459-BBGHE,30,44.5,Month-to-month,DSL,0,2,1,-0.1015243042298903,0.5521346158760894,Medium,Lost Cause
9945-PSVIP,25,18.7,Two year,No,0,0,24,0.2825021039210989,0.048519487541900275,Low,Sure Thing
1041-RXHRA,41,70.25,Month-to-month,Fiber optic,1,0,1,-0.2352736768331683,0.021513831454113563,Low,Sleeping Dog
1750-CSKKM,9,55.35,Month-to-month,DSL,1,1,1,-0.0429225213336422,0.1689295894140167,Low,Sleeping Dog
9108-EJFJP,1,53.55,Month-to-month,DSL,0,2,1,0.0599551303353236,0.6467091326759081,High,Persuadable
0530-IJVDB,70,114.6,Two year,Fiber optic,0,6,24,-0.2724145558571237,0.47089359509825374,Medium,Lost Cause
0508-SQWPL,57,20.1,Two year,No,0,0,24,0.2874015447877719,0.014616619586801561,Low,Sure Thing
2215-ZAFGX,9,85.5,Month-to-month,Fiber optic,0,1,1,-0.1968089416703295,0.0021329954184514262,Low,Sleeping Dog
8213-TAZPM,69,108.75,One year,Fiber optic,0,5,12,0.1592009561901492,0.0025641232734423835,Low,Sure Thing
7142-HVGBG,43,103.0,Month-to-month,Fiber optic,1,4,1,-0.396590218311767,0.14593107611773265,Low,Sleeping Dog
1304-SEGFY,72,97.85,Two year,Fiber optic,0,3,24,-0.0764401780146391,0.24685557193290789,Low,Sleeping Dog
7242-EDTYC,44,19.55,Two year,No,0,0,24,0.3107736621735916,0.003445781547555984,Low,Sure Thing
2904-GGUAZ,72,84.05,Two year,Fiber optic,0,2,24,-0.0787568857699125,0.02390266231327995,Low,Sleeping Dog
8267-ZNYVZ,33,103.75,One year,Fiber optic,1,5,12,-0.2083957834607075,0.0640458332057349,Low,Sleeping Dog
5136-GFPMB,54,89.4,Month-to-month,Fiber optic,0,2,1,-0.1444878533983221,0.17830096856207264,Low,Sleeping Dog
2595-KIWPV,27,19.7,Two year,No,0,0,24,0.2658239439832097,0.6038422697184647,High,Persuadable
5243-SAOTC,54,79.85,Month-to-month,Fiber optic,0,1,1,-0.1508548238658658,0.006983374943189218,Low,Sleeping Dog
9398-MMQTO,3,74.45,Month-to-month,Fiber optic,0,1,1,-0.0240595335571996,0.6137740480134147,High,Lost Cause
7619-PLRLP,53,74.1,One year,DSL,0,4,12,-0.1336049279106783,0.06836374632092028,Low,Sleeping Dog
6457-GIRWB,1,69.35,Month-to-month,Fiber optic,1,0,1,-0.4028498447391783,0.9425800154104799,High,Lost Cause
6508-NJYRO,15,18.8,One year,No,0,0,12,0.3106788684889788,0.013494560607472733,Low,Sure Thing
1450-SKCVI,56,73.85,Month-to-month,Fiber optic,1,1,1,-0.1331742555713886,0.5561459456983355,Medium,Lost Cause
4710-NKCAW,5,64.4,Month-to-month,DSL,0,3,1,-0.0578605334613123,0.5453036882193797,Medium,Lost Cause
5306-BVTKJ,48,55.8,One year,DSL,0,2,12,-0.0581369854213673,0.3575706122213895,Medium,Lost Cause
0357-NVCRI,25,20.05,Month-to-month,No,0,0,1,0.2658239439832097,0.5756790366810055,Medium,Persuadable
5570-PTWEH,3,75.15,Month-to-month,Fiber optic,1,0,1,-0.0623776027790588,0.6285980661993988,High,Lost Cause
2371-KFUOG,58,99.15,One year,Fiber optic,0,4,12,-0.1434727003399177,0.486028483593204,Medium,Lost Cause
0463-ZSDNT,10,56.75,Month-to-month,DSL,0,1,1,-0.0374772425804905,0.1942053424123249,Low,Sleeping Dog
6502-MJQAE,1,69.6,Month-to-month,Fiber optic,1,0,1,-0.4028498447391783,0.04721826404526055,Low,Sleeping Dog
6257-DTAYD,71,104.15,Two year,Fiber optic,0,4,24,-0.0608999244718934,0.07114553368518477,Low,Sleeping Dog
4616-ULAOA,65,110.8,Two year,Fiber optic,0,5,24,0.0855227635941145,0.9452597971594714,High,Persuadable
7693-LCKZL,5,80.15,Month-to-month,Fiber optic,1,1,1,-0.1400916380007072,0.0834629128704328,Low,Sleeping Dog
7746-AWNQW,28,35.75,Month-to-month,DSL,0,2,1,-0.1431749481826455,0.011862406079782256,Low,Sleeping Dog
5996-EBTKM,67,69.9,Two year,DSL,0,3,24,-0.0983589747172831,0.6530898322535571,High,Lost Cause
2758-RNWXS,35,89.2,One year,Fiber optic,0,3,12,-0.1293775848663892,0.6065012315012123,High,Lost Cause
2314-TNDJQ,72,55.65,Two year,DSL,0,5,24,-0.0262186394302555,0.3632801861354618,Medium,Lost Cause
2405-LBMUW,61,50.7,One year,DSL,0,4,12,-0.047369024600143,0.19793188855807586,Low,Sleeping Dog
3454-JFUBC,68,20.0,Two year,No,0,0,24,0.2978878649989949,0.04686607443990026,Low,Sure Thing
0032-PGELS,1,30.5,Month-to-month,DSL,1,1,1,-0.4738723687144244,0.11051513450378525,Low,Sleeping Dog
9039-ZVJDC,3,19.1,Month-to-month,No,0,0,1,0.2960837458814777,0.26395028673462656,Low,Sure Thing
6797-LNAQX,70,98.3,Two year,Fiber optic,1,3,24,-0.0764401780146391,0.8187642143168756,High,Lost Cause
9013-AQORL,48,45.55,Month-to-month,DSL,0,3,1,-0.0716848545714414,0.3549917761137909,Medium,Lost Cause
2898-MRKPI,68,101.05,One year,Fiber optic,0,3,12,-0.0912352460079429,0.9172589297670203,High,Lost Cause
2750-BJLSB,47,103.7,One year,Fiber optic,0,5,12,-0.2083957834607075,0.28570762945854483,Low,Sleeping Dog
3648-GZPHF,32,36.25,One year,DSL,0,2,12,-0.0982252299922637,0.1085321580296878,Low,Sleeping Dog
2075-RMJIK,5,49.4,Month-to-month,DSL,0,1,1,-0.0610459924783757,0.1705637554148398,Low,Sleeping Dog
9588-YRFHY,49,19.9,Two year,No,0,0,24,0.2874015447877719,0.528739090011208,Medium,Persuadable
6394-MFYNG,48,107.4,Month-to-month,Fiber optic,1,4,1,-0.166649467447231,0.001367323827271535,Low,Sleeping Dog
1564-NTYXF,13,82.0,Month-to-month,Fiber optic,1,1,1,-0.1790572169820237,0.5101292512106655,Medium,Lost Cause
9364-YKUVW,15,19.8,Month-to-month,No,0,0,1,0.2940007085510896,0.6445563185060258,High,Persuadable
5392-AKEMH,12,45.05,Month-to-month,DSL,0,0,1,-0.0670780658691121,0.505984272490823,Medium,Lost Cause
2451-YMUXS,67,64.55,Two year,DSL,0,3,24,-0.0201595095099596,0.15800842418200314,Low,Sleeping Dog
3914-FDRHP,9,86.25,Month-to-month,Fiber optic,0,2,1,-0.1968089416703295,0.09923347345708959,Low,Sleeping Dog
3078-ZKNTS,13,19.75,Two year,No,0,0,24,0.2940007085510896,0.16110093833215486,Low,Sure Thing
1024-KPRBB,38,89.1,One year,Fiber optic,0,2,12,-0.1293775848663892,0.006200260055107582,Low,Sleeping Dog
4690-PKDQG,42,95.55,Month-to-month,Fiber optic,0,3,1,-0.179971184233154,0.6230374539304829,High,Lost Cause
8155-IBNHG,24,75.4,Month-to-month,Fiber optic,1,0,1,-0.2007841712984188,0.49603680780183446,Medium,Lost Cause
0886-QGENL,27,101.25,Month-to-month,Fiber optic,1,4,1,-0.1966215223983509,0.33490207128962485,Medium,Lost Cause
9547-ITEFG,9,102.6,Month-to-month,Fiber optic,0,4,1,-0.2392645662164286,0.046389116033791665,Low,Sleeping Dog
1264-FUHCX,49,56.3,One year,DSL,0,4,12,-0.0581369854213673,0.46752688858761315,Medium,Lost Cause
7789-CRUVC,61,94.2,Month-to-month,Fiber optic,0,4,1,-0.1022200704794469,0.12507078227532598,Low,Sleeping Dog
6598-KELSS,50,43.05,One year,DSL,0,3,12,0.2223842904319727,0.7709205922876227,High,Persuadable
8739-WWKDU,25,89.5,Month-to-month,Fiber optic,1,2,1,-0.174327303056771,0.10004628706852474,Low,Sleeping Dog
8685-WHQPW,22,74.4,Month-to-month,Fiber optic,1,0,1,-0.1543290004921723,0.5359955961826166,Medium,Lost Cause
4745-LSPLO,1,20.5,Month-to-month,No,1,0,1,0.2921349411193263,0.03387462684055165,Low,Sure Thing
8083-YTZES,4,74.35,Month-to-month,Fiber optic,1,0,1,-0.1514760666039072,0.9477077831087103,High,Lost Cause
7240-FQLHE,18,99.75,Month-to-month,Fiber optic,1,3,1,-0.1451353854304868,0.45719658629400467,Medium,Lost Cause
6664-FPDAC,56,111.95,One year,Fiber optic,1,5,12,-0.0771636017419425,0.09644922495689273,Low,Sleeping Dog
9972-VAFJJ,53,94.0,One year,Fiber optic,0,4,12,-0.1724720328848779,0.18088099427871185,Low,Sleeping Dog
0422-UXFAP,51,98.85,One year,Fiber optic,0,3,12,-0.1438067950500712,0.7496980887916814,High,Lost Cause
1904-WAJAA,24,64.35,Two year,DSL,0,3,24,-0.0636810894932372,0.4982900266394501,Medium,Lost Cause
5130-YPIRV,62,72.0,Two year,DSL,0,4,24,-0.111047583246267,0.2880451397998385,Low,Sleeping Dog
2843-CQMEG,24,49.7,Month-to-month,DSL,0,1,1,-0.0777843604360898,0.07117252692760738,Low,Sleeping Dog
6439-PKTRR,70,80.7,Two year,DSL,0,5,24,-0.0753079971339067,0.040159138532263904,Low,Sleeping Dog
5351-QESIO,1,24.2,Month-to-month,DSL,0,0,1,0.2921349411193263,0.48100367456939336,Medium,Persuadable
0786-VSSUD,16,39.0,Month-to-month,DSL,1,2,1,-0.1149981836147657,0.7015827360500397,High,Lost Cause
5568-DMXZS,8,65.45,Month-to-month,DSL,0,3,1,-0.0517920161544944,0.028615280426160905,Low,Sleeping Dog
8468-FZTOE,72,74.35,Two year,DSL,0,5,24,-0.0580581011787193,0.0030927316605615604,Low,Sleeping Dog
6633-SYEUS,23,83.2,Month-to-month,Fiber optic,0,3,1,-0.1084607479107555,0.6015906138901023,High,Lost Cause
6447-GORXK,31,25.0,Month-to-month,DSL,0,0,1,0.3734155772901217,0.0029512903992714944,Low,Sure Thing
6967-PEJLL,37,40.2,One year,DSL,0,3,12,-0.0982252299922637,0.06006979713179777,Low,Sleeping Dog
3976-BWUCK,30,94.1,Month-to-month,Fiber optic,1,3,1,-0.174327303056771,0.008751603851413927,Low,Sleeping Dog
5981-ZVXOT,35,108.35,One year,Fiber optic,0,5,12,-0.0062344415979059,0.08019772480277577,Low,Sleeping Dog
1684-FLBGS,23,69.5,Month-to-month,DSL,0,3,1,-0.1306816109971515,0.2396308614223377,Low,Sleeping Dog
1389-WNUIB,20,76.0,One year,DSL,0,3,12,-0.1760468981216644,0.3402382881378682,Medium,Lost Cause
0376-OIWME,36,93.6,Month-to-month,Fiber optic,0,3,1,-0.1293775848663892,0.1286720822894942,Low,Sleeping Dog
3585-ISXZP,8,95.65,Month-to-month,Fiber optic,1,2,1,-0.2022162943279775,0.5178528430715367,Medium,Lost Cause
0218-QNVAS,71,100.55,One year,Fiber optic,0,3,12,0.0933131160133102,0.595037668194856,Medium,Persuadable
6583-QGCSI,50,88.05,Month-to-month,Fiber optic,1,2,1,-0.174563831575506,0.03750166348823556,Low,Sleeping Dog
0804-YGEQV,43,24.45,One year,No,0,0,12,0.3248477833408759,0.027361590931753995,Low,Sure Thing
7164-BPTUT,57,89.55,Two year,DSL,0,6,24,-0.1444878533983221,0.02284867546924979,Low,Sleeping Dog
4174-LPGTI,41,66.5,One year,DSL,1,3,12,-0.0187313713028554,0.029498788310910646,Low,Sleeping Dog
2523-EWWZL,27,76.1,Month-to-month,Fiber optic,0,1,1,-0.2007841712984188,0.41184351806121566,Medium,Lost Cause
0928-XUTSN,13,80.5,Month-to-month,Fiber optic,0,1,1,-0.1790572169820237,0.0014015879622098903,Low,Sleeping Dog
2108-XWMPY,3,35.45,Month-to-month,DSL,1,2,1,-0.1264365802249314,0.005910084476174274,Low,Sleeping Dog
0052-YNYOT,67,20.55,One year,No,0,0,12,0.3020515521325539,0.4989143189832748,Medium,Persuadable
6304-IJFSQ,3,49.9,Month-to-month,DSL,1,1,1,-0.0610459924783757,0.15950467961267104,Low,Sleeping Dog
9586-JGQKH,64,105.4,Two year,Fiber optic,0,4,24,-0.1083259421588591,0.38351611624321347,Medium,Lost Cause
4501-VCPFK,26,35.75,Month-to-month,DSL,0,2,1,-0.1431749481826455,0.4226864472865309,Medium,Lost Cause
6075-SLNIL,38,95.1,Month-to-month,Fiber optic,0,3,1,-0.0730211827184882,0.0032696669918351844,Low,Sleeping Dog
9347-AERRL,23,19.3,One year,No,0,0,12,0.2905612171599642,0.058084753149094254,Low,Sure Thing
0093-XWZFY,40,104.5,Month-to-month,Fiber optic,1,4,1,-0.1213364826719196,0.4836872151467467,Medium,Lost Cause
2274-XUATA,72,63.1,Two year,DSL,0,6,24,0.0009744093797034,0.35774428514754986,Medium,Persuadable
1980-KXVPM,3,75.05,Month-to-month,Fiber optic,1,0,1,-0.0623776027790588,0.12919441040712806,Low,Sleeping Dog
7703-ZEKEF,23,81.0,Month-to-month,Fiber optic,1,1,1,-0.1715788964473599,0.5610987462409728,Medium,Lost Cause
0723-DRCLG,1,74.45,Month-to-month,Fiber optic,1,0,1,-1.013743571944793,0.40784867167699623,Medium,Lost Cause
5482-NUPNA,4,60.4,Month-to-month,DSL,1,3,1,0.0130287779335258,0.0777824910760457,Low,Sure Thing
6691-CCIHA,62,84.95,Two year,DSL,0,5,24,-0.1427051488034974,0.1411524429765841,Low,Sleeping Dog
1685-BQULA,40,93.4,Month-to-month,Fiber optic,0,3,1,-0.1293775848663892,0.04965831830346703,Low,Sleeping Dog
9053-EJUNL,41,89.2,Month-to-month,Fiber optic,0,2,1,-0.1293775848663892,0.010747696011817917,Low,Sleeping Dog
0666-UXTJO,34,85.2,Month-to-month,Fiber optic,0,2,1,-0.1822878919884275,0.31436518417945253,Medium,Lost Cause
1471-GIQKQ,1,49.95,Month-to-month,DSL,0,1,1,0.0003955187389117,0.010701411732948501,Low,Sure Thing
4807-IZYOZ,51,20.65,Two year,No,0,0,24,0.3014756659550562,0.4879530981764723,Medium,Persuadable
1122-JWTJW,1,70.65,Month-to-month,Fiber optic,1,0,1,-0.5765863015622662,0.6944356245631117,High,Lost Cause
9710-NJERN,39,20.15,Two year,No,0,0,24,0.3107736621735916,0.004851670386886854,Low,Sure Thing
9837-FWLCH,12,19.2,Month-to-month,No,0,0,1,0.3137916162845418,0.008626014265087965,Low,Sure Thing
1699-HPSBG,12,59.8,One year,DSL,1,2,12,0.0307366483365898,0.011759551396489884,Low,Sure Thing
7203-OYKCT,72,104.95,One year,Fiber optic,0,4,12,-0.0443776791252743,0.05497547868866152,Low,Sleeping Dog
1035-IPQPU,63,103.5,Month-to-month,Fiber optic,0,4,1,-0.1812382690737652,0.09548333597799791,Low,Sleeping Dog
7398-LXGYX,44,84.8,Month-to-month,Fiber optic,0,2,1,-0.1391934439699387,0.07601217479767514,Low,Sleeping Dog
2823-LKABH,18,95.05,Month-to-month,Fiber optic,0,3,1,-0.0897941363409901,0.19938078236741674,Low,Sleeping Dog
8775-CEBBJ,9,44.2,Month-to-month,DSL,1,0,1,-0.0787174189653582,0.9463996320416003,High,Lost Cause
0550-DCXLH,13,73.35,Month-to-month,DSL,0,4,1,-0.1613766486875465,0.02689727088665078,Low,Sleeping Dog
9281-CEDRU,68,64.1,Two year,DSL,0,3,24,-0.0019232938436765,0.05540721312740123,Low,Sleeping Dog
2235-DWLJU,6,44.4,Month-to-month,DSL,0,2,1,-0.0787174189653582,0.14283664688543798,Low,Sleeping Dog
0871-OPBXW,2,20.05,Month-to-month,No,0,0,1,0.2794055859435885,0.007038964678831313,Low,Sure Thing
3605-JISKB,55,60.0,One year,DSL,0,2,12,-0.0309115193269262,0.21019097434603273,Low,Sleeping Dog
6894-LFHLY,1,75.75,Month-to-month,Fiber optic,1,0,1,-0.3364827905478125,0.5193710510563597,Medium,Lost Cause
9767-FFLEM,38,69.5,Month-to-month,Fiber optic,0,0,1,-0.1104691659835242,0.2933463384152339,Low,Sleeping Dog
0639-TSIQW,67,102.95,Month-to-month,Fiber optic,1,4,1,-0.3570074751268369,0.05286437289208682,Low,Sleeping Dog
8456-QDAVC,19,78.7,Month-to-month,Fiber optic,0,1,1,-0.1726074067305389,0.48239639147323815,Medium,Lost Cause
7750-EYXWZ,12,60.65,One year,DSL,0,5,12,0.0307366483365898,0.07824176232482939,Low,Sure Thing
2569-WGERO,72,21.15,Two year,No,0,0,24,0.3087056166015536,0.0032666789497478328,Low,Sure Thing
6840-RESVB,24,84.8,One year,DSL,0,5,12,-0.1841431621603205,0.004254087184066404,Low,Sleeping Dog
2234-XADUH,72,103.2,One year,Fiber optic,0,4,12,-0.1479592252606814,0.0029385612720573,Low,Sleeping Dog
4801-JZAZL,11,29.6,Month-to-month,DSL,0,1,1,-0.0726712688079196,0.008436270537322344,Low,Sleeping Dog
8361-LTMKD,4,74.4,Month-to-month,Fiber optic,1,0,1,-0.1514760666039072,0.0998122777718418,Low,Sleeping Dog
3186-AJIEK,66,105.65,Two year,Fiber optic,0,5,24,-0.1083259421588591,0.492571023809734,Medium,Lost Cause
